"","CpG_chr","CpG_start","CpG_stop","ICR_chr","ICR_start","ICR_stop","CpG_Probe","ICR_id"
"1","chr1",629120,629121,"chr1",628958,630792,"cg26679879_TC11","ICR_2"
"2","chr1",629123,629124,"chr1",628958,630792,"cg22519184_BC11","ICR_2"
"3","chr1",630791,630792,"chr1",628958,630792,"cg15174812_TC21","ICR_2"
"4","chr1",4600110,4600111,"chr1",4600058,4600405,"cg16906964_BC21","ICR_13"
"5","chr1",10683158,10683159,"chr1",10682901,10683413,"cg13428086_BC21","ICR_20"
"6","chr1",16164295,16164296,"chr1",16164022,16164515,"cg09414948_TC11","ICR_22"
"7","chr1",16164295,16164296,"chr1",16164022,16164515,"cg09414948_TC12","ICR_22"
"8","chr1",17569794,17569795,"chr1",17569677,17570146,"cg17285883_TC21","ICR_23"
"9","chr1",19643255,19643256,"chr1",19643227,19643530,"cg15317859_TC21","ICR_24"
"10","chr1",19643316,19643317,"chr1",19643227,19643530,"cg09309058_TC21","ICR_24"
"11","chr1",19643436,19643437,"chr1",19643227,19643530,"cg21813747_TC21","ICR_24"
"12","chr1",19643495,19643496,"chr1",19643227,19643530,"cg14699309_TC21","ICR_24"
"13","chr1",19643529,19643530,"chr1",19643227,19643530,"cg22767145_TC21","ICR_24"
"14","chr1",31587049,31587050,"chr1",31586948,31587065,"cg17945560_BC11","ICR_30"
"15","chr1",32471394,32471395,"chr1",32471039,32471395,"cg12419176_BC11","ICR_32"
"16","chr1",32886987,32886988,"chr1",32886987,32887301,"cg26524353_BC11","ICR_33"
"17","chr1",39559298,39559299,"chr1",39559035,39559674,"cg10243676_BC21","ICR_40"
"18","chr1",39559559,39559560,"chr1",39559035,39559674,"cg11704876_TC11","ICR_40"
"19","chr1",41423634,41423635,"chr1",41423556,41423666,"cg11706129_TC11","ICR_41"
"20","chr1",53146349,53146350,"chr1",53145867,53146595,"cg09503816_BC21","ICR_44"
"21","chr1",68046966,68046967,"chr1",68046821,68047535,"cg24871743_BC21","ICR_46"
"22","chr1",68047093,68047094,"chr1",68046821,68047535,"cg22901840_TC21","ICR_46"
"23","chr1",68047123,68047124,"chr1",68046821,68047535,"cg20149168_TC21","ICR_46"
"24","chr1",68047161,68047162,"chr1",68046821,68047535,"cg13697378_BC11","ICR_46"
"25","chr1",68047287,68047288,"chr1",68046821,68047535,"cg09118625_BC21","ICR_46"
"26","chr1",68050188,68050189,"chr1",68049857,68051097,"cg17943391_TC21","ICR_47"
"27","chr1",68050293,68050294,"chr1",68049857,68051097,"cg19114595_TC21","ICR_47"
"28","chr1",68050396,68050397,"chr1",68049857,68051097,"cg12070746_TC21","ICR_47"
"29","chr1",68050409,68050410,"chr1",68049857,68051097,"cg11465163_TC21","ICR_47"
"30","chr1",68050454,68050455,"chr1",68049857,68051097,"cg25755905_TC21","ICR_47"
"31","chr1",68050588,68050589,"chr1",68049857,68051097,"cg22500004_TC21","ICR_47"
"32","chr1",68050690,68050691,"chr1",68049857,68051097,"cg19694923_BC11","ICR_47"
"33","chr1",68050788,68050789,"chr1",68049857,68051097,"cg16682227_BC11","ICR_47"
"34","chr1",68050788,68050789,"chr1",68049857,68051097,"cg16682227_BC12","ICR_47"
"35","chr1",68050943,68050944,"chr1",68049857,68051097,"cg12986021_BC21","ICR_47"
"36","chr1",68050943,68050944,"chr1",68049857,68051097,"cg12986021_BC22","ICR_47"
"37","chr1",68051029,68051030,"chr1",68049857,68051097,"cg13099417_BC21","ICR_47"
"38","chr1",68051493,68051494,"chr1",68051238,68051861,"cg27545611_BC11","ICR_48"
"39","chr1",68051521,68051522,"chr1",68051238,68051861,"cg16148134_BC11","ICR_48"
"40","chr1",68051571,68051572,"chr1",68051238,68051861,"cg13605615_TC21","ICR_48"
"41","chr1",68051589,68051590,"chr1",68051238,68051861,"cg10038185_BC11","ICR_48"
"42","chr1",68051752,68051753,"chr1",68051238,68051861,"cg14230016_TC11","ICR_48"
"43","chr1",68051778,68051779,"chr1",68051238,68051861,"cg14059179_TC11","ICR_48"
"44","chr1",77687617,77687618,"chr1",77687509,77687630,"cg17711265_BC11","ICR_51"
"45","chr1",77687617,77687618,"chr1",77687509,77687630,"cg17711265_BC12","ICR_51"
"46","chr1",91387515,91387516,"chr1",91387425,91387588,"cg22169042_BC21","ICR_53"
"47","chr1",91387531,91387532,"chr1",91387425,91387588,"cg20256120_TC21","ICR_53"
"48","chr1",91387531,91387532,"chr1",91387425,91387588,"cg20256120_TC22","ICR_53"
"49","chr1",116642747,116642748,"chr1",116641651,116642769,"cg21203998_BC21","ICR_55"
"50","chr1",157279159,157279160,"chr1",157278909,157279545,"cg18938392_TC11","ICR_66"
"51","chr1",157279540,157279541,"chr1",157278909,157279545,"cg17019473_BC21","ICR_66"
"52","chr1",168056310,168056311,"chr1",168056306,168056468,"cg25738037_TC11","ICR_73"
"53","chr1",168056313,168056314,"chr1",168056306,168056468,"cg24449463_TC11","ICR_73"
"54","chr1",175505334,175505335,"chr1",175505314,175505505,"cg20164016_BC21","ICR_74"
"55","chr1",175505396,175505397,"chr1",175505314,175505505,"cg24861859_TC21","ICR_74"
"56","chr1",175505396,175505397,"chr1",175505314,175505505,"cg24861859_TC22","ICR_74"
"57","chr1",203861071,203861072,"chr1",203861023,203861206,"cg11405475_BC11","ICR_79"
"58","chr1",204830759,204830760,"chr1",204829544,204831249,"cg14181289_TC21","ICR_80"
"59","chr1",227558409,227558410,"chr1",227558328,227558593,"cg21436055_TC21","ICR_84"
"60","chr1",227558592,227558593,"chr1",227558328,227558593,"cg22344745_TC11","ICR_84"
"61","chr1",228470944,228470945,"chr1",228470748,228471025,"cg11336382_TC21","ICR_86"
"62","chr1",228620966,228620967,"chr1",228620966,228621017,"cg16512390_BC11","ICR_89"
"63","chr1",234231746,234231747,"chr1",234231621,234231851,"cg23445321_TC21","ICR_98"
"64","chr1",234231839,234231840,"chr1",234231621,234231851,"cg24723561_BC21","ICR_98"
"65","chr1",234955860,234955861,"chr1",234955628,234956306,"cg17558788_BC21","ICR_100"
"66","chr1",240493285,240493286,"chr1",240492940,240493380,"cg22879626_BC21","ICR_102"
"67","chr1",240493285,240493286,"chr1",240492940,240493380,"cg22879626_BC22","ICR_102"
"68","chr1",243101539,243101540,"chr1",243101534,243101819,"cg24502334_BC11","ICR_103"
"69","chr1",243101539,243101540,"chr1",243101534,243101819,"cg24502334_BC12","ICR_103"
"70","chr1",243916811,243916812,"chr1",243916706,243916919,"cg18085407_BC21","ICR_104"
"71","chr1",244729681,244729682,"chr1",244729464,244729883,"cg12726120_BC21","ICR_106"
"72","chr1",247518136,247518137,"chr1",247518136,247518222,"cg21399703_TC11","ICR_108"
"73","chr1",247518136,247518137,"chr1",247518136,247518222,"cg21399703_TC12","ICR_108"
"74","chr1",247530968,247530969,"chr1",247530968,247531234,"cg12754571_TC11","ICR_109"
"75","chr1",247530972,247530973,"chr1",247530968,247531234,"cg12758973_BC11","ICR_109"
"76","chr1",248692154,248692155,"chr1",248692087,248692168,"cg21411898_TC11","ICR_110"
"77","chr1",248692154,248692155,"chr1",248692087,248692168,"cg21411898_TC12","ICR_110"
"78","chr2",636605,636606,"chr2",636481,636639,"cg14515364_BC11","ICR_112"
"79","chr2",26728604,26728605,"chr2",26728574,26728788,"cg16842187_TC21","ICR_115"
"80","chr2",26728604,26728605,"chr2",26728574,26728788,"cg16842187_TC22","ICR_115"
"81","chr2",31581481,31581482,"chr2",31581450,31581676,"cg11765362_TC11","ICR_117"
"82","chr2",36240555,36240556,"chr2",36240517,36240688,"cg26336642_BC21","ICR_118"
"83","chr2",36240555,36240556,"chr2",36240517,36240688,"cg26336642_BC22","ICR_118"
"84","chr2",39243886,39243887,"chr2",39243624,39244106,"cg12302982_BC11","ICR_119"
"85","chr2",39244040,39244041,"chr2",39243624,39244106,"cg27343456_BC11","ICR_119"
"86","chr2",42961799,42961800,"chr2",42961750,42962095,"cg21514164_TC11","ICR_120"
"87","chr2",44947692,44947693,"chr2",44947692,44949267,"cg09604283_BC21","ICR_122"
"88","chr2",44948741,44948742,"chr2",44947692,44949267,"cg22385702_TC21","ICR_122"
"89","chr2",44948741,44948742,"chr2",44947692,44949267,"cg22385702_TC22","ICR_122"
"90","chr2",54290171,54290172,"chr2",54289849,54290281,"cg18959907_BC11","ICR_125"
"91","chr2",54290244,54290245,"chr2",54289849,54290281,"cg16408679_TC21","ICR_125"
"92","chr2",91940845,91940846,"chr2",91940730,91945010,"cg10669191_TC21","ICR_131"
"93","chr2",105237068,105237069,"chr2",105236990,105237239,"cg27422857_TC21","ICR_137"
"94","chr2",105237214,105237215,"chr2",105236990,105237239,"cg26874229_BC11","ICR_137"
"95","chr2",119350168,119350169,"chr2",119350053,119351113,"cg23562675_TC21","ICR_142"
"96","chr2",119350329,119350330,"chr2",119350053,119351113,"cg24610061_BC21","ICR_142"
"97","chr2",120526224,120526225,"chr2",120526145,120526533,"cg18881174_TC21","ICR_144"
"98","chr2",120526478,120526479,"chr2",120526145,120526533,"cg19353659_BC21","ICR_144"
"99","chr2",127695685,127695686,"chr2",127695525,127695730,"cg25223285_TC21","ICR_146"
"100","chr2",128493728,128493729,"chr2",128493616,128493806,"cg27424326_BC21","ICR_147"
"101","chr2",128901845,128901846,"chr2",128901752,128902169,"cg12948059_TC21","ICR_149"
"102","chr2",128902107,128902108,"chr2",128901752,128902169,"cg18478731_BC21","ICR_149"
"103","chr2",130037179,130037180,"chr2",130036982,130037204,"cg25239986_TC11","ICR_151"
"104","chr2",130038008,130038009,"chr2",130037807,130038132,"cg18480627_BC11","ICR_152"
"105","chr2",131724039,131724040,"chr2",131724039,131724118,"cg17854650_BC11","ICR_154"
"106","chr2",162243265,162243266,"chr2",162243084,162244421,"cg26070301_BC21","ICR_159"
"107","chr2",162243478,162243479,"chr2",162243084,162244421,"cg11451912_BC21","ICR_159"
"108","chr2",162243614,162243615,"chr2",162243084,162244421,"cg08826839_TC21","ICR_159"
"109","chr2",162244001,162244002,"chr2",162243084,162244421,"cg20838429_BC21","ICR_159"
"110","chr2",162244420,162244421,"chr2",162243084,162244421,"cg24560783_BC21","ICR_159"
"111","chr2",163026377,163026378,"chr2",163026309,163026448,"cg14688113_TC11","ICR_160"
"112","chr2",173217372,173217373,"chr2",173217298,173217391,"cg22854985_TC11","ICR_161"
"113","chr2",181574335,181574336,"chr2",181574335,181575348,"cg12654250_TC21","ICR_163"
"114","chr2",181575345,181575346,"chr2",181574335,181575348,"cg18357804_BC21","ICR_163"
"115","chr2",201139603,201139604,"chr2",201139398,201139980,"cg24845267_BC21","ICR_164"
"116","chr2",201139710,201139711,"chr2",201139398,201139980,"cg23614914_BC21","ICR_164"
"117","chr2",201139913,201139914,"chr2",201139398,201139980,"cg10661464_BC21","ICR_164"
"118","chr2",201139925,201139926,"chr2",201139398,201139980,"cg16198734_BC21","ICR_164"
"119","chr2",206251345,206251346,"chr2",206250432,206252905,"cg25535070_BC21","ICR_165"
"120","chr2",206253528,206253529,"chr2",206253063,206254113,"cg20471298_TC21","ICR_166"
"121","chr2",206260294,206260295,"chr2",206258595,206260336,"cg15093040_BC21","ICR_169"
"122","chr2",206260335,206260336,"chr2",206258595,206260336,"cg17133012_TC21","ICR_169"
"123","chr2",206262501,206262502,"chr2",206262499,206263975,"cg25307915_TC21","ICR_171"
"124","chr2",206262639,206262640,"chr2",206262499,206263975,"cg19366042_BC21","ICR_171"
"125","chr2",206264433,206264434,"chr2",206264111,206264458,"cg09448460_BC21","ICR_172"
"126","chr2",218890093,218890094,"chr2",218890038,218890255,"cg14663607_TC21","ICR_177"
"127","chr2",218890117,218890118,"chr2",218890038,218890255,"cg26449951_TC11","ICR_177"
"128","chr2",230849989,230849990,"chr2",230849888,230849990,"cg10817554_TC21","ICR_179"
"129","chr2",232409942,232409943,"chr2",232409724,232409943,"cg16700265_TC21","ICR_181"
"130","chr2",235503389,235503390,"chr2",235503241,235503454,"cg11045331_TC11","ICR_183"
"131","chr2",237156608,237156609,"chr2",237156449,237156745,"cg18339598_BC11","ICR_186"
"132","chr2",241901669,241901670,"chr2",241901655,241902337,"cg27404186_TC11","ICR_187"
"133","chr2",241901669,241901670,"chr2",241901655,241902337,"cg27404186_TC12","ICR_187"
"134","chr2",241902022,241902023,"chr2",241901655,241902337,"cg18896979_TC21","ICR_187"
"135","chr2",241902724,241902725,"chr2",241902452,241902725,"cg11685162_BC21","ICR_188"
"136","chr2",241936520,241936521,"chr2",241936451,241936540,"cg19506677_BC11","ICR_189"
"137","chr2",242088486,242088487,"chr2",242088454,242088503,"cg09328330_TC11","ICR_190"
"138","chr3",14366468,14366469,"chr3",14366358,14366571,"cg18990612_BC21","ICR_194"
"139","chr3",15333026,15333027,"chr3",15333008,15333079,"cg15145672_BC21","ICR_195"
"140","chr3",24303491,24303492,"chr3",24303491,24303789,"cg13593622_BC21","ICR_197"
"141","chr3",28200634,28200635,"chr3",28200465,28200710,"cg22611057_BC11","ICR_198"
"142","chr3",39502834,39502835,"chr3",39502700,39502946,"cg24050474_TC21","ICR_200"
"143","chr3",42936352,42936353,"chr3",42936228,42936568,"cg27084712_BC21","ICR_201"
"144","chr3",42936396,42936397,"chr3",42936228,42936568,"cg11303738_TC21","ICR_201"
"145","chr3",42936403,42936404,"chr3",42936228,42936568,"cg22714811_BC21","ICR_201"
"146","chr3",42936533,42936534,"chr3",42936228,42936568,"cg21104412_BC21","ICR_201"
"147","chr3",46558753,46558754,"chr3",46558603,46558922,"cg24524379_BC11","ICR_203"
"148","chr3",71694474,71694475,"chr3",71694474,71695649,"cg25649781_TC21","ICR_208"
"149","chr3",71695351,71695352,"chr3",71694474,71695649,"cg14855654_BC21","ICR_208"
"150","chr3",72929068,72929069,"chr3",72928977,72929098,"cg16580556_BC21","ICR_209"
"151","chr3",96776806,96776807,"chr3",96776773,96777017,"cg19597498_TC11","ICR_211"
"152","chr3",96776952,96776953,"chr3",96776773,96777017,"cg16506114_BC21","ICR_211"
"153","chr3",105882522,105882523,"chr3",105882522,105882796,"cg23275390_BC21","ICR_212"
"154","chr3",122660814,122660815,"chr3",122660741,122660862,"cg15604389_BC21","ICR_214"
"155","chr3",122660838,122660839,"chr3",122660741,122660862,"cg17380795_BC11","ICR_214"
"156","chr3",122660838,122660839,"chr3",122660741,122660862,"cg17380795_BC12","ICR_214"
"157","chr3",122660861,122660862,"chr3",122660741,122660862,"cg24850323_BC11","ICR_214"
"158","chr3",128653719,128653720,"chr3",128653426,128653781,"cg20076186_BC11","ICR_218"
"159","chr3",132137138,132137139,"chr3",132137119,132137290,"cg08982952_BC11","ICR_220"
"160","chr3",133472425,133472426,"chr3",133472370,133472539,"cg15486454_BC21","ICR_221"
"161","chr3",133783832,133783833,"chr3",133783814,133783983,"cg17952877_TC11","ICR_222"
"162","chr3",147297904,147297905,"chr3",147297675,147298367,"cg12605294_BC21","ICR_227"
"163","chr3",147297904,147297905,"chr3",147297675,147298367,"cg12605294_BC22","ICR_227"
"164","chr3",147298119,147298120,"chr3",147297675,147298367,"cg24353088_TC21","ICR_227"
"165","chr3",156120835,156120836,"chr3",156120780,156120929,"cg23873703_TC21","ICR_229"
"166","chr3",156120835,156120836,"chr3",156120780,156120929,"cg23873703_TC22","ICR_229"
"167","chr3",190965258,190965259,"chr3",190964767,190965274,"cg12750276_TC11","ICR_231"
"168","chr4",1051008,1051009,"chr4",1050913,1051080,"cg27284194_TC21","ICR_238"
"169","chr4",2463595,2463596,"chr4",2463492,2463856,"cg27288240_TC21","ICR_243"
"170","chr4",2463723,2463724,"chr4",2463492,2463856,"cg15717375_TC21","ICR_243"
"171","chr4",3744715,3744716,"chr4",3744715,3744881,"cg21739816_TC21","ICR_245"
"172","chr4",3744715,3744716,"chr4",3744715,3744881,"cg21739816_TC22","ICR_245"
"173","chr4",4669127,4669128,"chr4",4669026,4669135,"cg11688944_BC21","ICR_248"
"174","chr4",6105611,6105612,"chr4",6105592,6105924,"cg22098660_BC21","ICR_250"
"175","chr4",6105905,6105906,"chr4",6105592,6105924,"cg21003654_BC21","ICR_250"
"176","chr4",39406795,39406796,"chr4",39406795,39407320,"cg25064910_BC21","ICR_254"
"177","chr4",39406795,39406796,"chr4",39406795,39407320,"cg25064910_BC22","ICR_254"
"178","chr4",39406797,39406798,"chr4",39406795,39407320,"cg22953731_TC21","ICR_254"
"179","chr4",39406834,39406835,"chr4",39406795,39407320,"cg14278514_TC21","ICR_254"
"180","chr4",39407044,39407045,"chr4",39406795,39407320,"cg21880903_BC21","ICR_254"
"181","chr4",39407090,39407091,"chr4",39406795,39407320,"cg20818807_BC21","ICR_254"
"182","chr4",41876101,41876102,"chr4",41876101,41876861,"cg18779296_BC21","ICR_255"
"183","chr4",41876721,41876722,"chr4",41876101,41876861,"cg23233843_BC21","ICR_255"
"184","chr4",48482770,48482771,"chr4",48482620,48482980,"cg19123916_TC21","ICR_256"
"185","chr4",62816674,62816675,"chr4",62816668,62816883,"cg15371026_BC11","ICR_270"
"186","chr4",73981992,73981993,"chr4",73981862,73981993,"cg21043213_BC21","ICR_271"
"187","chr4",75886389,75886390,"chr4",75886199,75886450,"cg17445155_BC11","ICR_272"
"188","chr4",75886423,75886424,"chr4",75886199,75886450,"cg25936223_BC21","ICR_272"
"189","chr4",81154058,81154059,"chr4",81153934,81154202,"cg09390319_BC11","ICR_273"
"190","chr4",82758991,82758992,"chr4",82758739,82759068,"cg16425726_BC11","ICR_274"
"191","chr4",88697259,88697260,"chr4",88697243,88698085,"cg17635114_BC11","ICR_275"
"192","chr4",88697485,88697486,"chr4",88697243,88698085,"cg12759554_TC21","ICR_275"
"193","chr4",88697709,88697710,"chr4",88697243,88698085,"cg27150681_TC11","ICR_275"
"194","chr4",88697878,88697879,"chr4",88697243,88698085,"cg18607468_BC11","ICR_275"
"195","chr4",88697886,88697887,"chr4",88697243,88698085,"cg11300971_TC11","ICR_275"
"196","chr4",88697886,88697887,"chr4",88697243,88698085,"cg11300971_TC12","ICR_275"
"197","chr4",88697899,88697900,"chr4",88697243,88698085,"cg19151808_BC11","ICR_275"
"198","chr4",88697933,88697934,"chr4",88697243,88698085,"cg13610072_BC21","ICR_275"
"199","chr4",121932809,121932810,"chr4",121932564,121932847,"cg18474934_TC21","ICR_278"
"200","chr4",154781778,154781779,"chr4",154781726,154782004,"cg19340941_TC11","ICR_282"
"201","chr4",184097324,184097325,"chr4",184097250,184097401,"cg17069313_BC11","ICR_287"
"202","chr5",415459,415460,"chr5",415357,415697,"cg08916839_BC11","ICR_298"
"203","chr5",415613,415614,"chr5",415357,415697,"cg24955955_BC21","ICR_298"
"204","chr5",415613,415614,"chr5",415357,415697,"cg24955955_BC22","ICR_298"
"205","chr5",562199,562200,"chr5",562043,562200,"cg16447950_BC11","ICR_299"
"206","chr5",1245786,1245787,"chr5",1245746,1245898,"cg09075844_TC21","ICR_301"
"207","chr5",1295853,1295854,"chr5",1295799,1295873,"cg17166338_TC21","ICR_302"
"208","chr5",1725022,1725023,"chr5",1724999,1725304,"cg15671987_BC11","ICR_303"
"209","chr5",1725022,1725023,"chr5",1724999,1725304,"cg15671987_BC12","ICR_303"
"210","chr5",8457242,8457243,"chr5",8457194,8457623,"cg26423185_TC21","ICR_306"
"211","chr5",8457485,8457486,"chr5",8457194,8457623,"cg18269595_TC21","ICR_306"
"212","chr5",8457607,8457608,"chr5",8457194,8457623,"cg18371052_BC11","ICR_306"
"213","chr5",28928050,28928051,"chr5",28927611,28928264,"cg11015470_TC11","ICR_308"
"214","chr5",28928238,28928239,"chr5",28927611,28928264,"cg22863700_TC11","ICR_308"
"215","chr5",54985507,54985508,"chr5",54985353,54985551,"cg20451680_TC21","ICR_314"
"216","chr5",54985533,54985534,"chr5",54985353,54985551,"cg20673840_TC11","ICR_314"
"217","chr5",54985533,54985534,"chr5",54985353,54985551,"cg20673840_TC12","ICR_314"
"218","chr5",79070006,79070007,"chr5",79070006,79070129,"cg26759351_BC21","ICR_318"
"219","chr5",93078691,93078692,"chr5",93078598,93078980,"cg18783429_BC21","ICR_320"
"220","chr5",98839662,98839663,"chr5",98839609,98839686,"cg16527418_TC11","ICR_322"
"221","chr5",101783715,101783716,"chr5",101783626,101784015,"cg18665594_BC21","ICR_323"
"222","chr5",101783861,101783862,"chr5",101783626,101784015,"cg10455971_TC21","ICR_323"
"223","chr5",110894287,110894288,"chr5",110894250,110894443,"cg18755531_TC11","ICR_324"
"224","chr5",136079168,136079169,"chr5",136079155,136079563,"cg11852404_TC21","ICR_326"
"225","chr5",136079439,136079440,"chr5",136079155,136079563,"cg16684184_TC21","ICR_326"
"226","chr5",136080091,136080092,"chr5",136079901,136080957,"cg13581155_TC21","ICR_327"
"227","chr5",136080129,136080130,"chr5",136079901,136080957,"cg11978884_BC21","ICR_327"
"228","chr5",136080258,136080259,"chr5",136079901,136080957,"cg11608150_TC11","ICR_327"
"229","chr5",136080641,136080642,"chr5",136079901,136080957,"cg18678645_BC11","ICR_327"
"230","chr5",136080704,136080705,"chr5",136079901,136080957,"cg26328633_BC11","ICR_327"
"231","chr5",136080708,136080709,"chr5",136079901,136080957,"cg25340688_TC11","ICR_327"
"232","chr5",136080708,136080709,"chr5",136079901,136080957,"cg25340688_TC12","ICR_327"
"233","chr5",136080715,136080716,"chr5",136079901,136080957,"cg26896946_BC11","ICR_327"
"234","chr5",136080715,136080716,"chr5",136079901,136080957,"cg26896946_BC12","ICR_327"
"235","chr5",136080839,136080840,"chr5",136079901,136080957,"cg08745965_TC21","ICR_327"
"236","chr5",136080923,136080924,"chr5",136079901,136080957,"cg18797653_BC21","ICR_327"
"237","chr5",140808806,140808807,"chr5",140808751,140808810,"cg17459023_TC11","ICR_330"
"238","chr5",140829904,140829905,"chr5",140829824,140830061,"cg21887309_BC11","ICR_332"
"239","chr5",141304199,141304200,"chr5",141304190,141304290,"cg27320005_TC11","ICR_337"
"240","chr5",141332641,141332642,"chr5",141332571,141332739,"cg18835078_TC11","ICR_338"
"241","chr5",141339734,141339735,"chr5",141339674,141339766,"cg10933186_TC11","ICR_339"
"242","chr5",141384734,141384735,"chr5",141384676,141384771,"cg23211470_BC21","ICR_343"
"243","chr5",141384766,141384767,"chr5",141384676,141384771,"cg08627972_TC21","ICR_343"
"244","chr5",141384770,141384771,"chr5",141384676,141384771,"cg08627973_BC21","ICR_343"
"245","chr5",141441692,141441693,"chr5",141441692,141441739,"cg08629426_TC11","ICR_344"
"246","chr5",141441708,141441709,"chr5",141441692,141441739,"cg08629427_TO11","ICR_344"
"247","chr5",148320821,148320822,"chr5",148320800,148320873,"cg08684432_TC11","ICR_345"
"248","chr5",148320828,148320829,"chr5",148320800,148320873,"cg08684433_TC11","ICR_345"
"249","chr5",148320838,148320839,"chr5",148320800,148320873,"cg08684434_BC21","ICR_345"
"250","chr5",148320847,148320848,"chr5",148320800,148320873,"cg08684436_TC21","ICR_345"
"251","chr5",148320872,148320873,"chr5",148320800,148320873,"cg08684437_TC21","ICR_345"
"252","chr5",156850566,156850567,"chr5",156850520,156850587,"cg08756569_BC21","ICR_346"
"253","chr5",156850572,156850573,"chr5",156850520,156850587,"cg08756570_TC21","ICR_346"
"254","chr5",156850575,156850576,"chr5",156850520,156850587,"cg10514093_BC21","ICR_346"
"255","chr5",157690442,157690443,"chr5",157690421,157690546,"cg08765034_TC11","ICR_347"
"256","chr5",157690458,157690459,"chr5",157690421,157690546,"cg08765036_TC11","ICR_347"
"257","chr5",157690504,157690505,"chr5",157690421,157690546,"cg14444751_TC11","ICR_347"
"258","chr5",157690842,157690843,"chr5",157690809,157691003,"cg08765068_TC11","ICR_348"
"259","chr5",157690851,157690852,"chr5",157690809,157691003,"cg08765069_TC11","ICR_348"
"260","chr5",157690891,157690892,"chr5",157690809,157691003,"cg08765071_TC21","ICR_348"
"261","chr5",157690918,157690919,"chr5",157690809,157691003,"cg08765074_BC11","ICR_348"
"262","chr5",157690928,157690929,"chr5",157690809,157691003,"cg08765075_BC11","ICR_348"
"263","chr5",157690949,157690950,"chr5",157690809,157691003,"cg24358397_BC21","ICR_348"
"264","chr5",157690990,157690991,"chr5",157690809,157691003,"cg08765076_BC11","ICR_348"
"265","chr5",157691002,157691003,"chr5",157690809,157691003,"cg08765077_TC21","ICR_348"
"266","chr5",169636915,169636916,"chr5",169636667,169636916,"cg08858433_TC21","ICR_350"
"267","chr5",170252001,170252002,"chr5",170252001,170253184,"cg08863774_BC21","ICR_351"
"268","chr5",170252073,170252074,"chr5",170252001,170253184,"cg13099085_BC21","ICR_351"
"269","chr5",170252104,170252105,"chr5",170252001,170253184,"cg08863776_TC21","ICR_351"
"270","chr5",170252246,170252247,"chr5",170252001,170253184,"cg08863778_BC21","ICR_351"
"271","chr5",170252470,170252471,"chr5",170252001,170253184,"cg08863779_TC21","ICR_351"
"272","chr5",170252486,170252487,"chr5",170252001,170253184,"cg08863780_TC21","ICR_351"
"273","chr5",170252692,170252693,"chr5",170252001,170253184,"cg08863781_TC21","ICR_351"
"274","chr5",170252852,170252853,"chr5",170252001,170253184,"cg08863782_BO11","ICR_351"
"275","chr5",170252930,170252931,"chr5",170252001,170253184,"cg08863783_TC21","ICR_351"
"276","chr5",170252942,170252943,"chr5",170252001,170253184,"cg08863784_TC21","ICR_351"
"277","chr5",170253127,170253128,"chr5",170252001,170253184,"cg08863785_TC21","ICR_351"
"278","chr5",170253143,170253144,"chr5",170252001,170253184,"cg08863787_BC11","ICR_351"
"279","chr5",170253143,170253144,"chr5",170252001,170253184,"cg08863787_BC12","ICR_351"
"280","chr5",171319040,171319041,"chr5",171319024,171319892,"cg08873947_TC21","ICR_352"
"281","chr5",171319128,171319129,"chr5",171319024,171319892,"cg08873948_BC11","ICR_352"
"282","chr5",171319128,171319129,"chr5",171319024,171319892,"cg08873948_BC12","ICR_352"
"283","chr5",171319160,171319161,"chr5",171319024,171319892,"cg08873949_BC21","ICR_352"
"284","chr5",171319229,171319230,"chr5",171319024,171319892,"cg08873950_BC21","ICR_352"
"285","chr5",171319420,171319421,"chr5",171319024,171319892,"cg08873951_BC21","ICR_352"
"286","chr5",171319477,171319478,"chr5",171319024,171319892,"cg08873952_BC21","ICR_352"
"287","chr5",171319485,171319486,"chr5",171319024,171319892,"cg08873953_TC21","ICR_352"
"288","chr5",171319891,171319892,"chr5",171319024,171319892,"cg08873954_BC21","ICR_352"
"289","chr5",172602844,172602845,"chr5",172602844,172603197,"cg08891896_TC11","ICR_353"
"290","chr5",172602844,172602845,"chr5",172602844,172603197,"cg08891896_TC12","ICR_353"
"291","chr5",172602906,172602907,"chr5",172602844,172603197,"cg08891897_BC21","ICR_353"
"292","chr5",172602960,172602961,"chr5",172602844,172603197,"cg08891898_BC11","ICR_353"
"293","chr5",172602993,172602994,"chr5",172602844,172603197,"cg08891899_TC21","ICR_353"
"294","chr5",172602999,172603000,"chr5",172602844,172603197,"cg08891900_BC21","ICR_353"
"295","chr5",172603134,172603135,"chr5",172602844,172603197,"cg08891901_TC11","ICR_353"
"296","chr5",172603147,172603148,"chr5",172602844,172603197,"cg08891902_BC11","ICR_353"
"297","chr5",172603193,172603194,"chr5",172602844,172603197,"cg08891905_TC21","ICR_353"
"298","chr5",172603193,172603194,"chr5",172602844,172603197,"cg08891905_TC22","ICR_353"
"299","chr5",172603196,172603197,"chr5",172602844,172603197,"cg08891906_BC11","ICR_353"
"300","chr5",172603196,172603197,"chr5",172602844,172603197,"cg08891906_BC12","ICR_353"
"301","chr5",172670044,172670045,"chr5",172669972,172670257,"cg08892994_TC11","ICR_354"
"302","chr5",172670049,172670050,"chr5",172669972,172670257,"cg08892995_BC11","ICR_354"
"303","chr5",172670058,172670059,"chr5",172669972,172670257,"cg08892996_BC11","ICR_354"
"304","chr5",172670060,172670061,"chr5",172669972,172670257,"cg24667575_TC11","ICR_354"
"305","chr5",172670060,172670061,"chr5",172669972,172670257,"cg24667575_TC12","ICR_354"
"306","chr5",172670072,172670073,"chr5",172669972,172670257,"cg08892999_BC21","ICR_354"
"307","chr5",172670111,172670112,"chr5",172669972,172670257,"cg08893002_BO11","ICR_354"
"308","chr5",172670111,172670112,"chr5",172669972,172670257,"cg08893002_BO12","ICR_354"
"309","chr5",172670125,172670126,"chr5",172669972,172670257,"cg08893004_TO11","ICR_354"
"310","chr5",174307034,174307035,"chr5",174307034,174307309,"cg08914179_BC21","ICR_355"
"311","chr5",174307034,174307035,"chr5",174307034,174307309,"cg08914179_BC22","ICR_355"
"312","chr5",174307100,174307101,"chr5",174307034,174307309,"cg08914180_TC21","ICR_355"
"313","chr5",174307147,174307148,"chr5",174307034,174307309,"cg08914181_TO11","ICR_355"
"314","chr5",174307177,174307178,"chr5",174307034,174307309,"cg08914182_BC21","ICR_355"
"315","chr5",174307308,174307309,"chr5",174307034,174307309,"cg08914184_TC21","ICR_355"
"316","chr5",174728524,174728525,"chr5",174728524,174729356,"cg08919364_TC21","ICR_356"
"317","chr5",174728524,174728525,"chr5",174728524,174729356,"cg08919364_TC22","ICR_356"
"318","chr5",174728576,174728577,"chr5",174728524,174729356,"cg08919365_TO21","ICR_356"
"319","chr5",174728719,174728720,"chr5",174728524,174729356,"cg08919367_TO21","ICR_356"
"320","chr5",174728853,174728854,"chr5",174728524,174729356,"cg08919368_BC21","ICR_356"
"321","chr5",174729055,174729056,"chr5",174728524,174729356,"cg08919369_BC11","ICR_356"
"322","chr5",174729081,174729082,"chr5",174728524,174729356,"cg08919370_TC21","ICR_356"
"323","chr5",174729205,174729206,"chr5",174728524,174729356,"cg08919373_TC21","ICR_356"
"324","chr5",174729212,174729213,"chr5",174728524,174729356,"cg08919374_TC21","ICR_356"
"325","chr5",174729214,174729215,"chr5",174728524,174729356,"cg08919375_TC11","ICR_356"
"326","chr5",174729218,174729219,"chr5",174728524,174729356,"cg08919376_BC11","ICR_356"
"327","chr5",174729243,174729244,"chr5",174728524,174729356,"cg08919377_BC21","ICR_356"
"328","chr5",174729253,174729254,"chr5",174728524,174729356,"cg08919378_TC21","ICR_356"
"329","chr5",174729262,174729263,"chr5",174728524,174729356,"cg08919379_TC21","ICR_356"
"330","chr5",176533743,176533744,"chr5",176533711,176534104,"cg08941338_TC21","ICR_357"
"331","chr5",176533771,176533772,"chr5",176533711,176534104,"cg08941339_TC21","ICR_357"
"332","chr5",176533791,176533792,"chr5",176533711,176534104,"cg08941341_BC21","ICR_357"
"333","chr5",176533848,176533849,"chr5",176533711,176534104,"cg08941342_TC21","ICR_357"
"334","chr5",176533893,176533894,"chr5",176533711,176534104,"cg08941343_BC21","ICR_357"
"335","chr5",176534027,176534028,"chr5",176533711,176534104,"cg08941344_BC21","ICR_357"
"336","chr5",176534091,176534092,"chr5",176533711,176534104,"cg08941345_BC21","ICR_357"
"337","chr5",176534103,176534104,"chr5",176533711,176534104,"cg26405376_TC11","ICR_357"
"338","chr5",176785237,176785238,"chr5",176785237,176785536,"cg08946617_TC11","ICR_358"
"339","chr5",176785244,176785245,"chr5",176785237,176785536,"cg08946619_BC21","ICR_358"
"340","chr5",176785255,176785256,"chr5",176785237,176785536,"cg08946620_TC21","ICR_358"
"341","chr5",176785347,176785348,"chr5",176785237,176785536,"cg08946621_TC21","ICR_358"
"342","chr5",176785437,176785438,"chr5",176785237,176785536,"cg08946624_BC21","ICR_358"
"343","chr5",176785535,176785536,"chr5",176785237,176785536,"cg08946625_TC21","ICR_358"
"344","chr5",176847093,176847094,"chr5",176847081,176847171,"cg08947993_TC11","ICR_359"
"345","chr5",176847149,176847150,"chr5",176847081,176847171,"cg08947998_TC11","ICR_359"
"346","chr5",176847152,176847153,"chr5",176847081,176847171,"cg08947999_BC11","ICR_359"
"347","chr5",176847170,176847171,"chr5",176847081,176847171,"cg08948000_TO11","ICR_359"
"348","chr5",179167524,179167525,"chr5",179167524,179167654,"cg21183664_TC21","ICR_360"
"349","chr5",179167537,179167538,"chr5",179167524,179167654,"cg08987260_TC11","ICR_360"
"350","chr5",179167570,179167571,"chr5",179167524,179167654,"cg08987262_BC11","ICR_360"
"351","chr5",179167579,179167580,"chr5",179167524,179167654,"cg08987263_TC11","ICR_360"
"352","chr5",179167649,179167650,"chr5",179167524,179167654,"cg08987269_TC11","ICR_360"
"353","chr5",179167653,179167654,"chr5",179167524,179167654,"cg08987270_TC21","ICR_360"
"354","chr5",180313898,180313899,"chr5",180313865,180314305,"cg09010849_TC11","ICR_361"
"355","chr5",180313904,180313905,"chr5",180313865,180314305,"cg09010850_TC11","ICR_361"
"356","chr5",180313904,180313905,"chr5",180313865,180314305,"cg09010850_TC12","ICR_361"
"357","chr5",180313913,180313914,"chr5",180313865,180314305,"cg13944838_TC11","ICR_361"
"358","chr5",180313913,180313914,"chr5",180313865,180314305,"cg13944838_TC12","ICR_361"
"359","chr5",180313916,180313917,"chr5",180313865,180314305,"cg09010851_BC11","ICR_361"
"360","chr5",180313918,180313919,"chr5",180313865,180314305,"cg09010853_BC11","ICR_361"
"361","chr5",180313933,180313934,"chr5",180313865,180314305,"cg09010854_TC11","ICR_361"
"362","chr5",180313933,180313934,"chr5",180313865,180314305,"cg09010854_TC12","ICR_361"
"363","chr5",180313953,180313954,"chr5",180313865,180314305,"cg09010856_TC11","ICR_361"
"364","chr5",180313955,180313956,"chr5",180313865,180314305,"cg09010857_TC11","ICR_361"
"365","chr5",180313968,180313969,"chr5",180313865,180314305,"cg09010859_BC11","ICR_361"
"366","chr5",180313968,180313969,"chr5",180313865,180314305,"cg09010859_BC12","ICR_361"
"367","chr5",180314040,180314041,"chr5",180313865,180314305,"cg09010865_TO11","ICR_361"
"368","chr5",180314061,180314062,"chr5",180313865,180314305,"cg09010867_BC11","ICR_361"
"369","chr5",180314065,180314066,"chr5",180313865,180314305,"cg09010868_TC11","ICR_361"
"370","chr5",180314079,180314080,"chr5",180313865,180314305,"cg09010870_BC21","ICR_361"
"371","chr5",180314099,180314100,"chr5",180313865,180314305,"cg09010871_BC21","ICR_361"
"372","chr5",180314103,180314104,"chr5",180313865,180314305,"cg23248424_BC21","ICR_361"
"373","chr5",180314181,180314182,"chr5",180313865,180314305,"cg09010872_TC21","ICR_361"
"374","chr5",180314192,180314193,"chr5",180313865,180314305,"cg09010873_BC21","ICR_361"
"375","chr5",180314204,180314205,"chr5",180313865,180314305,"cg09010874_TC21","ICR_361"
"376","chr5",180314252,180314253,"chr5",180313865,180314305,"cg09010875_BC21","ICR_361"
"377","chr5",180314304,180314305,"chr5",180313865,180314305,"cg09010876_TC21","ICR_361"
"378","chr5",181070540,181070541,"chr5",181070515,181070836,"cg09023699_BC21","ICR_362"
"379","chr5",181070570,181070571,"chr5",181070515,181070836,"cg09023700_BC21","ICR_362"
"380","chr5",181070653,181070654,"chr5",181070515,181070836,"cg09023702_BC11","ICR_362"
"381","chr5",181070688,181070689,"chr5",181070515,181070836,"cg09023703_BC21","ICR_362"
"382","chr5",181070697,181070698,"chr5",181070515,181070836,"cg09023704_BC11","ICR_362"
"383","chr5",181070745,181070746,"chr5",181070515,181070836,"cg09023707_TC21","ICR_362"
"384","chr5",181070802,181070803,"chr5",181070515,181070836,"cg09023708_TC21","ICR_362"
"385","chr5",181070816,181070817,"chr5",181070515,181070836,"cg09023709_TC21","ICR_362"
"386","chr5",181070835,181070836,"chr5",181070515,181070836,"cg09023710_TC21","ICR_362"
"387","chr5",181195565,181195566,"chr5",181195547,181195743,"cg09026308_TC11","ICR_364"
"388","chr5",181195565,181195566,"chr5",181195547,181195743,"cg09026308_TC12","ICR_364"
"389","chr5",181195595,181195596,"chr5",181195547,181195743,"cg09026309_BC21","ICR_364"
"390","chr5",181195642,181195643,"chr5",181195547,181195743,"cg19566586_TC11","ICR_364"
"391","chr5",181195651,181195652,"chr5",181195547,181195743,"cg09026315_TC21","ICR_364"
"392","chr5",181195656,181195657,"chr5",181195547,181195743,"cg09026316_BC21","ICR_364"
"393","chr5",181195708,181195709,"chr5",181195547,181195743,"cg09026317_BC11","ICR_364"
"394","chr5",181195708,181195709,"chr5",181195547,181195743,"cg09026317_BC12","ICR_364"
"395","chr5",181195742,181195743,"chr5",181195547,181195743,"cg09026318_TC21","ICR_364"
"396","chr6",2902060,2902061,"chr6",2902060,2902302,"cg09065364_TC21","ICR_365"
"397","chr6",2902200,2902201,"chr6",2902060,2902302,"cg09065365_BC11","ICR_365"
"398","chr6",2902231,2902232,"chr6",2902060,2902302,"cg09065367_BC21","ICR_365"
"399","chr6",3848847,3848848,"chr6",3848793,3850307,"cg09080750_BC11","ICR_366"
"400","chr6",3848860,3848861,"chr6",3848793,3850307,"cg18872973_TC21","ICR_366"
"401","chr6",3848942,3848943,"chr6",3848793,3850307,"cg09080752_TO11","ICR_366"
"402","chr6",3848942,3848943,"chr6",3848793,3850307,"cg09080752_TO12","ICR_366"
"403","chr6",3848947,3848948,"chr6",3848793,3850307,"cg09080753_TO11","ICR_366"
"404","chr6",3848955,3848956,"chr6",3848793,3850307,"cg17739279_TC11","ICR_366"
"405","chr6",3848972,3848973,"chr6",3848793,3850307,"cg09080754_TC11","ICR_366"
"406","chr6",3849042,3849043,"chr6",3848793,3850307,"cg09821214_BC21","ICR_366"
"407","chr6",3849092,3849093,"chr6",3848793,3850307,"cg25195497_TC21","ICR_366"
"408","chr6",3849096,3849097,"chr6",3848793,3850307,"cg21740964_TC21","ICR_366"
"409","chr6",3849115,3849116,"chr6",3848793,3850307,"cg13289019_BC11","ICR_366"
"410","chr6",3849146,3849147,"chr6",3848793,3850307,"cg12840312_TC11","ICR_366"
"411","chr6",3849176,3849177,"chr6",3848793,3850307,"cg21177626_BC11","ICR_366"
"412","chr6",3849197,3849198,"chr6",3848793,3850307,"cg09080757_BC11","ICR_366"
"413","chr6",3849207,3849208,"chr6",3848793,3850307,"cg19362611_TC21","ICR_366"
"414","chr6",3849223,3849224,"chr6",3848793,3850307,"cg18197332_BC11","ICR_366"
"415","chr6",3849301,3849302,"chr6",3848793,3850307,"cg23835083_BC21","ICR_366"
"416","chr6",3849301,3849302,"chr6",3848793,3850307,"cg23835083_BC22","ICR_366"
"417","chr6",3849307,3849308,"chr6",3848793,3850307,"cg18487516_BC11","ICR_366"
"418","chr6",3849342,3849343,"chr6",3848793,3850307,"cg12497786_TC11","ICR_366"
"419","chr6",3849408,3849409,"chr6",3848793,3850307,"cg09080768_TO11","ICR_366"
"420","chr6",3849437,3849438,"chr6",3848793,3850307,"cg09080770_TC11","ICR_366"
"421","chr6",3849455,3849456,"chr6",3848793,3850307,"cg21153160_BC11","ICR_366"
"422","chr6",3849455,3849456,"chr6",3848793,3850307,"cg21153160_BC12","ICR_366"
"423","chr6",3849467,3849468,"chr6",3848793,3850307,"cg25073793_TC21","ICR_366"
"424","chr6",3849545,3849546,"chr6",3848793,3850307,"cg09080774_TC11","ICR_366"
"425","chr6",3849566,3849567,"chr6",3848793,3850307,"cg27445347_TC21","ICR_366"
"426","chr6",3849571,3849572,"chr6",3848793,3850307,"cg09080775_BC21","ICR_366"
"427","chr6",3849571,3849572,"chr6",3848793,3850307,"cg09080775_BC22","ICR_366"
"428","chr6",3849583,3849584,"chr6",3848793,3850307,"cg13101072_BC21","ICR_366"
"429","chr6",3849583,3849584,"chr6",3848793,3850307,"cg13101072_BC22","ICR_366"
"430","chr6",3849667,3849668,"chr6",3848793,3850307,"cg09080777_BC21","ICR_366"
"431","chr6",3849736,3849737,"chr6",3848793,3850307,"cg09080781_TC11","ICR_366"
"432","chr6",3849739,3849740,"chr6",3848793,3850307,"cg09080782_BC11","ICR_366"
"433","chr6",3849744,3849745,"chr6",3848793,3850307,"cg09080783_BC11","ICR_366"
"434","chr6",3849835,3849836,"chr6",3848793,3850307,"cg09080791_TC11","ICR_366"
"435","chr6",3849915,3849916,"chr6",3848793,3850307,"cg09080797_TC11","ICR_366"
"436","chr6",3849918,3849919,"chr6",3848793,3850307,"cg09080798_BC11","ICR_366"
"437","chr6",3849984,3849985,"chr6",3848793,3850307,"cg09080806_BC11","ICR_366"
"438","chr6",3850023,3850024,"chr6",3848793,3850307,"cg09080808_TC11","ICR_366"
"439","chr6",3850036,3850037,"chr6",3848793,3850307,"cg09080809_BC21","ICR_366"
"440","chr6",3850036,3850037,"chr6",3848793,3850307,"cg09080809_BC22","ICR_366"
"441","chr6",3850060,3850061,"chr6",3848793,3850307,"cg09080810_TC21","ICR_366"
"442","chr6",3850062,3850063,"chr6",3848793,3850307,"cg09080811_BC11","ICR_366"
"443","chr6",3850066,3850067,"chr6",3848793,3850307,"cg09080812_TC11","ICR_366"
"444","chr6",3850123,3850124,"chr6",3848793,3850307,"cg09080816_TC11","ICR_366"
"445","chr6",3850138,3850139,"chr6",3848793,3850307,"cg09080817_TC11","ICR_366"
"446","chr6",3850141,3850142,"chr6",3848793,3850307,"cg09080818_TC11","ICR_366"
"447","chr6",3850143,3850144,"chr6",3848793,3850307,"cg09080819_TC11","ICR_366"
"448","chr6",3850147,3850148,"chr6",3848793,3850307,"cg09080820_TC11","ICR_366"
"449","chr6",3850147,3850148,"chr6",3848793,3850307,"cg09080820_TC12","ICR_366"
"450","chr6",3850153,3850154,"chr6",3848793,3850307,"cg09080821_TC21","ICR_366"
"451","chr6",3850203,3850204,"chr6",3848793,3850307,"cg09080824_BC11","ICR_366"
"452","chr6",3850208,3850209,"chr6",3848793,3850307,"cg09080826_TO11","ICR_366"
"453","chr6",3850227,3850228,"chr6",3848793,3850307,"cg09080830_TC21","ICR_366"
"454","chr6",3850278,3850279,"chr6",3848793,3850307,"cg09080834_BO11","ICR_366"
"455","chr6",10099406,10099407,"chr6",10099406,10099822,"cg09144723_BC21","ICR_367"
"456","chr6",10099413,10099414,"chr6",10099406,10099822,"cg09144724_BC21","ICR_367"
"457","chr6",10099422,10099423,"chr6",10099406,10099822,"cg09285851_TC11","ICR_367"
"458","chr6",10099470,10099471,"chr6",10099406,10099822,"cg09144726_TC11","ICR_367"
"459","chr6",10099470,10099471,"chr6",10099406,10099822,"cg09144726_TC12","ICR_367"
"460","chr6",10099500,10099501,"chr6",10099406,10099822,"cg09144727_TC21","ICR_367"
"461","chr6",10099502,10099503,"chr6",10099406,10099822,"cg09144728_BC11","ICR_367"
"462","chr6",10099522,10099523,"chr6",10099406,10099822,"cg09144729_BC21","ICR_367"
"463","chr6",10099522,10099523,"chr6",10099406,10099822,"cg09144729_BC22","ICR_367"
"464","chr6",10099734,10099735,"chr6",10099406,10099822,"cg09144730_BC21","ICR_367"
"465","chr6",10099821,10099822,"chr6",10099406,10099822,"cg09144731_BC21","ICR_367"
"466","chr6",10719989,10719990,"chr6",10719973,10720222,"cg09152912_BC21","ICR_368"
"467","chr6",10720003,10720004,"chr6",10719973,10720222,"cg09152913_BO11","ICR_368"
"468","chr6",10720048,10720049,"chr6",10719973,10720222,"cg09152914_TC21","ICR_368"
"469","chr6",10720108,10720109,"chr6",10719973,10720222,"cg09152916_TO11","ICR_368"
"470","chr6",10720117,10720118,"chr6",10719973,10720222,"cg09152917_BC11","ICR_368"
"471","chr6",10720123,10720124,"chr6",10719973,10720222,"cg09152918_TC11","ICR_368"
"472","chr6",10720136,10720137,"chr6",10719973,10720222,"cg09152919_BC11","ICR_368"
"473","chr6",10720221,10720222,"chr6",10719973,10720222,"cg23853861_BC11","ICR_368"
"474","chr6",13743300,13743301,"chr6",13743285,13743421,"cg09183513_TC11","ICR_369"
"475","chr6",17580223,17580224,"chr6",17580223,17580357,"cg09226794_BC11","ICR_370"
"476","chr6",18019753,18019754,"chr6",18019753,18019871,"cg09232456_BC11","ICR_371"
"477","chr6",18019765,18019766,"chr6",18019753,18019871,"cg09232457_TC11","ICR_371"
"478","chr6",18019768,18019769,"chr6",18019753,18019871,"cg09232458_TC11","ICR_371"
"479","chr6",18019771,18019772,"chr6",18019753,18019871,"cg09232459_BC11","ICR_371"
"480","chr6",27050174,27050175,"chr6",27050174,27050547,"cg09313282_BC21","ICR_372"
"481","chr6",27050182,27050183,"chr6",27050174,27050547,"cg09313283_TC21","ICR_372"
"482","chr6",27050240,27050241,"chr6",27050174,27050547,"cg09313284_BO11","ICR_372"
"483","chr6",27050261,27050262,"chr6",27050174,27050547,"cg11823142_TC11","ICR_372"
"484","chr6",27050280,27050281,"chr6",27050174,27050547,"cg09313286_TC11","ICR_372"
"485","chr6",27050332,27050333,"chr6",27050174,27050547,"cg23634477_TC11","ICR_372"
"486","chr6",27050479,27050480,"chr6",27050174,27050547,"cg09313293_BC21","ICR_372"
"487","chr6",27050506,27050507,"chr6",27050174,27050547,"cg16537150_BC21","ICR_372"
"488","chr6",27050546,27050547,"chr6",27050174,27050547,"cg09313294_TC21","ICR_372"
"489","chr6",27556792,27556793,"chr6",27556792,27556990,"cg09320433_TC21","ICR_373"
"490","chr6",27556792,27556793,"chr6",27556792,27556990,"cg09320433_TC22","ICR_373"
"491","chr6",27556853,27556854,"chr6",27556792,27556990,"cg09320434_TC11","ICR_373"
"492","chr6",27556893,27556894,"chr6",27556792,27556990,"cg09320436_BC11","ICR_373"
"493","chr6",27556895,27556896,"chr6",27556792,27556990,"cg09320438_BC11","ICR_373"
"494","chr6",27556901,27556902,"chr6",27556792,27556990,"cg09320439_TC11","ICR_373"
"495","chr6",27556977,27556978,"chr6",27556792,27556990,"cg09320442_BC11","ICR_373"
"496","chr6",27556979,27556980,"chr6",27556792,27556990,"cg09320443_TC11","ICR_373"
"497","chr6",27653182,27653183,"chr6",27653091,27653518,"cg09322070_BC21","ICR_374"
"498","chr6",27653190,27653191,"chr6",27653091,27653518,"cg09322071_BC21","ICR_374"
"499","chr6",27653246,27653247,"chr6",27653091,27653518,"cg09322074_TC21","ICR_374"
"500","chr6",27827610,27827611,"chr6",27827549,27827724,"cg09325290_BO11","ICR_376"
"501","chr6",28215872,28215873,"chr6",28215872,28216059,"cg09329071_TC21","ICR_377"
"502","chr6",28215897,28215898,"chr6",28215872,28216059,"cg09329072_BO11","ICR_377"
"503","chr6",28215902,28215903,"chr6",28215872,28216059,"cg09329073_TC11","ICR_377"
"504","chr6",28215919,28215920,"chr6",28215872,28216059,"cg09329074_BC21","ICR_377"
"505","chr6",28215938,28215939,"chr6",28215872,28216059,"cg09329075_TC21","ICR_377"
"506","chr6",28216044,28216045,"chr6",28215872,28216059,"cg09329076_TC21","ICR_377"
"507","chr6",28216048,28216049,"chr6",28215872,28216059,"cg09329077_BC21","ICR_377"
"508","chr6",28216052,28216053,"chr6",28215872,28216059,"cg09329078_BC21","ICR_377"
"509","chr6",28633522,28633523,"chr6",28633522,28634104,"cg09332997_TC11","ICR_378"
"510","chr6",28633546,28633547,"chr6",28633522,28634104,"cg22572476_TC21","ICR_378"
"511","chr6",28633551,28633552,"chr6",28633522,28634104,"cg19488431_BC11","ICR_378"
"512","chr6",28633579,28633580,"chr6",28633522,28634104,"cg09332998_BC11","ICR_378"
"513","chr6",28633587,28633588,"chr6",28633522,28634104,"cg27535677_BC11","ICR_378"
"514","chr6",28633597,28633598,"chr6",28633522,28634104,"cg22497095_TC11","ICR_378"
"515","chr6",28633599,28633600,"chr6",28633522,28634104,"cg26865747_BC11","ICR_378"
"516","chr6",28633599,28633600,"chr6",28633522,28634104,"cg26865747_BC12","ICR_378"
"517","chr6",28633641,28633642,"chr6",28633522,28634104,"cg13565129_BC11","ICR_378"
"518","chr6",28633665,28633666,"chr6",28633522,28634104,"cg14654363_BC11","ICR_378"
"519","chr6",28633741,28633742,"chr6",28633522,28634104,"cg12763978_BC21","ICR_378"
"520","chr6",28633771,28633772,"chr6",28633522,28634104,"cg09333001_BC21","ICR_378"
"521","chr6",28633966,28633967,"chr6",28633522,28634104,"cg09333002_BO21","ICR_378"
"522","chr6",28633998,28633999,"chr6",28633522,28634104,"cg09333003_BC21","ICR_378"
"523","chr6",28634023,28634024,"chr6",28633522,28634104,"cg09333004_TC21","ICR_378"
"524","chr6",28634087,28634088,"chr6",28633522,28634104,"cg09333005_BC11","ICR_378"
"525","chr6",28634097,28634098,"chr6",28633522,28634104,"cg09333006_TC11","ICR_378"
"526","chr6",28634103,28634104,"chr6",28633522,28634104,"cg09333007_TC21","ICR_378"
"527","chr6",28695688,28695689,"chr6",28695688,28695979,"cg09333967_BO11","ICR_379"
"528","chr6",28695688,28695689,"chr6",28695688,28695979,"cg09333967_BO12","ICR_379"
"529","chr6",28695756,28695757,"chr6",28695688,28695979,"cg09333971_BC11","ICR_379"
"530","chr6",28695758,28695759,"chr6",28695688,28695979,"cg09333972_TC21","ICR_379"
"531","chr6",28695762,28695763,"chr6",28695688,28695979,"cg09333973_BC21","ICR_379"
"532","chr6",28695766,28695767,"chr6",28695688,28695979,"cg09333974_TC21","ICR_379"
"533","chr6",28695802,28695803,"chr6",28695688,28695979,"cg09333975_BC11","ICR_379"
"534","chr6",28695818,28695819,"chr6",28695688,28695979,"cg09333976_TC21","ICR_379"
"535","chr6",28695820,28695821,"chr6",28695688,28695979,"cg09333977_BC21","ICR_379"
"536","chr6",28695961,28695962,"chr6",28695688,28695979,"cg09333978_TC11","ICR_379"
"537","chr6",28695969,28695970,"chr6",28695688,28695979,"cg09333979_BO11","ICR_379"
"538","chr6",28695978,28695979,"chr6",28695688,28695979,"cg09333980_TC21","ICR_379"
"539","chr6",28742466,28742467,"chr6",28742325,28742467,"cg09334713_BC11","ICR_380"
"540","chr6",28984824,28984825,"chr6",28984824,28984972,"cg09338882_TC21","ICR_381"
"541","chr6",28984827,28984828,"chr6",28984824,28984972,"cg09338883_TC11","ICR_381"
"542","chr6",28984961,28984962,"chr6",28984824,28984972,"cg09338893_TC21","ICR_381"
"543","chr6",28984971,28984972,"chr6",28984824,28984972,"cg09338894_BC21","ICR_381"
"544","chr6",29014835,29014836,"chr6",29014835,29015081,"cg09339225_BC21","ICR_382"
"545","chr6",29014874,29014875,"chr6",29014835,29015081,"cg09339226_TC21","ICR_382"
"546","chr6",29014885,29014886,"chr6",29014835,29015081,"cg09339227_TC21","ICR_382"
"547","chr6",29014892,29014893,"chr6",29014835,29015081,"cg09339228_TC21","ICR_382"
"548","chr6",29014903,29014904,"chr6",29014835,29015081,"cg09339229_BC11","ICR_382"
"549","chr6",29015080,29015081,"chr6",29014835,29015081,"cg09339252_BC11","ICR_382"
"550","chr6",29681033,29681034,"chr6",29681033,29681124,"cg09343988_TO11","ICR_383"
"551","chr6",29681035,29681036,"chr6",29681033,29681124,"cg09343989_BO11","ICR_383"
"552","chr6",29681043,29681044,"chr6",29681033,29681124,"cg09343990_TO11","ICR_383"
"553","chr6",29681046,29681047,"chr6",29681033,29681124,"cg09343991_BO11","ICR_383"
"554","chr6",30452077,30452078,"chr6",30452077,30452687,"cg09351160_BC21","ICR_384"
"555","chr6",30452100,30452101,"chr6",30452077,30452687,"cg09351161_BC21","ICR_384"
"556","chr6",30452121,30452122,"chr6",30452077,30452687,"cg09351162_BC21","ICR_384"
"557","chr6",30452213,30452214,"chr6",30452077,30452687,"cg09351164_TC21","ICR_384"
"558","chr6",30452510,30452511,"chr6",30452077,30452687,"cg09351165_BC21","ICR_384"
"559","chr6",30452534,30452535,"chr6",30452077,30452687,"cg09351166_BC21","ICR_384"
"560","chr6",30452571,30452572,"chr6",30452077,30452687,"cg09351167_TO21","ICR_384"
"561","chr6",30452686,30452687,"chr6",30452077,30452687,"cg09351168_TC21","ICR_384"
"562","chr6",30781825,30781826,"chr6",30781798,30782146,"cg09356209_BC21","ICR_385"
"563","chr6",30781833,30781834,"chr6",30781798,30782146,"cg22697420_BC21","ICR_385"
"564","chr6",30781888,30781889,"chr6",30781798,30782146,"cg09356210_TC21","ICR_385"
"565","chr6",30781990,30781991,"chr6",30781798,30782146,"cg09356211_TC21","ICR_385"
"566","chr6",30782018,30782019,"chr6",30781798,30782146,"cg09356212_BC21","ICR_385"
"567","chr6",30782037,30782038,"chr6",30781798,30782146,"cg09356213_BC21","ICR_385"
"568","chr6",30782069,30782070,"chr6",30781798,30782146,"cg09356215_BC21","ICR_385"
"569","chr6",30782089,30782090,"chr6",30781798,30782146,"cg09356216_TC21","ICR_385"
"570","chr6",30782115,30782116,"chr6",30781798,30782146,"cg09356217_BC21","ICR_385"
"571","chr6",30782115,30782116,"chr6",30781798,30782146,"cg09356217_BC22","ICR_385"
"572","chr6",30914863,30914864,"chr6",30914813,30915097,"cg15848685_BC21","ICR_386"
"573","chr6",30914916,30914917,"chr6",30914813,30915097,"cg14935711_BC21","ICR_386"
"574","chr6",30914930,30914931,"chr6",30914813,30915097,"cg16958594_BC11","ICR_386"
"575","chr6",30914983,30914984,"chr6",30914813,30915097,"cg09357954_TC11","ICR_386"
"576","chr6",30914983,30914984,"chr6",30914813,30915097,"cg09357954_TC12","ICR_386"
"577","chr6",30915002,30915003,"chr6",30914813,30915097,"cg09357956_BC11","ICR_386"
"578","chr6",31971328,31971329,"chr6",31971328,31971620,"cg16190718_BC21","ICR_387"
"579","chr6",31971334,31971335,"chr6",31971328,31971620,"cg23906067_BC21","ICR_387"
"580","chr6",31971334,31971335,"chr6",31971328,31971620,"cg23906067_BC22","ICR_387"
"581","chr6",31971386,31971387,"chr6",31971328,31971620,"cg09372564_TC21","ICR_387"
"582","chr6",31971391,31971392,"chr6",31971328,31971620,"cg09372565_BO11","ICR_387"
"583","chr6",31971446,31971447,"chr6",31971328,31971620,"cg10914467_BC21","ICR_387"
"584","chr6",31971472,31971473,"chr6",31971328,31971620,"cg09372568_BC11","ICR_387"
"585","chr6",31971472,31971473,"chr6",31971328,31971620,"cg09372568_BC12","ICR_387"
"586","chr6",31971481,31971482,"chr6",31971328,31971620,"cg09372569_BC21","ICR_387"
"587","chr6",31971502,31971503,"chr6",31971328,31971620,"cg20194050_BC21","ICR_387"
"588","chr6",31971534,31971535,"chr6",31971328,31971620,"cg09372570_BC11","ICR_387"
"589","chr6",31971534,31971535,"chr6",31971328,31971620,"cg09372570_BC12","ICR_387"
"590","chr6",31971544,31971545,"chr6",31971328,31971620,"cg13069441_BC11","ICR_387"
"591","chr6",32761692,32761693,"chr6",32761692,32761864,"cg21139325_TC11","ICR_389"
"592","chr6",32761722,32761723,"chr6",32761692,32761864,"cg14441480_BC11","ICR_389"
"593","chr6",32761722,32761723,"chr6",32761692,32761864,"cg14441480_BC12","ICR_389"
"594","chr6",32761785,32761786,"chr6",32761692,32761864,"cg15255946_BC11","ICR_389"
"595","chr6",32761812,32761813,"chr6",32761692,32761864,"cg27160348_BC11","ICR_389"
"596","chr6",32761818,32761819,"chr6",32761692,32761864,"cg18026055_TC11","ICR_389"
"597","chr6",32761818,32761819,"chr6",32761692,32761864,"cg18026055_TC12","ICR_389"
"598","chr6",32761827,32761828,"chr6",32761692,32761864,"cg09380443_TC11","ICR_389"
"599","chr6",32761838,32761839,"chr6",32761692,32761864,"cg09380445_TC11","ICR_389"
"600","chr6",32885732,32885733,"chr6",32885679,32886046,"cg09381417_BC21","ICR_390"
"601","chr6",32885736,32885737,"chr6",32885679,32886046,"cg09381418_TC21","ICR_390"
"602","chr6",33697330,33697331,"chr6",33697196,33697381,"cg09392345_BC21","ICR_391"
"603","chr6",33697330,33697331,"chr6",33697196,33697381,"cg09392345_BC22","ICR_391"
"604","chr6",33697343,33697344,"chr6",33697196,33697381,"cg09392346_TC21","ICR_391"
"605","chr6",33697343,33697344,"chr6",33697196,33697381,"cg09392346_TC22","ICR_391"
"606","chr6",33697353,33697354,"chr6",33697196,33697381,"cg09392347_TC21","ICR_391"
"607","chr6",33697353,33697354,"chr6",33697196,33697381,"cg09392347_TC22","ICR_391"
"608","chr6",33697380,33697381,"chr6",33697196,33697381,"cg09392348_BC11","ICR_391"
"609","chr6",33697380,33697381,"chr6",33697196,33697381,"cg09392348_BC12","ICR_391"
"610","chr6",35786974,35786975,"chr6",35786950,35787246,"cg09423193_TC11","ICR_392"
"611","chr6",35786980,35786981,"chr6",35786950,35787246,"cg25665636_TC21","ICR_392"
"612","chr6",35787051,35787052,"chr6",35786950,35787246,"cg09423195_TC21","ICR_392"
"613","chr6",35787068,35787069,"chr6",35786950,35787246,"cg09423196_BC21","ICR_392"
"614","chr6",35787068,35787069,"chr6",35786950,35787246,"cg09423196_BC22","ICR_392"
"615","chr6",35787073,35787074,"chr6",35786950,35787246,"cg09423197_TC21","ICR_392"
"616","chr6",35787080,35787081,"chr6",35786950,35787246,"cg09423198_TC11","ICR_392"
"617","chr6",35787080,35787081,"chr6",35786950,35787246,"cg09423198_TC12","ICR_392"
"618","chr6",35787095,35787096,"chr6",35786950,35787246,"cg09423200_TO11","ICR_392"
"619","chr6",35787115,35787116,"chr6",35786950,35787246,"cg09423201_TC11","ICR_392"
"620","chr6",35787131,35787132,"chr6",35786950,35787246,"cg09423202_TC11","ICR_392"
"621","chr6",35787216,35787217,"chr6",35786950,35787246,"cg09423205_TC21","ICR_392"
"622","chr6",35787216,35787217,"chr6",35786950,35787246,"cg09423205_TC22","ICR_392"
"623","chr6",39367314,39367315,"chr6",39367314,39368095,"cg09465252_BC21","ICR_393"
"624","chr6",39367425,39367426,"chr6",39367314,39368095,"cg09465253_BC21","ICR_393"
"625","chr6",39367436,39367437,"chr6",39367314,39368095,"cg09465254_TC21","ICR_393"
"626","chr6",39367588,39367589,"chr6",39367314,39368095,"cg09465255_BC21","ICR_393"
"627","chr6",39367596,39367597,"chr6",39367314,39368095,"cg09465256_BC21","ICR_393"
"628","chr6",39367596,39367597,"chr6",39367314,39368095,"cg09465256_BC22","ICR_393"
"629","chr6",39367650,39367651,"chr6",39367314,39368095,"cg09465258_BC21","ICR_393"
"630","chr6",39367779,39367780,"chr6",39367314,39368095,"cg09465259_BO11","ICR_393"
"631","chr6",39367793,39367794,"chr6",39367314,39368095,"cg09465260_BC21","ICR_393"
"632","chr6",39368094,39368095,"chr6",39367314,39368095,"cg09465261_BC21","ICR_393"
"633","chr6",39368094,39368095,"chr6",39367314,39368095,"cg09465261_BC22","ICR_393"
"634","chr6",41627102,41627103,"chr6",41627092,41627387,"cg09484989_TC21","ICR_394"
"635","chr6",41627102,41627103,"chr6",41627092,41627387,"cg09484989_TC22","ICR_394"
"636","chr6",41627122,41627123,"chr6",41627092,41627387,"cg09484990_BC21","ICR_394"
"637","chr6",41627122,41627123,"chr6",41627092,41627387,"cg09484990_BC22","ICR_394"
"638","chr6",41627184,41627185,"chr6",41627092,41627387,"cg09484992_BC21","ICR_394"
"639","chr6",41627184,41627185,"chr6",41627092,41627387,"cg09484992_BC22","ICR_394"
"640","chr6",41627199,41627200,"chr6",41627092,41627387,"cg09484993_TC21","ICR_394"
"641","chr6",41627351,41627352,"chr6",41627092,41627387,"cg09484994_TC21","ICR_394"
"642","chr6",42727576,42727577,"chr6",42727576,42727793,"cg09500298_TC21","ICR_395"
"643","chr6",42727579,42727580,"chr6",42727576,42727793,"cg09500299_TC11","ICR_395"
"644","chr6",42727593,42727594,"chr6",42727576,42727793,"cg13142134_BC21","ICR_395"
"645","chr6",42727593,42727594,"chr6",42727576,42727793,"cg13142134_BC22","ICR_395"
"646","chr6",42727654,42727655,"chr6",42727576,42727793,"cg09500303_TC11","ICR_395"
"647","chr6",42727762,42727763,"chr6",42727576,42727793,"cg09500309_BC11","ICR_395"
"648","chr6",42727790,42727791,"chr6",42727576,42727793,"cg09500312_BC11","ICR_395"
"649","chr6",57810794,57810795,"chr6",57810794,57811153,"cg09617151_BC21","ICR_396"
"650","chr6",57810939,57810940,"chr6",57810794,57811153,"cg09617156_BC11","ICR_396"
"651","chr6",57810946,57810947,"chr6",57810794,57811153,"cg09617157_TO11","ICR_396"
"652","chr6",57810946,57810947,"chr6",57810794,57811153,"cg09617157_TO12","ICR_396"
"653","chr6",57810951,57810952,"chr6",57810794,57811153,"cg09617158_BO11","ICR_396"
"654","chr6",57810951,57810952,"chr6",57810794,57811153,"cg09617158_BO12","ICR_396"
"655","chr6",57811055,57811056,"chr6",57810794,57811153,"cg09617160_BO11","ICR_396"
"656","chr6",77368704,77368705,"chr6",77368677,77369083,"cg09731722_BC21","ICR_397"
"657","chr6",77368735,77368736,"chr6",77368677,77369083,"cg09731723_TC21","ICR_397"
"658","chr6",77368810,77368811,"chr6",77368677,77369083,"cg09731724_TC21","ICR_397"
"659","chr6",77368810,77368811,"chr6",77368677,77369083,"cg09731724_TC22","ICR_397"
"660","chr6",77368850,77368851,"chr6",77368677,77369083,"cg09731726_TC21","ICR_397"
"661","chr6",77368910,77368911,"chr6",77368677,77369083,"cg21082935_BC21","ICR_397"
"662","chr6",77368944,77368945,"chr6",77368677,77369083,"cg09731728_TC21","ICR_397"
"663","chr6",77368944,77368945,"chr6",77368677,77369083,"cg09731728_TC22","ICR_397"
"664","chr6",77368947,77368948,"chr6",77368677,77369083,"cg09731729_BC21","ICR_397"
"665","chr6",77368947,77368948,"chr6",77368677,77369083,"cg09731729_BC22","ICR_397"
"666","chr6",77368951,77368952,"chr6",77368677,77369083,"cg09731730_BC11","ICR_397"
"667","chr6",77368951,77368952,"chr6",77368677,77369083,"cg09731730_BC12","ICR_397"
"668","chr6",77369010,77369011,"chr6",77368677,77369083,"cg09731731_TC21","ICR_397"
"669","chr6",77369010,77369011,"chr6",77368677,77369083,"cg09731731_TC22","ICR_397"
"670","chr6",77369029,77369030,"chr6",77368677,77369083,"cg09731732_BC21","ICR_397"
"671","chr6",77369071,77369072,"chr6",77368677,77369083,"cg09731733_TC21","ICR_397"
"672","chr6",99823200,99823201,"chr6",99823197,99823660,"cg09875645_BC21","ICR_398"
"673","chr6",99823200,99823201,"chr6",99823197,99823660,"cg09875645_BC22","ICR_398"
"674","chr6",99823341,99823342,"chr6",99823197,99823660,"cg09875646_TC21","ICR_398"
"675","chr6",99823341,99823342,"chr6",99823197,99823660,"cg09875646_TC22","ICR_398"
"676","chr6",99823630,99823631,"chr6",99823197,99823660,"cg09875649_BC21","ICR_398"
"677","chr6",99823630,99823631,"chr6",99823197,99823660,"cg09875649_BC22","ICR_398"
"678","chr6",104885425,104885426,"chr6",104885425,104885717,"cg09904450_BC21","ICR_399"
"679","chr6",104885458,104885459,"chr6",104885425,104885717,"cg09904452_TC21","ICR_399"
"680","chr6",104885488,104885489,"chr6",104885425,104885717,"cg09904453_TC21","ICR_399"
"681","chr6",104885499,104885500,"chr6",104885425,104885717,"cg09904454_BC21","ICR_399"
"682","chr6",104885499,104885500,"chr6",104885425,104885717,"cg09904454_BC22","ICR_399"
"683","chr6",104885527,104885528,"chr6",104885425,104885717,"cg09904455_BC11","ICR_399"
"684","chr6",104885589,104885590,"chr6",104885425,104885717,"cg09904456_BC21","ICR_399"
"685","chr6",104885589,104885590,"chr6",104885425,104885717,"cg09904456_BC22","ICR_399"
"686","chr6",104885704,104885705,"chr6",104885425,104885717,"cg09904462_BC11","ICR_399"
"687","chr6",104885704,104885705,"chr6",104885425,104885717,"cg09904462_BC12","ICR_399"
"688","chr6",104885716,104885717,"chr6",104885425,104885717,"cg09904463_BC21","ICR_399"
"689","chr6",111662710,111662711,"chr6",111662710,111663342,"cg09970754_TC21","ICR_400"
"690","chr6",111662773,111662774,"chr6",111662710,111663342,"cg09970755_BC21","ICR_400"
"691","chr6",111662773,111662774,"chr6",111662710,111663342,"cg09970755_BC22","ICR_400"
"692","chr6",111662852,111662853,"chr6",111662710,111663342,"cg09970756_BC21","ICR_400"
"693","chr6",111662964,111662965,"chr6",111662710,111663342,"cg09970757_TC21","ICR_400"
"694","chr6",111662984,111662985,"chr6",111662710,111663342,"cg09970758_TC21","ICR_400"
"695","chr6",111663131,111663132,"chr6",111662710,111663342,"cg09970759_BC21","ICR_400"
"696","chr6",111663166,111663167,"chr6",111662710,111663342,"cg14482998_TC21","ICR_400"
"697","chr6",111663206,111663207,"chr6",111662710,111663342,"cg09970760_TC21","ICR_400"
"698","chr6",111663231,111663232,"chr6",111662710,111663342,"cg09970761_BC21","ICR_400"
"699","chr6",111663341,111663342,"chr6",111662710,111663342,"cg09970762_TC21","ICR_400"
"700","chr6",112366910,112366911,"chr6",112366897,112367109,"cg09976399_BC11","ICR_401"
"701","chr6",112366910,112366911,"chr6",112366897,112367109,"cg09976399_BC12","ICR_401"
"702","chr6",112366930,112366931,"chr6",112366897,112367109,"cg09976401_BC21","ICR_401"
"703","chr6",112366934,112366935,"chr6",112366897,112367109,"cg09976402_TC21","ICR_401"
"704","chr6",112366982,112366983,"chr6",112366897,112367109,"cg09976404_BC21","ICR_401"
"705","chr6",112366987,112366988,"chr6",112366897,112367109,"cg09976405_BC21","ICR_401"
"706","chr6",112367040,112367041,"chr6",112366897,112367109,"cg09976408_TC21","ICR_401"
"707","chr6",112367043,112367044,"chr6",112366897,112367109,"cg09976409_BC11","ICR_401"
"708","chr6",112367053,112367054,"chr6",112366897,112367109,"cg09976410_BC21","ICR_401"
"709","chr6",112367075,112367076,"chr6",112366897,112367109,"cg09976411_BC21","ICR_401"
"710","chr6",112367108,112367109,"chr6",112366897,112367109,"cg14769991_BC11","ICR_401"
"711","chr6",112367497,112367498,"chr6",112367497,112367712,"cg09976454_TC11","ICR_402"
"712","chr6",112367497,112367498,"chr6",112367497,112367712,"cg09976454_TC12","ICR_402"
"713","chr6",112367514,112367515,"chr6",112367497,112367712,"cg09976456_BC11","ICR_402"
"714","chr6",112367523,112367524,"chr6",112367497,112367712,"cg09976457_BC11","ICR_402"
"715","chr6",112367544,112367545,"chr6",112367497,112367712,"cg09976459_TO11","ICR_402"
"716","chr6",112367544,112367545,"chr6",112367497,112367712,"cg09976459_TO12","ICR_402"
"717","chr6",112367554,112367555,"chr6",112367497,112367712,"cg09976460_BO11","ICR_402"
"718","chr6",112367658,112367659,"chr6",112367497,112367712,"cg09976461_TO21","ICR_402"
"719","chr6",112367711,112367712,"chr6",112367497,112367712,"cg09976462_TC21","ICR_402"
"720","chr6",112367711,112367712,"chr6",112367497,112367712,"cg09976462_TC22","ICR_402"
"721","chr6",144006940,144006941,"chr6",144006940,144008825,"cg10196702_BC21","ICR_404"
"722","chr6",144006984,144006985,"chr6",144006940,144008825,"cg10196703_TC21","ICR_404"
"723","chr6",144007045,144007046,"chr6",144006940,144008825,"cg10196704_TC11","ICR_404"
"724","chr6",144007070,144007071,"chr6",144006940,144008825,"cg10196705_TC21","ICR_404"
"725","chr6",144007077,144007078,"chr6",144006940,144008825,"cg10196706_TC21","ICR_404"
"726","chr6",144007081,144007082,"chr6",144006940,144008825,"cg10196707_BC21","ICR_404"
"727","chr6",144007129,144007130,"chr6",144006940,144008825,"cg10196709_BC21","ICR_404"
"728","chr6",144007162,144007163,"chr6",144006940,144008825,"cg10196710_TC21","ICR_404"
"729","chr6",144007169,144007170,"chr6",144006940,144008825,"cg10196711_BC21","ICR_404"
"730","chr6",144007262,144007263,"chr6",144006940,144008825,"cg10196713_BC21","ICR_404"
"731","chr6",144007268,144007269,"chr6",144006940,144008825,"cg10196714_TC21","ICR_404"
"732","chr6",144007281,144007282,"chr6",144006940,144008825,"cg10196715_TC21","ICR_404"
"733","chr6",144007283,144007284,"chr6",144006940,144008825,"cg09730369_BC21","ICR_404"
"734","chr6",144007283,144007284,"chr6",144006940,144008825,"cg09730369_BC22","ICR_404"
"735","chr6",144007344,144007345,"chr6",144006940,144008825,"cg17865602_TC21","ICR_404"
"736","chr6",144007344,144007345,"chr6",144006940,144008825,"cg17865602_TC22","ICR_404"
"737","chr6",144007357,144007358,"chr6",144006940,144008825,"cg10196717_BC21","ICR_404"
"738","chr6",144007534,144007535,"chr6",144006940,144008825,"cg10196718_BC21","ICR_404"
"739","chr6",144007552,144007553,"chr6",144006940,144008825,"cg10196719_BC21","ICR_404"
"740","chr6",144007569,144007570,"chr6",144006940,144008825,"cg10196721_TC21","ICR_404"
"741","chr6",144007586,144007587,"chr6",144006940,144008825,"cg10196722_BC21","ICR_404"
"742","chr6",144007612,144007613,"chr6",144006940,144008825,"cg10196723_BC21","ICR_404"
"743","chr6",144007693,144007694,"chr6",144006940,144008825,"cg10196724_TC21","ICR_404"
"744","chr6",144007779,144007780,"chr6",144006940,144008825,"cg25350411_BC21","ICR_404"
"745","chr6",144007796,144007797,"chr6",144006940,144008825,"cg10196726_TC21","ICR_404"
"746","chr6",144007813,144007814,"chr6",144006940,144008825,"cg10196727_TC11","ICR_404"
"747","chr6",144007841,144007842,"chr6",144006940,144008825,"cg10196728_TC21","ICR_404"
"748","chr6",144007843,144007844,"chr6",144006940,144008825,"cg10196729_BC21","ICR_404"
"749","chr6",144007847,144007848,"chr6",144006940,144008825,"cg10196730_TC21","ICR_404"
"750","chr6",144007859,144007860,"chr6",144006940,144008825,"cg10196731_TC11","ICR_404"
"751","chr6",144007862,144007863,"chr6",144006940,144008825,"cg10196732_BC11","ICR_404"
"752","chr6",144007929,144007930,"chr6",144006940,144008825,"cg10196740_BC11","ICR_404"
"753","chr6",144007971,144007972,"chr6",144006940,144008825,"cg10196749_TC11","ICR_404"
"754","chr6",144008041,144008042,"chr6",144006940,144008825,"cg10196761_BC11","ICR_404"
"755","chr6",144008093,144008094,"chr6",144006940,144008825,"cg10196767_TO11","ICR_404"
"756","chr6",144008244,144008245,"chr6",144006940,144008825,"cg22352234_BC11","ICR_404"
"757","chr6",144008295,144008296,"chr6",144006940,144008825,"cg10196794_TC11","ICR_404"
"758","chr6",144008300,144008301,"chr6",144006940,144008825,"cg10196795_BC11","ICR_404"
"759","chr6",144008347,144008348,"chr6",144006940,144008825,"cg12757684_TC11","ICR_404"
"760","chr6",144008351,144008352,"chr6",144006940,144008825,"cg10196798_BC11","ICR_404"
"761","chr6",144008374,144008375,"chr6",144006940,144008825,"cg10196800_TC11","ICR_404"
"762","chr6",144008534,144008535,"chr6",144006940,144008825,"cg21526238_TC11","ICR_404"
"763","chr6",144008588,144008589,"chr6",144006940,144008825,"cg23541304_TC11","ICR_404"
"764","chr6",144008588,144008589,"chr6",144006940,144008825,"cg23541304_TC12","ICR_404"
"765","chr6",144008594,144008595,"chr6",144006940,144008825,"cg21952820_BC11","ICR_404"
"766","chr6",144008594,144008595,"chr6",144006940,144008825,"cg21952820_BC12","ICR_404"
"767","chr6",144008606,144008607,"chr6",144006940,144008825,"cg12820609_BC11","ICR_404"
"768","chr6",144008611,144008612,"chr6",144006940,144008825,"cg10196829_BO11","ICR_404"
"769","chr6",144008651,144008652,"chr6",144006940,144008825,"cg11532302_BC11","ICR_404"
"770","chr6",144008651,144008652,"chr6",144006940,144008825,"cg11532302_BC12","ICR_404"
"771","chr6",144008664,144008665,"chr6",144006940,144008825,"cg27216384_BC11","ICR_404"
"772","chr6",144008691,144008692,"chr6",144006940,144008825,"cg17895149_BC21","ICR_404"
"773","chr6",144008693,144008694,"chr6",144006940,144008825,"cg10196830_TC21","ICR_404"
"774","chr6",144008708,144008709,"chr6",144006940,144008825,"cg10196831_BC21","ICR_404"
"775","chr6",144008749,144008750,"chr6",144006940,144008825,"cg23460430_TC21","ICR_404"
"776","chr6",144008771,144008772,"chr6",144006940,144008825,"cg14161241_BC21","ICR_404"
"777","chr6",144008824,144008825,"chr6",144006940,144008825,"cg20443501_TC21","ICR_404"
"778","chr6",144008824,144008825,"chr6",144006940,144008825,"cg20443501_TC22","ICR_404"
"779","chr6",144187073,144187074,"chr6",144186985,144187105,"cg10198554_TC11","ICR_405"
"780","chr6",144187086,144187087,"chr6",144186985,144187105,"cg10198555_BC21","ICR_405"
"781","chr6",144187104,144187105,"chr6",144186985,144187105,"cg10198557_TC11","ICR_405"
"782","chr6",146803700,146803701,"chr6",146803700,146803860,"cg10215596_TC11","ICR_406"
"783","chr6",146803723,146803724,"chr6",146803700,146803860,"cg10215597_TC21","ICR_406"
"784","chr6",146803726,146803727,"chr6",146803700,146803860,"cg10215598_BC21","ICR_406"
"785","chr6",146803739,146803740,"chr6",146803700,146803860,"cg10215599_TC21","ICR_406"
"786","chr6",146803741,146803742,"chr6",146803700,146803860,"cg10215600_BC11","ICR_406"
"787","chr6",146803744,146803745,"chr6",146803700,146803860,"cg13876481_TC11","ICR_406"
"788","chr6",146803763,146803764,"chr6",146803700,146803860,"cg10215602_TC11","ICR_406"
"789","chr6",146803776,146803777,"chr6",146803700,146803860,"cg10215603_BC11","ICR_406"
"790","chr6",146803780,146803781,"chr6",146803700,146803860,"cg10215605_TC11","ICR_406"
"791","chr6",146803847,146803848,"chr6",146803700,146803860,"cg11637682_TC11","ICR_406"
"792","chr6",146803847,146803848,"chr6",146803700,146803860,"cg11637682_TC12","ICR_406"
"793","chr6",146803851,146803852,"chr6",146803700,146803860,"cg09639631_TC21","ICR_406"
"794","chr6",149986297,149986298,"chr6",149986297,149986661,"cg10246674_BC21","ICR_407"
"795","chr6",149986351,149986352,"chr6",149986297,149986661,"cg10246676_TC11","ICR_407"
"796","chr6",149986379,149986380,"chr6",149986297,149986661,"cg10246677_BC21","ICR_407"
"797","chr6",149986387,149986388,"chr6",149986297,149986661,"cg10246678_BC21","ICR_407"
"798","chr6",149986489,149986490,"chr6",149986297,149986661,"cg10246680_BC21","ICR_407"
"799","chr6",149986505,149986506,"chr6",149986297,149986661,"cg10246681_TC21","ICR_407"
"800","chr6",149986516,149986517,"chr6",149986297,149986661,"cg10246682_BC11","ICR_407"
"801","chr6",149986542,149986543,"chr6",149986297,149986661,"cg10246683_BC21","ICR_407"
"802","chr6",149986643,149986644,"chr6",149986297,149986661,"cg10246684_BC21","ICR_407"
"803","chr6",154359180,154359181,"chr6",154359180,154360192,"cg10288461_BC21","ICR_408"
"804","chr6",154359247,154359248,"chr6",154359180,154360192,"cg10288462_TO11","ICR_408"
"805","chr6",154359250,154359251,"chr6",154359180,154360192,"cg10288463_BC11","ICR_408"
"806","chr6",154359267,154359268,"chr6",154359180,154360192,"cg10288464_BC21","ICR_408"
"807","chr6",154359273,154359274,"chr6",154359180,154360192,"cg20639646_BC21","ICR_408"
"808","chr6",154359296,154359297,"chr6",154359180,154360192,"cg10288465_TC21","ICR_408"
"809","chr6",154359296,154359297,"chr6",154359180,154360192,"cg10288465_TC22","ICR_408"
"810","chr6",154359466,154359467,"chr6",154359180,154360192,"cg10288468_BC21","ICR_408"
"811","chr6",154359478,154359479,"chr6",154359180,154360192,"cg10288469_TC21","ICR_408"
"812","chr6",154359486,154359487,"chr6",154359180,154360192,"cg10288470_BC21","ICR_408"
"813","chr6",154359916,154359917,"chr6",154359180,154360192,"cg10288474_BC21","ICR_408"
"814","chr6",154360191,154360192,"chr6",154359180,154360192,"cg10288475_TC21","ICR_408"
"815","chr6",154360191,154360192,"chr6",154359180,154360192,"cg10288475_TC22","ICR_408"
"816","chr6",160005476,160005477,"chr6",160005400,160005610,"cg10355451_TC11","ICR_409"
"817","chr6",160005481,160005482,"chr6",160005400,160005610,"cg10355452_BC11","ICR_409"
"818","chr6",160005591,160005592,"chr6",160005400,160005610,"cg10355464_TC21","ICR_409"
"819","chr6",160005609,160005610,"chr6",160005400,160005610,"cg10355465_BC21","ICR_409"
"820","chr6",160006230,160006231,"chr6",160006183,160006584,"cg10355513_BC21","ICR_410"
"821","chr6",160006254,160006255,"chr6",160006183,160006584,"cg10355514_TC11","ICR_410"
"822","chr6",160006267,160006268,"chr6",160006183,160006584,"cg10355515_BC11","ICR_410"
"823","chr6",160006283,160006284,"chr6",160006183,160006584,"cg10355517_BC11","ICR_410"
"824","chr6",160006285,160006286,"chr6",160006183,160006584,"cg10355518_TC21","ICR_410"
"825","chr6",160006285,160006286,"chr6",160006183,160006584,"cg10355518_TC22","ICR_410"
"826","chr6",160006302,160006303,"chr6",160006183,160006584,"cg10355519_BC21","ICR_410"
"827","chr6",160006314,160006315,"chr6",160006183,160006584,"cg16039889_TC21","ICR_410"
"828","chr6",160006314,160006315,"chr6",160006183,160006584,"cg16039889_TC22","ICR_410"
"829","chr6",160006328,160006329,"chr6",160006183,160006584,"cg10355520_TC11","ICR_410"
"830","chr6",160006343,160006344,"chr6",160006183,160006584,"cg10355521_TC11","ICR_410"
"831","chr6",160006358,160006359,"chr6",160006183,160006584,"cg10355522_TC11","ICR_410"
"832","chr6",160006436,160006437,"chr6",160006183,160006584,"cg10355528_TC11","ICR_410"
"833","chr6",160006453,160006454,"chr6",160006183,160006584,"cg10355530_TC11","ICR_410"
"834","chr6",160006455,160006456,"chr6",160006183,160006584,"cg10355531_TC21","ICR_410"
"835","chr6",160006455,160006456,"chr6",160006183,160006584,"cg10355531_TC22","ICR_410"
"836","chr6",160006527,160006528,"chr6",160006183,160006584,"cg10355532_BC21","ICR_410"
"837","chr6",160006583,160006584,"chr6",160006183,160006584,"cg10355533_BC21","ICR_410"
"838","chr6",163355422,163355423,"chr6",163355422,163355849,"cg10390502_BO11","ICR_411"
"839","chr6",163355438,163355439,"chr6",163355422,163355849,"cg10390503_BO21","ICR_411"
"840","chr6",163355603,163355604,"chr6",163355422,163355849,"cg10390504_BC21","ICR_411"
"841","chr6",163355718,163355719,"chr6",163355422,163355849,"cg10390506_TO21","ICR_411"
"842","chr6",163355749,163355750,"chr6",163355422,163355849,"cg24192505_BC21","ICR_411"
"843","chr6",163355766,163355767,"chr6",163355422,163355849,"cg10390507_TC21","ICR_411"
"844","chr6",163355840,163355841,"chr6",163355422,163355849,"cg10390509_BC21","ICR_411"
"845","chr6",163355848,163355849,"chr6",163355422,163355849,"cg10390510_BC21","ICR_411"
"846","chr6",166758162,166758163,"chr6",166758162,166758556,"cg10428675_TC21","ICR_412"
"847","chr6",166758208,166758209,"chr6",166758162,166758556,"cg10428676_TC21","ICR_412"
"848","chr6",166758238,166758239,"chr6",166758162,166758556,"cg27626620_BC21","ICR_412"
"849","chr6",166758281,166758282,"chr6",166758162,166758556,"cg10428677_TC21","ICR_412"
"850","chr6",166758300,166758301,"chr6",166758162,166758556,"cg10428678_TC11","ICR_412"
"851","chr6",166758316,166758317,"chr6",166758162,166758556,"cg10428679_TC11","ICR_412"
"852","chr6",166758338,166758339,"chr6",166758162,166758556,"cg10428680_BC21","ICR_412"
"853","chr6",166758348,166758349,"chr6",166758162,166758556,"cg10428681_BO11","ICR_412"
"854","chr6",166758348,166758349,"chr6",166758162,166758556,"cg10428681_BO12","ICR_412"
"855","chr6",166758483,166758484,"chr6",166758162,166758556,"cg10428682_BC21","ICR_412"
"856","chr6",166758495,166758496,"chr6",166758162,166758556,"cg10428683_BC21","ICR_412"
"857","chr6",166758495,166758496,"chr6",166758162,166758556,"cg10428683_BC22","ICR_412"
"858","chr6",166758523,166758524,"chr6",166758162,166758556,"cg10428684_BC21","ICR_412"
"859","chr6",166758555,166758556,"chr6",166758162,166758556,"cg10428685_BC21","ICR_412"
"860","chr6",167197314,167197315,"chr6",167196310,167197315,"cg10435339_TC21","ICR_413"
"861","chr6",167341433,167341434,"chr6",167341433,167342866,"cg10437619_BC11","ICR_414"
"862","chr6",167341446,167341447,"chr6",167341433,167342866,"cg10437620_TC21","ICR_414"
"863","chr6",167341471,167341472,"chr6",167341433,167342866,"cg10437621_TO11","ICR_414"
"864","chr6",167341473,167341474,"chr6",167341433,167342866,"cg10437622_BO11","ICR_414"
"865","chr6",167341488,167341489,"chr6",167341433,167342866,"cg10437623_BC21","ICR_414"
"866","chr6",167341515,167341516,"chr6",167341433,167342866,"cg10437624_TC21","ICR_414"
"867","chr6",167341533,167341534,"chr6",167341433,167342866,"cg10437626_BO21","ICR_414"
"868","chr6",167341600,167341601,"chr6",167341433,167342866,"cg10437628_TC21","ICR_414"
"869","chr6",167341966,167341967,"chr6",167341433,167342866,"cg10437629_TC21","ICR_414"
"870","chr6",167342456,167342457,"chr6",167341433,167342866,"cg10437630_TC21","ICR_414"
"871","chr6",167342610,167342611,"chr6",167341433,167342866,"cg10819981_BC21","ICR_414"
"872","chr6",167342865,167342866,"chr6",167341433,167342866,"cg10437631_TC21","ICR_414"
"873","chr6",167349762,167349763,"chr6",167349762,167350130,"cg10437705_BC21","ICR_415"
"874","chr6",167349797,167349798,"chr6",167349762,167350130,"cg10437706_BC21","ICR_415"
"875","chr6",167349809,167349810,"chr6",167349762,167350130,"cg10437707_BC21","ICR_415"
"876","chr6",167349817,167349818,"chr6",167349762,167350130,"cg10437708_TC21","ICR_415"
"877","chr6",167349831,167349832,"chr6",167349762,167350130,"cg22772386_BC11","ICR_415"
"878","chr6",167349943,167349944,"chr6",167349762,167350130,"cg10437709_TC21","ICR_415"
"879","chr6",167349979,167349980,"chr6",167349762,167350130,"cg10437710_BC21","ICR_415"
"880","chr6",167350021,167350022,"chr6",167349762,167350130,"cg10437711_BC21","ICR_415"
"881","chr6",167350129,167350130,"chr6",167349762,167350130,"cg10437712_BC21","ICR_415"
"882","chr6",167667942,167667943,"chr6",167667942,167668201,"cg10442286_TC21","ICR_416"
"883","chr6",167668003,167668004,"chr6",167667942,167668201,"cg10442287_TC21","ICR_416"
"884","chr6",167668007,167668008,"chr6",167667942,167668201,"cg10442288_BC21","ICR_416"
"885","chr6",167668028,167668029,"chr6",167667942,167668201,"cg10442289_TC21","ICR_416"
"886","chr6",167668046,167668047,"chr6",167667942,167668201,"cg10442290_BO21","ICR_416"
"887","chr6",167668098,167668099,"chr6",167667942,167668201,"cg10442291_BC21","ICR_416"
"888","chr6",167668098,167668099,"chr6",167667942,167668201,"cg10442291_BC22","ICR_416"
"889","chr6",167668129,167668130,"chr6",167667942,167668201,"cg24826610_TC21","ICR_416"
"890","chr6",168035598,168035599,"chr6",168035598,168035887,"cg10448106_BC21","ICR_417"
"891","chr6",168035604,168035605,"chr6",168035598,168035887,"cg10448107_BC21","ICR_417"
"892","chr6",168035619,168035620,"chr6",168035598,168035887,"cg10448108_TC21","ICR_417"
"893","chr6",168035630,168035631,"chr6",168035598,168035887,"cg10448110_TC11","ICR_417"
"894","chr6",168035648,168035649,"chr6",168035598,168035887,"cg10448112_BC11","ICR_417"
"895","chr6",168035663,168035664,"chr6",168035598,168035887,"cg10448113_BC21","ICR_417"
"896","chr6",168035672,168035673,"chr6",168035598,168035887,"cg14316629_TC21","ICR_417"
"897","chr6",168035677,168035678,"chr6",168035598,168035887,"cg10448114_TC11","ICR_417"
"898","chr6",168035697,168035698,"chr6",168035598,168035887,"cg10448115_BC21","ICR_417"
"899","chr6",168035717,168035718,"chr6",168035598,168035887,"cg10448116_TC11","ICR_417"
"900","chr6",168035755,168035756,"chr6",168035598,168035887,"cg10448118_TC21","ICR_417"
"901","chr6",168035814,168035815,"chr6",168035598,168035887,"cg10448119_BC21","ICR_417"
"902","chr6",168035824,168035825,"chr6",168035598,168035887,"cg10448120_BC21","ICR_417"
"903","chr6",168035886,168035887,"chr6",168035598,168035887,"cg10448126_BC11","ICR_417"
"904","chr6",168417325,168417326,"chr6",168417325,168417653,"cg10456106_BC11","ICR_418"
"905","chr6",168417330,168417331,"chr6",168417325,168417653,"cg10456107_TC21","ICR_418"
"906","chr6",168417419,168417420,"chr6",168417325,168417653,"cg10456108_BO11","ICR_418"
"907","chr6",168417427,168417428,"chr6",168417325,168417653,"cg10456109_BC21","ICR_418"
"908","chr6",168417482,168417483,"chr6",168417325,168417653,"cg10456111_TC21","ICR_418"
"909","chr6",168417488,168417489,"chr6",168417325,168417653,"cg10456112_BC21","ICR_418"
"910","chr6",168417530,168417531,"chr6",168417325,168417653,"cg10456113_TC11","ICR_418"
"911","chr6",168417618,168417619,"chr6",168417325,168417653,"cg10456114_TC21","ICR_418"
"912","chr6",168417652,168417653,"chr6",168417325,168417653,"cg18109427_TC21","ICR_418"
"913","chr6",168638539,168638540,"chr6",168638539,168638869,"cg10460120_BC11","ICR_419"
"914","chr6",168638569,168638570,"chr6",168638539,168638869,"cg10460121_BC21","ICR_419"
"915","chr6",168638633,168638634,"chr6",168638539,168638869,"cg10460122_TO11","ICR_419"
"916","chr6",168638688,168638689,"chr6",168638539,168638869,"cg10460125_BC11","ICR_419"
"917","chr6",168638699,168638700,"chr6",168638539,168638869,"cg10460126_BC21","ICR_419"
"918","chr6",168638721,168638722,"chr6",168638539,168638869,"cg10460127_BC11","ICR_419"
"919","chr6",168638790,168638791,"chr6",168638539,168638869,"cg10460128_TC21","ICR_419"
"920","chr6",168638808,168638809,"chr6",168638539,168638869,"cg10460129_TC21","ICR_419"
"921","chr6",168638868,168638869,"chr6",168638539,168638869,"cg10460131_TC21","ICR_419"
"922","chr6",169421048,169421049,"chr6",169421048,169421128,"cg10471296_BC21","ICR_420"
"923","chr6",169421057,169421058,"chr6",169421048,169421128,"cg10471298_BC11","ICR_420"
"924","chr6",169421093,169421094,"chr6",169421048,169421128,"cg10471302_TC11","ICR_420"
"925","chr6",169421127,169421128,"chr6",169421048,169421128,"cg10471304_BC21","ICR_420"
"926","chr6",169654779,169654780,"chr6",169654760,169654900,"cg10474144_BC11","ICR_421"
"927","chr6",169654781,169654782,"chr6",169654760,169654900,"cg10474145_BC11","ICR_421"
"928","chr6",169654798,169654799,"chr6",169654760,169654900,"cg10474147_TC11","ICR_421"
"929","chr6",169654873,169654874,"chr6",169654760,169654900,"cg10474155_TC21","ICR_421"
"930","chr6",169654899,169654900,"chr6",169654760,169654900,"cg10474156_TC11","ICR_421"
"931","chr6",170286028,170286029,"chr6",170286028,170286332,"cg10487519_BC21","ICR_422"
"932","chr6",170286141,170286142,"chr6",170286028,170286332,"cg10487522_TC21","ICR_422"
"933","chr6",170286331,170286332,"chr6",170286028,170286332,"cg10487523_BC21","ICR_422"
"934","chr6",170423031,170423032,"chr6",170423031,170423404,"cg25718748_BC21","ICR_423"
"935","chr6",170423039,170423040,"chr6",170423031,170423404,"cg10489806_TC21","ICR_423"
"936","chr6",170423063,170423064,"chr6",170423031,170423404,"cg10489807_TC11","ICR_423"
"937","chr6",170423063,170423064,"chr6",170423031,170423404,"cg10489807_TC12","ICR_423"
"938","chr6",170423095,170423096,"chr6",170423031,170423404,"cg10489810_TO11","ICR_423"
"939","chr6",170423122,170423123,"chr6",170423031,170423404,"cg10489813_TC11","ICR_423"
"940","chr6",170423128,170423129,"chr6",170423031,170423404,"cg10489814_BC11","ICR_423"
"941","chr6",170423140,170423141,"chr6",170423031,170423404,"cg10489815_TC11","ICR_423"
"942","chr6",170423149,170423150,"chr6",170423031,170423404,"cg10489816_BC11","ICR_423"
"943","chr6",170423164,170423165,"chr6",170423031,170423404,"cg18217622_TC11","ICR_423"
"944","chr6",170423188,170423189,"chr6",170423031,170423404,"cg10489818_TC21","ICR_423"
"945","chr6",170423205,170423206,"chr6",170423031,170423404,"cg10489819_BC11","ICR_423"
"946","chr6",170423218,170423219,"chr6",170423031,170423404,"cg10489820_BC11","ICR_423"
"947","chr6",170423245,170423246,"chr6",170423031,170423404,"cg10489821_TC11","ICR_423"
"948","chr6",170423249,170423250,"chr6",170423031,170423404,"cg10489822_BO11","ICR_423"
"949","chr6",170423267,170423268,"chr6",170423031,170423404,"cg10489823_TC11","ICR_423"
"950","chr6",170423273,170423274,"chr6",170423031,170423404,"cg10489824_TC11","ICR_423"
"951","chr6",170423297,170423298,"chr6",170423031,170423404,"cg10489825_BC21","ICR_423"
"952","chr6",170423343,170423344,"chr6",170423031,170423404,"cg10489826_TO11","ICR_423"
"953","chr6",170423345,170423346,"chr6",170423031,170423404,"cg10489827_TO11","ICR_423"
"954","chr6",170423349,170423350,"chr6",170423031,170423404,"cg10489828_BO11","ICR_423"
"955","chr6",170423352,170423353,"chr6",170423031,170423404,"cg10489829_TC11","ICR_423"
"956","chr6",170423371,170423372,"chr6",170423031,170423404,"cg10489830_BC21","ICR_423"
"957","chr6",170423403,170423404,"chr6",170423031,170423404,"cg10489831_BC21","ICR_423"
"958","chr7",31408,31409,"chr7",31402,31557,"cg23568068_TC11","ICR_424"
"959","chr7",31421,31422,"chr7",31402,31557,"cg10492848_BC11","ICR_424"
"960","chr7",31429,31430,"chr7",31402,31557,"cg10492849_TC21","ICR_424"
"961","chr7",31466,31467,"chr7",31402,31557,"cg15535638_BC11","ICR_424"
"962","chr7",31496,31497,"chr7",31402,31557,"cg20044143_TC21","ICR_424"
"963","chr7",31500,31501,"chr7",31402,31557,"cg10492850_BC21","ICR_424"
"964","chr7",291319,291320,"chr7",291319,291450,"cg10499953_TC11","ICR_425"
"965","chr7",291328,291329,"chr7",291319,291450,"cg10499954_TC11","ICR_425"
"966","chr7",291427,291428,"chr7",291319,291450,"cg10499959_BC11","ICR_425"
"967","chr7",291447,291448,"chr7",291319,291450,"cg10499960_BO11","ICR_425"
"968","chr7",291449,291450,"chr7",291319,291450,"cg10499961_TC21","ICR_425"
"969","chr7",343521,343522,"chr7",343521,343641,"cg10501524_TC21","ICR_426"
"970","chr7",343540,343541,"chr7",343521,343641,"cg10501525_TC21","ICR_426"
"971","chr7",343585,343586,"chr7",343521,343641,"cg10501526_BO11","ICR_426"
"972","chr7",343596,343597,"chr7",343521,343641,"cg10501527_BC11","ICR_426"
"973","chr7",343611,343612,"chr7",343521,343641,"cg10501528_BC21","ICR_426"
"974","chr7",343626,343627,"chr7",343521,343641,"cg10501529_BC21","ICR_426"
"975","chr7",343640,343641,"chr7",343521,343641,"cg10501530_BC21","ICR_426"
"976","chr7",360533,360534,"chr7",360517,360693,"cg10502139_TC11","ICR_427"
"977","chr7",360588,360589,"chr7",360517,360693,"cg10502142_BC11","ICR_427"
"978","chr7",360591,360592,"chr7",360517,360693,"cg10502143_TC21","ICR_427"
"979","chr7",360601,360602,"chr7",360517,360693,"cg10502144_BC21","ICR_427"
"980","chr7",360620,360621,"chr7",360517,360693,"cg10502145_TC21","ICR_427"
"981","chr7",360626,360627,"chr7",360517,360693,"cg10502146_TC21","ICR_427"
"982","chr7",360663,360664,"chr7",360517,360693,"cg10502147_BC11","ICR_427"
"983","chr7",360687,360688,"chr7",360517,360693,"cg10502148_TC11","ICR_427"
"984","chr7",360692,360693,"chr7",360517,360693,"cg10502151_TO11","ICR_427"
"985","chr7",1041227,1041228,"chr7",1041227,1041314,"cg10523768_TC21","ICR_429"
"986","chr7",1041229,1041230,"chr7",1041227,1041314,"cg10523769_BC21","ICR_429"
"987","chr7",1159056,1159057,"chr7",1159056,1159224,"cg10527759_BC11","ICR_430"
"988","chr7",1159151,1159152,"chr7",1159056,1159224,"cg10527762_BC11","ICR_430"
"989","chr7",1159176,1159177,"chr7",1159056,1159224,"cg10527763_BC11","ICR_430"
"990","chr7",1159197,1159198,"chr7",1159056,1159224,"cg10527764_TC11","ICR_430"
"991","chr7",1159218,1159219,"chr7",1159056,1159224,"cg10527765_TC21","ICR_430"
"992","chr7",1592599,1592600,"chr7",1592599,1592972,"cg10541819_BC21","ICR_431"
"993","chr7",1592621,1592622,"chr7",1592599,1592972,"cg10541820_BC21","ICR_431"
"994","chr7",1592888,1592889,"chr7",1592599,1592972,"cg10541828_TO11","ICR_431"
"995","chr7",1592923,1592924,"chr7",1592599,1592972,"cg10541829_BC11","ICR_431"
"996","chr7",1592938,1592939,"chr7",1592599,1592972,"cg10541830_BC21","ICR_431"
"997","chr7",1592938,1592939,"chr7",1592599,1592972,"cg10541830_BC22","ICR_431"
"998","chr7",1592951,1592952,"chr7",1592599,1592972,"cg10541831_TO11","ICR_431"
"999","chr7",1663341,1663342,"chr7",1663341,1663514,"cg10543398_BC21","ICR_432"
"1000","chr7",1663366,1663367,"chr7",1663341,1663514,"cg10543399_BC21","ICR_432"
"1001","chr7",1663366,1663367,"chr7",1663341,1663514,"cg10543399_BC22","ICR_432"
"1002","chr7",1663377,1663378,"chr7",1663341,1663514,"cg10543400_TC21","ICR_432"
"1003","chr7",1663377,1663378,"chr7",1663341,1663514,"cg10543400_TC22","ICR_432"
"1004","chr7",1663482,1663483,"chr7",1663341,1663514,"cg10543402_BO11","ICR_432"
"1005","chr7",1854311,1854312,"chr7",1854261,1854393,"cg10548726_TC11","ICR_433"
"1006","chr7",1854344,1854345,"chr7",1854261,1854393,"cg10548729_TC11","ICR_433"
"1007","chr7",1854392,1854393,"chr7",1854261,1854393,"cg10548730_TC21","ICR_433"
"1008","chr7",2020007,2020008,"chr7",2019843,2020175,"cg13404206_BC21","ICR_434"
"1009","chr7",2020032,2020033,"chr7",2019843,2020175,"cg10553939_TC21","ICR_434"
"1010","chr7",2020108,2020109,"chr7",2019843,2020175,"cg10553942_TC11","ICR_434"
"1011","chr7",2020149,2020150,"chr7",2019843,2020175,"cg10553944_TC21","ICR_434"
"1012","chr7",2665065,2665066,"chr7",2665065,2665200,"cg10571890_BC11","ICR_435"
"1013","chr7",2665065,2665066,"chr7",2665065,2665200,"cg10571890_BC12","ICR_435"
"1014","chr7",2665140,2665141,"chr7",2665065,2665200,"cg10571892_BC11","ICR_435"
"1015","chr7",2665140,2665141,"chr7",2665065,2665200,"cg10571892_BC12","ICR_435"
"1016","chr7",2665146,2665147,"chr7",2665065,2665200,"cg10571893_TC11","ICR_435"
"1017","chr7",2665150,2665151,"chr7",2665065,2665200,"cg10571894_BC11","ICR_435"
"1018","chr7",2665150,2665151,"chr7",2665065,2665200,"cg10571894_BC12","ICR_435"
"1019","chr7",2665152,2665153,"chr7",2665065,2665200,"cg10571895_BC11","ICR_435"
"1020","chr7",3089398,3089399,"chr7",3089398,3089604,"cg10580199_TC21","ICR_436"
"1021","chr7",3089413,3089414,"chr7",3089398,3089604,"cg10580200_BC21","ICR_436"
"1022","chr7",3089444,3089445,"chr7",3089398,3089604,"cg10580201_BC21","ICR_436"
"1023","chr7",3089520,3089521,"chr7",3089398,3089604,"cg10580202_BC21","ICR_436"
"1024","chr7",3089531,3089532,"chr7",3089398,3089604,"cg10580203_TC21","ICR_436"
"1025","chr7",3089547,3089548,"chr7",3089398,3089604,"cg10580205_TC21","ICR_436"
"1026","chr7",3089583,3089584,"chr7",3089398,3089604,"cg10580206_TC21","ICR_436"
"1027","chr7",3089603,3089604,"chr7",3089398,3089604,"cg10580207_BC21","ICR_436"
"1028","chr7",4101907,4101908,"chr7",4101907,4102617,"cg10592685_BC21","ICR_437"
"1029","chr7",4101907,4101908,"chr7",4101907,4102617,"cg10592685_BC22","ICR_437"
"1030","chr7",4102030,4102031,"chr7",4101907,4102617,"cg10592686_BC21","ICR_437"
"1031","chr7",4102135,4102136,"chr7",4101907,4102617,"cg10592689_TC21","ICR_437"
"1032","chr7",4102135,4102136,"chr7",4101907,4102617,"cg10592689_TC22","ICR_437"
"1033","chr7",4102138,4102139,"chr7",4101907,4102617,"cg10592691_TC21","ICR_437"
"1034","chr7",4102138,4102139,"chr7",4101907,4102617,"cg10592691_TC22","ICR_437"
"1035","chr7",4102150,4102151,"chr7",4101907,4102617,"cg10592692_TC21","ICR_437"
"1036","chr7",4102150,4102151,"chr7",4101907,4102617,"cg10592692_TC22","ICR_437"
"1037","chr7",4102175,4102176,"chr7",4101907,4102617,"cg10592693_TC21","ICR_437"
"1038","chr7",4102311,4102312,"chr7",4101907,4102617,"cg10592694_TC21","ICR_437"
"1039","chr7",4102322,4102323,"chr7",4101907,4102617,"cg10592695_BC21","ICR_437"
"1040","chr7",4102364,4102365,"chr7",4101907,4102617,"cg10592696_BC21","ICR_437"
"1041","chr7",4102410,4102411,"chr7",4101907,4102617,"cg10592697_BC21","ICR_437"
"1042","chr7",4102522,4102523,"chr7",4101907,4102617,"cg10592699_TO21","ICR_437"
"1043","chr7",4102616,4102617,"chr7",4101907,4102617,"cg10592700_BC21","ICR_437"
"1044","chr7",4739359,4739360,"chr7",4739359,4739913,"cg10603862_BC21","ICR_438"
"1045","chr7",4739593,4739594,"chr7",4739359,4739913,"cg22581896_TC21","ICR_438"
"1046","chr7",4739599,4739600,"chr7",4739359,4739913,"cg10603863_BC21","ICR_438"
"1047","chr7",4739623,4739624,"chr7",4739359,4739913,"cg10603864_BC21","ICR_438"
"1048","chr7",4739623,4739624,"chr7",4739359,4739913,"cg10603864_BC22","ICR_438"
"1049","chr7",4739641,4739642,"chr7",4739359,4739913,"cg10603865_TC21","ICR_438"
"1050","chr7",4739650,4739651,"chr7",4739359,4739913,"cg10603866_BC21","ICR_438"
"1051","chr7",4739719,4739720,"chr7",4739359,4739913,"cg10603868_BC11","ICR_438"
"1052","chr7",4739726,4739727,"chr7",4739359,4739913,"cg10603869_BC11","ICR_438"
"1053","chr7",4739726,4739727,"chr7",4739359,4739913,"cg10603869_BC12","ICR_438"
"1054","chr7",4739759,4739760,"chr7",4739359,4739913,"cg10603871_TC21","ICR_438"
"1055","chr7",4739759,4739760,"chr7",4739359,4739913,"cg10603871_TC22","ICR_438"
"1056","chr7",4739822,4739823,"chr7",4739359,4739913,"cg10603872_BC21","ICR_438"
"1057","chr7",4739822,4739823,"chr7",4739359,4739913,"cg10603872_BC22","ICR_438"
"1058","chr7",4739912,4739913,"chr7",4739359,4739913,"cg10603873_BC21","ICR_438"
"1059","chr7",4739912,4739913,"chr7",4739359,4739913,"cg10603873_BC22","ICR_438"
"1060","chr7",5144491,5144492,"chr7",5144438,5144757,"cg10612941_TC11","ICR_439"
"1061","chr7",5144491,5144492,"chr7",5144438,5144757,"cg10612941_TC12","ICR_439"
"1062","chr7",5144497,5144498,"chr7",5144438,5144757,"cg10612942_TC11","ICR_439"
"1063","chr7",5144523,5144524,"chr7",5144438,5144757,"cg23549902_BC11","ICR_439"
"1064","chr7",5144526,5144527,"chr7",5144438,5144757,"cg10612946_TC11","ICR_439"
"1065","chr7",5144590,5144591,"chr7",5144438,5144757,"cg20023621_BC21","ICR_439"
"1066","chr7",5144677,5144678,"chr7",5144438,5144757,"cg10612951_BC21","ICR_439"
"1067","chr7",5144756,5144757,"chr7",5144438,5144757,"cg10612952_BC21","ICR_439"
"1068","chr7",16464181,16464182,"chr7",16464181,16464644,"cg10714352_BC21","ICR_440"
"1069","chr7",16464258,16464259,"chr7",16464181,16464644,"cg10714353_TC21","ICR_440"
"1070","chr7",16464258,16464259,"chr7",16464181,16464644,"cg10714353_TC22","ICR_440"
"1071","chr7",16464289,16464290,"chr7",16464181,16464644,"cg10714354_TC21","ICR_440"
"1072","chr7",16464370,16464371,"chr7",16464181,16464644,"cg10714355_BC21","ICR_440"
"1073","chr7",16464370,16464371,"chr7",16464181,16464644,"cg10714355_BC22","ICR_440"
"1074","chr7",16464435,16464436,"chr7",16464181,16464644,"cg10714357_BC21","ICR_440"
"1075","chr7",16464435,16464436,"chr7",16464181,16464644,"cg10714357_BC22","ICR_440"
"1076","chr7",16464508,16464509,"chr7",16464181,16464644,"cg10714358_TC21","ICR_440"
"1077","chr7",16464589,16464590,"chr7",16464181,16464644,"cg10714359_TC21","ICR_440"
"1078","chr7",19194891,19194892,"chr7",19194874,19195144,"cg10733305_BC11","ICR_441"
"1079","chr7",19194901,19194902,"chr7",19194874,19195144,"cg10733306_BC11","ICR_441"
"1080","chr7",19194906,19194907,"chr7",19194874,19195144,"cg10733307_BC11","ICR_441"
"1081","chr7",19194908,19194909,"chr7",19194874,19195144,"cg10733308_TC21","ICR_441"
"1082","chr7",19194912,19194913,"chr7",19194874,19195144,"cg10733309_BC21","ICR_441"
"1083","chr7",19194917,19194918,"chr7",19194874,19195144,"cg10733310_TC21","ICR_441"
"1084","chr7",19195010,19195011,"chr7",19194874,19195144,"cg10733313_TC21","ICR_441"
"1085","chr7",19195013,19195014,"chr7",19194874,19195144,"cg10733314_BC21","ICR_441"
"1086","chr7",19195013,19195014,"chr7",19194874,19195144,"cg10733314_BC22","ICR_441"
"1087","chr7",19195036,19195037,"chr7",19194874,19195144,"cg10733315_TC11","ICR_441"
"1088","chr7",19195036,19195037,"chr7",19194874,19195144,"cg10733315_TC12","ICR_441"
"1089","chr7",19195143,19195144,"chr7",19194874,19195144,"cg10733319_TC21","ICR_441"
"1090","chr7",22821576,22821577,"chr7",22821363,22821611,"cg10761802_BC21","ICR_442"
"1091","chr7",22821604,22821605,"chr7",22821363,22821611,"cg10761803_TC11","ICR_442"
"1092","chr7",22821604,22821605,"chr7",22821363,22821611,"cg10761803_TC12","ICR_442"
"1093","chr7",23490554,23490555,"chr7",23490489,23491453,"cg10769039_TC21","ICR_443"
"1094","chr7",23490554,23490555,"chr7",23490489,23491453,"cg10769039_TC22","ICR_443"
"1095","chr7",23490562,23490563,"chr7",23490489,23491453,"cg10769040_TC11","ICR_443"
"1096","chr7",23490566,23490567,"chr7",23490489,23491453,"cg10769041_BC11","ICR_443"
"1097","chr7",23490584,23490585,"chr7",23490489,23491453,"cg10769043_BC11","ICR_443"
"1098","chr7",23490590,23490591,"chr7",23490489,23491453,"cg10769044_TC11","ICR_443"
"1099","chr7",23490590,23490591,"chr7",23490489,23491453,"cg10769044_TC12","ICR_443"
"1100","chr7",23490620,23490621,"chr7",23490489,23491453,"cg09424415_TC11","ICR_443"
"1101","chr7",23490664,23490665,"chr7",23490489,23491453,"cg10769052_TC21","ICR_443"
"1102","chr7",23490664,23490665,"chr7",23490489,23491453,"cg10769052_TC22","ICR_443"
"1103","chr7",23490732,23490733,"chr7",23490489,23491453,"cg10769053_TC21","ICR_443"
"1104","chr7",23490815,23490816,"chr7",23490489,23491453,"cg10769055_BC21","ICR_443"
"1105","chr7",23490829,23490830,"chr7",23490489,23491453,"cg15839482_BC11","ICR_443"
"1106","chr7",23490855,23490856,"chr7",23490489,23491453,"cg10769060_TC11","ICR_443"
"1107","chr7",23490855,23490856,"chr7",23490489,23491453,"cg10769060_TC12","ICR_443"
"1108","chr7",23490886,23490887,"chr7",23490489,23491453,"cg10769061_TC21","ICR_443"
"1109","chr7",23490923,23490924,"chr7",23490489,23491453,"cg10769064_BC21","ICR_443"
"1110","chr7",23490930,23490931,"chr7",23490489,23491453,"cg10769065_BC11","ICR_443"
"1111","chr7",23490932,23490933,"chr7",23490489,23491453,"cg10769066_BC21","ICR_443"
"1112","chr7",23490932,23490933,"chr7",23490489,23491453,"cg10769066_BC22","ICR_443"
"1113","chr7",23491040,23491041,"chr7",23490489,23491453,"cg10769071_BC11","ICR_443"
"1114","chr7",23491069,23491070,"chr7",23490489,23491453,"cg26074723_TC21","ICR_443"
"1115","chr7",23491088,23491089,"chr7",23490489,23491453,"cg10769074_BC21","ICR_443"
"1116","chr7",23491190,23491191,"chr7",23490489,23491453,"cg16204552_BC21","ICR_443"
"1117","chr7",23491190,23491191,"chr7",23490489,23491453,"cg16204552_BC22","ICR_443"
"1118","chr7",23491324,23491325,"chr7",23490489,23491453,"cg10769078_TC21","ICR_443"
"1119","chr7",23491452,23491453,"chr7",23490489,23491453,"cg10769079_BO11","ICR_443"
"1120","chr7",25866369,25866370,"chr7",25866369,25866563,"cg10789591_TO11","ICR_444"
"1121","chr7",25866472,25866473,"chr7",25866369,25866563,"cg10789594_TC11","ICR_444"
"1122","chr7",25866494,25866495,"chr7",25866369,25866563,"cg10789595_BC11","ICR_444"
"1123","chr7",25866510,25866511,"chr7",25866369,25866563,"cg10789597_BC11","ICR_444"
"1124","chr7",26593584,26593585,"chr7",26593584,26593990,"cg10797767_TC21","ICR_445"
"1125","chr7",26593584,26593585,"chr7",26593584,26593990,"cg10797767_TC22","ICR_445"
"1126","chr7",26593594,26593595,"chr7",26593584,26593990,"cg10797768_BC21","ICR_445"
"1127","chr7",26593636,26593637,"chr7",26593584,26593990,"cg10797769_BC21","ICR_445"
"1128","chr7",26593746,26593747,"chr7",26593584,26593990,"cg10797772_TC21","ICR_445"
"1129","chr7",26593746,26593747,"chr7",26593584,26593990,"cg10797772_TC22","ICR_445"
"1130","chr7",26593802,26593803,"chr7",26593584,26593990,"cg10797773_BC21","ICR_445"
"1131","chr7",26593862,26593863,"chr7",26593584,26593990,"cg10797774_TC21","ICR_445"
"1132","chr7",26593989,26593990,"chr7",26593584,26593990,"cg10797775_BC21","ICR_445"
"1133","chr7",28529848,28529849,"chr7",28529300,28530933,"cg10817545_TC21","ICR_446"
"1134","chr7",28529848,28529849,"chr7",28529300,28530933,"cg10817545_TC22","ICR_446"
"1135","chr7",28530165,28530166,"chr7",28529300,28530933,"cg10817546_BC21","ICR_446"
"1136","chr7",28530210,28530211,"chr7",28529300,28530933,"cg10817547_BC21","ICR_446"
"1137","chr7",28530249,28530250,"chr7",28529300,28530933,"cg10817548_BC21","ICR_446"
"1138","chr7",28530253,28530254,"chr7",28529300,28530933,"cg10817549_TC21","ICR_446"
"1139","chr7",28530385,28530386,"chr7",28529300,28530933,"cg10817551_TC11","ICR_446"
"1140","chr7",28530413,28530414,"chr7",28529300,28530933,"cg14033170_TC21","ICR_446"
"1141","chr7",28530596,28530597,"chr7",28529300,28530933,"cg10817553_BC21","ICR_446"
"1142","chr7",28530638,28530639,"chr7",28529300,28530933,"cg10817555_TC21","ICR_446"
"1143","chr7",28530669,28530670,"chr7",28529300,28530933,"cg10817556_TC21","ICR_446"
"1144","chr7",28530704,28530705,"chr7",28529300,28530933,"cg10817557_BC21","ICR_446"
"1145","chr7",28530743,28530744,"chr7",28529300,28530933,"cg10817558_TC21","ICR_446"
"1146","chr7",28530808,28530809,"chr7",28529300,28530933,"cg10817559_BC21","ICR_446"
"1147","chr7",28530890,28530891,"chr7",28529300,28530933,"cg10817560_BC21","ICR_446"
"1148","chr7",28530932,28530933,"chr7",28529300,28530933,"cg10817561_BO11","ICR_446"
"1149","chr7",32763326,32763327,"chr7",32763313,32763459,"cg10856212_BC21","ICR_447"
"1150","chr7",32763380,32763381,"chr7",32763313,32763459,"cg10856213_TO21","ICR_447"
"1151","chr7",32763383,32763384,"chr7",32763313,32763459,"cg10856214_TC21","ICR_447"
"1152","chr7",32763406,32763407,"chr7",32763313,32763459,"cg10856215_BC21","ICR_447"
"1153","chr7",32763458,32763459,"chr7",32763313,32763459,"cg10856216_TC21","ICR_447"
"1154","chr7",32905941,32905942,"chr7",32905941,32906069,"cg10857653_TC21","ICR_448"
"1155","chr7",32905966,32905967,"chr7",32905941,32906069,"cg10857654_TC11","ICR_448"
"1156","chr7",32906018,32906019,"chr7",32905941,32906069,"cg10857658_BC11","ICR_448"
"1157","chr7",34905971,34905972,"chr7",34905971,34906557,"cg15557901_TC21","ICR_449"
"1158","chr7",34906297,34906298,"chr7",34905971,34906557,"cg10872701_BC21","ICR_449"
"1159","chr7",34906300,34906301,"chr7",34905971,34906557,"cg10872702_TC21","ICR_449"
"1160","chr7",34906427,34906428,"chr7",34905971,34906557,"cg10872711_TC11","ICR_449"
"1161","chr7",34906508,34906509,"chr7",34905971,34906557,"cg10872714_TC11","ICR_449"
"1162","chr7",34906532,34906533,"chr7",34905971,34906557,"cg15990679_TC11","ICR_449"
"1163","chr7",34906532,34906533,"chr7",34905971,34906557,"cg15990679_TC12","ICR_449"
"1164","chr7",34906540,34906541,"chr7",34905971,34906557,"cg10872716_TC11","ICR_449"
"1165","chr7",34906543,34906544,"chr7",34905971,34906557,"cg10872717_BC11","ICR_449"
"1166","chr7",39834492,39834493,"chr7",39834492,39834768,"cg10914001_TC11","ICR_450"
"1167","chr7",39834513,39834514,"chr7",39834492,39834768,"cg10914005_TC21","ICR_450"
"1168","chr7",39834564,39834565,"chr7",39834492,39834768,"cg10914006_BC21","ICR_450"
"1169","chr7",39834573,39834574,"chr7",39834492,39834768,"cg10914007_TC21","ICR_450"
"1170","chr7",41990940,41990941,"chr7",41990813,41991507,"cg10931115_TC21","ICR_451"
"1171","chr7",41991031,41991032,"chr7",41990813,41991507,"cg10931116_TC21","ICR_451"
"1172","chr7",41991147,41991148,"chr7",41990813,41991507,"cg10931117_BC21","ICR_451"
"1173","chr7",41991161,41991162,"chr7",41990813,41991507,"cg10931118_TC21","ICR_451"
"1174","chr7",41991193,41991194,"chr7",41990813,41991507,"cg10931119_BC21","ICR_451"
"1175","chr7",41991351,41991352,"chr7",41990813,41991507,"cg10931120_BC21","ICR_451"
"1176","chr7",41991356,41991357,"chr7",41990813,41991507,"cg10931121_TC11","ICR_451"
"1177","chr7",41991506,41991507,"chr7",41990813,41991507,"cg10931122_TC21","ICR_451"
"1178","chr7",45564014,45564015,"chr7",45564014,45564354,"cg10970102_TC21","ICR_452"
"1179","chr7",45564034,45564035,"chr7",45564014,45564354,"cg10970103_BC21","ICR_452"
"1180","chr7",45564205,45564206,"chr7",45564014,45564354,"cg10970105_BC21","ICR_452"
"1181","chr7",45564213,45564214,"chr7",45564014,45564354,"cg10970106_BC21","ICR_452"
"1182","chr7",45564295,45564296,"chr7",45564014,45564354,"cg10970107_TC21","ICR_452"
"1183","chr7",45564311,45564312,"chr7",45564014,45564354,"cg10970108_TC21","ICR_452"
"1184","chr7",45564353,45564354,"chr7",45564014,45564354,"cg10970109_BC21","ICR_452"
"1185","chr7",47576622,47576623,"chr7",47576622,47576932,"cg10988539_TC21","ICR_453"
"1186","chr7",47576625,47576626,"chr7",47576622,47576932,"cg10988540_TC21","ICR_453"
"1187","chr7",47576656,47576657,"chr7",47576622,47576932,"cg10988541_BC21","ICR_453"
"1188","chr7",47576708,47576709,"chr7",47576622,47576932,"cg10988542_TC21","ICR_453"
"1189","chr7",47576812,47576813,"chr7",47576622,47576932,"cg10988543_TC21","ICR_453"
"1190","chr7",47576834,47576835,"chr7",47576622,47576932,"cg10988544_TC21","ICR_453"
"1191","chr7",47576866,47576867,"chr7",47576622,47576932,"cg10988545_TC21","ICR_453"
"1192","chr7",47576866,47576867,"chr7",47576622,47576932,"cg10988545_TC22","ICR_453"
"1193","chr7",47576900,47576901,"chr7",47576622,47576932,"cg10988546_TO11","ICR_453"
"1194","chr7",47576900,47576901,"chr7",47576622,47576932,"cg10988546_TO12","ICR_453"
"1195","chr7",47576910,47576911,"chr7",47576622,47576932,"cg10988547_TO11","ICR_453"
"1196","chr7",50781637,50781638,"chr7",50781637,50783354,"cg11015235_TC21","ICR_454"
"1197","chr7",50781643,50781644,"chr7",50781637,50783354,"cg11015236_BC21","ICR_454"
"1198","chr7",50781698,50781699,"chr7",50781637,50783354,"cg11015237_BO11","ICR_454"
"1199","chr7",50781710,50781711,"chr7",50781637,50783354,"cg11015238_BC21","ICR_454"
"1200","chr7",50781766,50781767,"chr7",50781637,50783354,"cg11015240_TC11","ICR_454"
"1201","chr7",50781773,50781774,"chr7",50781637,50783354,"cg11015242_TC11","ICR_454"
"1202","chr7",50781813,50781814,"chr7",50781637,50783354,"cg11015243_BC21","ICR_454"
"1203","chr7",50781904,50781905,"chr7",50781637,50783354,"cg11015244_TC11","ICR_454"
"1204","chr7",50781941,50781942,"chr7",50781637,50783354,"cg09150232_BC21","ICR_454"
"1205","chr7",50782012,50782013,"chr7",50781637,50783354,"cg11015247_BC21","ICR_454"
"1206","chr7",50782025,50782026,"chr7",50781637,50783354,"cg16349612_BC21","ICR_454"
"1207","chr7",50782107,50782108,"chr7",50781637,50783354,"cg23742152_BC11","ICR_454"
"1208","chr7",50782111,50782112,"chr7",50781637,50783354,"cg11015254_TC11","ICR_454"
"1209","chr7",50782116,50782117,"chr7",50781637,50783354,"cg11015255_BC11","ICR_454"
"1210","chr7",50782119,50782120,"chr7",50781637,50783354,"cg11015256_TC11","ICR_454"
"1211","chr7",50782124,50782125,"chr7",50781637,50783354,"cg11015257_BC21","ICR_454"
"1212","chr7",50782151,50782152,"chr7",50781637,50783354,"cg11015259_BC11","ICR_454"
"1213","chr7",50782218,50782219,"chr7",50781637,50783354,"cg11015261_BC11","ICR_454"
"1214","chr7",50782225,50782226,"chr7",50781637,50783354,"cg11015262_TC21","ICR_454"
"1215","chr7",50782233,50782234,"chr7",50781637,50783354,"cg08835688_TC21","ICR_454"
"1216","chr7",50782233,50782234,"chr7",50781637,50783354,"cg08835688_TC22","ICR_454"
"1217","chr7",50782243,50782244,"chr7",50781637,50783354,"cg11015263_BC11","ICR_454"
"1218","chr7",50782368,50782369,"chr7",50781637,50783354,"cg11015283_BC11","ICR_454"
"1219","chr7",50782368,50782369,"chr7",50781637,50783354,"cg11015283_BC12","ICR_454"
"1220","chr7",50782375,50782376,"chr7",50781637,50783354,"cg11015285_BC11","ICR_454"
"1221","chr7",50782463,50782464,"chr7",50781637,50783354,"cg11015297_BC11","ICR_454"
"1222","chr7",50782463,50782464,"chr7",50781637,50783354,"cg11015297_BC12","ICR_454"
"1223","chr7",50782855,50782856,"chr7",50781637,50783354,"cg11015358_BC11","ICR_454"
"1224","chr7",50782858,50782859,"chr7",50781637,50783354,"cg11015359_BC21","ICR_454"
"1225","chr7",50782866,50782867,"chr7",50781637,50783354,"cg12903171_BC21","ICR_454"
"1226","chr7",50782866,50782867,"chr7",50781637,50783354,"cg12903171_BC22","ICR_454"
"1227","chr7",50782870,50782871,"chr7",50781637,50783354,"cg11015360_TC21","ICR_454"
"1228","chr7",50782914,50782915,"chr7",50781637,50783354,"cg11015361_TC11","ICR_454"
"1229","chr7",50782914,50782915,"chr7",50781637,50783354,"cg11015361_TC12","ICR_454"
"1230","chr7",50782916,50782917,"chr7",50781637,50783354,"cg11015362_BC11","ICR_454"
"1231","chr7",50782916,50782917,"chr7",50781637,50783354,"cg11015362_BC12","ICR_454"
"1232","chr7",50782922,50782923,"chr7",50781637,50783354,"cg11015363_BC11","ICR_454"
"1233","chr7",50782930,50782931,"chr7",50781637,50783354,"cg11015364_BC11","ICR_454"
"1234","chr7",50782934,50782935,"chr7",50781637,50783354,"cg11015365_BC11","ICR_454"
"1235","chr7",50782937,50782938,"chr7",50781637,50783354,"cg23023285_BC21","ICR_454"
"1236","chr7",50783057,50783058,"chr7",50781637,50783354,"cg27653667_BC11","ICR_454"
"1237","chr7",50783059,50783060,"chr7",50781637,50783354,"cg11015369_TC21","ICR_454"
"1238","chr7",50783078,50783079,"chr7",50781637,50783354,"cg19630368_TC11","ICR_454"
"1239","chr7",50783084,50783085,"chr7",50781637,50783354,"cg11015370_TC11","ICR_454"
"1240","chr7",50783105,50783106,"chr7",50781637,50783354,"cg11015371_BO11","ICR_454"
"1241","chr7",50783119,50783120,"chr7",50781637,50783354,"cg11015374_TO11","ICR_454"
"1242","chr7",50783129,50783130,"chr7",50781637,50783354,"cg11015375_TO11","ICR_454"
"1243","chr7",50783139,50783140,"chr7",50781637,50783354,"cg11015376_BC11","ICR_454"
"1244","chr7",50783141,50783142,"chr7",50781637,50783354,"cg11015377_BC11","ICR_454"
"1245","chr7",50783145,50783146,"chr7",50781637,50783354,"cg11015378_TC11","ICR_454"
"1246","chr7",50783147,50783148,"chr7",50781637,50783354,"cg11015379_TC21","ICR_454"
"1247","chr7",50783172,50783173,"chr7",50781637,50783354,"cg24977055_TC11","ICR_454"
"1248","chr7",50783315,50783316,"chr7",50781637,50783354,"cg11015384_BC21","ICR_454"
"1249","chr7",50783353,50783354,"chr7",50781637,50783354,"cg11015385_TC21","ICR_454"
"1250","chr7",55005216,55005217,"chr7",55005216,55005455,"cg11047738_TC21","ICR_455"
"1251","chr7",55005251,55005252,"chr7",55005216,55005455,"cg11047739_TC21","ICR_455"
"1252","chr7",55005269,55005270,"chr7",55005216,55005455,"cg11047740_BC11","ICR_455"
"1253","chr7",55005281,55005282,"chr7",55005216,55005455,"cg11047742_TO11","ICR_455"
"1254","chr7",55005310,55005311,"chr7",55005216,55005455,"cg11047743_TC11","ICR_455"
"1255","chr7",55005312,55005313,"chr7",55005216,55005455,"cg11047744_TC21","ICR_455"
"1256","chr7",55005319,55005320,"chr7",55005216,55005455,"cg11047745_BC21","ICR_455"
"1257","chr7",55005381,55005382,"chr7",55005216,55005455,"cg11047747_TC11","ICR_455"
"1258","chr7",55005381,55005382,"chr7",55005216,55005455,"cg11047747_TC12","ICR_455"
"1259","chr7",55005389,55005390,"chr7",55005216,55005455,"cg11047748_BC11","ICR_455"
"1260","chr7",55005432,55005433,"chr7",55005216,55005455,"cg11047751_TC11","ICR_455"
"1261","chr7",55005442,55005443,"chr7",55005216,55005455,"cg11047752_BC11","ICR_455"
"1262","chr7",55005444,55005445,"chr7",55005216,55005455,"cg11047753_TC21","ICR_455"
"1263","chr7",55005446,55005447,"chr7",55005216,55005455,"cg11047754_TC21","ICR_455"
"1264","chr7",55005454,55005455,"chr7",55005216,55005455,"cg11047755_BC21","ICR_455"
"1265","chr7",55774914,55774915,"chr7",55774810,55775090,"cg11057736_BC21","ICR_456"
"1266","chr7",55774947,55774948,"chr7",55774810,55775090,"cg11057737_BC21","ICR_456"
"1267","chr7",55774960,55774961,"chr7",55774810,55775090,"cg11057738_TC21","ICR_456"
"1268","chr7",55774989,55774990,"chr7",55774810,55775090,"cg11057739_TC21","ICR_456"
"1269","chr7",55775023,55775024,"chr7",55774810,55775090,"cg11057740_BC21","ICR_456"
"1270","chr7",55775025,55775026,"chr7",55774810,55775090,"cg11057741_TC21","ICR_456"
"1271","chr7",55775079,55775080,"chr7",55774810,55775090,"cg11057742_BC21","ICR_456"
"1272","chr7",56509717,56509718,"chr7",56508814,56510506,"cg11067745_TC21","ICR_457"
"1273","chr7",56605243,56605244,"chr7",56605243,56605356,"cg11068670_TC21","ICR_458"
"1274","chr7",56605270,56605271,"chr7",56605243,56605356,"cg11068671_TC21","ICR_458"
"1275","chr7",56605275,56605276,"chr7",56605243,56605356,"cg11068672_BC11","ICR_458"
"1276","chr7",56605330,56605331,"chr7",56605243,56605356,"cg11068674_TC21","ICR_458"
"1277","chr7",56605335,56605336,"chr7",56605243,56605356,"cg11068675_BC11","ICR_458"
"1278","chr7",56605352,56605353,"chr7",56605243,56605356,"cg11068676_BC21","ICR_458"
"1279","chr7",56605355,56605356,"chr7",56605243,56605356,"cg17082225_TC21","ICR_458"
"1280","chr7",57325716,57325717,"chr7",57325716,57326749,"cg11077822_BC21","ICR_459"
"1281","chr7",57325812,57325813,"chr7",57325716,57326749,"cg11077823_BC21","ICR_459"
"1282","chr7",57325943,57325944,"chr7",57325716,57326749,"cg11077824_TC21","ICR_459"
"1283","chr7",57326019,57326020,"chr7",57325716,57326749,"cg11077825_BC21","ICR_459"
"1284","chr7",57326218,57326219,"chr7",57325716,57326749,"cg11077826_BC21","ICR_459"
"1285","chr7",57326523,57326524,"chr7",57325716,57326749,"cg11077828_TC21","ICR_459"
"1286","chr7",58074834,58074835,"chr7",58074537,58076031,"cg11086092_TC21","ICR_461"
"1287","chr7",58075075,58075076,"chr7",58074537,58076031,"cg11086094_BC21","ICR_461"
"1288","chr7",58075191,58075192,"chr7",58074537,58076031,"cg11086095_TC21","ICR_461"
"1289","chr7",58075202,58075203,"chr7",58074537,58076031,"cg11086096_BC21","ICR_461"
"1290","chr7",58075278,58075279,"chr7",58074537,58076031,"cg11086098_TO11","ICR_461"
"1291","chr7",58075434,58075435,"chr7",58074537,58076031,"cg11086099_TC21","ICR_461"
"1292","chr7",60945117,60945118,"chr7",60945006,60945409,"cg11095449_BC21","ICR_462"
"1293","chr7",60945255,60945256,"chr7",60945006,60945409,"cg11095451_BC21","ICR_462"
"1294","chr7",60945303,60945304,"chr7",60945006,60945409,"cg11095452_TC21","ICR_462"
"1295","chr7",61086328,61086329,"chr7",61084696,61086368,"cg11098269_BO11","ICR_463"
"1296","chr7",61086367,61086368,"chr7",61084696,61086368,"cg11098270_TC21","ICR_463"
"1297","chr7",62276189,62276190,"chr7",62276175,62276296,"cg11102999_TC11","ICR_464"
"1298","chr7",62276225,62276226,"chr7",62276175,62276296,"cg11103004_BC11","ICR_464"
"1299","chr7",62276248,62276249,"chr7",62276175,62276296,"cg11103006_TC11","ICR_464"
"1300","chr7",62276251,62276252,"chr7",62276175,62276296,"cg11103007_TC11","ICR_464"
"1301","chr7",62276265,62276266,"chr7",62276175,62276296,"cg11103008_TC11","ICR_464"
"1302","chr7",62276267,62276268,"chr7",62276175,62276296,"cg11103009_BC11","ICR_464"
"1303","chr7",62276287,62276288,"chr7",62276175,62276296,"cg11103011_TC11","ICR_464"
"1304","chr7",62276287,62276288,"chr7",62276175,62276296,"cg11103011_TC12","ICR_464"
"1305","chr7",62379435,62379436,"chr7",62379352,62379440,"cg11105233_BC11","ICR_465"
"1306","chr7",62379438,62379439,"chr7",62379352,62379440,"cg11105234_BC11","ICR_465"
"1307","chr7",62379438,62379439,"chr7",62379352,62379440,"cg11105234_BC12","ICR_465"
"1308","chr7",62379748,62379749,"chr7",62379748,62379858,"cg11105270_BC11","ICR_466"
"1309","chr7",62379751,62379752,"chr7",62379748,62379858,"cg11105271_TC11","ICR_466"
"1310","chr7",62379754,62379755,"chr7",62379748,62379858,"cg11105272_TC11","ICR_466"
"1311","chr7",62379756,62379757,"chr7",62379748,62379858,"cg11105273_TC21","ICR_466"
"1312","chr7",62379792,62379793,"chr7",62379748,62379858,"cg11105274_BC11","ICR_466"
"1313","chr7",67772904,67772905,"chr7",67772904,67773321,"cg11163197_TC21","ICR_468"
"1314","chr7",67773011,67773012,"chr7",67772904,67773321,"cg11163198_BC21","ICR_468"
"1315","chr7",67773087,67773088,"chr7",67772904,67773321,"cg11163199_BC21","ICR_468"
"1316","chr7",67773266,67773267,"chr7",67772904,67773321,"cg11163200_BC21","ICR_468"
"1317","chr7",67773284,67773285,"chr7",67772904,67773321,"cg11163201_BC21","ICR_468"
"1318","chr7",67773292,67773293,"chr7",67772904,67773321,"cg11163202_TC21","ICR_468"
"1319","chr7",69233972,69233973,"chr7",69233759,69233973,"cg11178705_TC11","ICR_469"
"1320","chr7",73330190,73330191,"chr7",73330190,73330782,"cg11226053_TC21","ICR_470"
"1321","chr7",73330224,73330225,"chr7",73330190,73330782,"cg11226054_BO11","ICR_470"
"1322","chr7",73330231,73330232,"chr7",73330190,73330782,"cg11226055_TO11","ICR_470"
"1323","chr7",73330392,73330393,"chr7",73330190,73330782,"cg11226057_TC21","ICR_470"
"1324","chr7",73330446,73330447,"chr7",73330190,73330782,"cg11226058_TC21","ICR_470"
"1325","chr7",73330466,73330467,"chr7",73330190,73330782,"cg11226059_TC11","ICR_470"
"1326","chr7",73330489,73330490,"chr7",73330190,73330782,"cg11226063_TO21","ICR_470"
"1327","chr7",73330658,73330659,"chr7",73330190,73330782,"cg21513415_BC21","ICR_470"
"1328","chr7",73330658,73330659,"chr7",73330190,73330782,"cg21513415_BC22","ICR_470"
"1329","chr7",73330781,73330782,"chr7",73330190,73330782,"cg11226064_BC21","ICR_470"
"1330","chr7",73345068,73345069,"chr7",73345068,73346101,"cg11226277_BC21","ICR_471"
"1331","chr7",73345113,73345114,"chr7",73345068,73346101,"cg11226278_TC21","ICR_471"
"1332","chr7",73345355,73345356,"chr7",73345068,73346101,"cg11226279_TC21","ICR_471"
"1333","chr7",73345504,73345505,"chr7",73345068,73346101,"cg11226280_TC21","ICR_471"
"1334","chr7",73345851,73345852,"chr7",73345068,73346101,"cg11226281_TC21","ICR_471"
"1335","chr7",73345873,73345874,"chr7",73345068,73346101,"cg11226282_TC21","ICR_471"
"1336","chr7",73345891,73345892,"chr7",73345068,73346101,"cg11226283_TC11","ICR_471"
"1337","chr7",73345984,73345985,"chr7",73345068,73346101,"cg11226286_TC21","ICR_471"
"1338","chr7",73346100,73346101,"chr7",73345068,73346101,"cg11226287_BC21","ICR_471"
"1339","chr7",73346100,73346101,"chr7",73345068,73346101,"cg11226287_BC22","ICR_471"
"1340","chr7",76047135,76047136,"chr7",76047074,76047217,"cg11270745_TC21","ICR_472"
"1341","chr7",76150205,76150206,"chr7",76150205,76150703,"cg11272317_TC21","ICR_473"
"1342","chr7",76150318,76150319,"chr7",76150205,76150703,"cg11272318_TC21","ICR_473"
"1343","chr7",76150321,76150322,"chr7",76150205,76150703,"cg11272319_BC21","ICR_473"
"1344","chr7",76150370,76150371,"chr7",76150205,76150703,"cg11272325_BC11","ICR_473"
"1345","chr7",76150370,76150371,"chr7",76150205,76150703,"cg11272325_BC12","ICR_473"
"1346","chr7",76150405,76150406,"chr7",76150205,76150703,"cg11272327_TC11","ICR_473"
"1347","chr7",76150469,76150470,"chr7",76150205,76150703,"cg11272330_TC11","ICR_473"
"1348","chr7",76150469,76150470,"chr7",76150205,76150703,"cg11272330_TC12","ICR_473"
"1349","chr7",76150480,76150481,"chr7",76150205,76150703,"cg11272331_TC11","ICR_473"
"1350","chr7",76150516,76150517,"chr7",76150205,76150703,"cg11272338_BC11","ICR_473"
"1351","chr7",76150519,76150520,"chr7",76150205,76150703,"cg11272339_TC11","ICR_473"
"1352","chr7",76150526,76150527,"chr7",76150205,76150703,"cg11272340_BC11","ICR_473"
"1353","chr7",76150528,76150529,"chr7",76150205,76150703,"cg11272341_TC21","ICR_473"
"1354","chr7",76150538,76150539,"chr7",76150205,76150703,"cg14329783_BC21","ICR_473"
"1355","chr7",76150543,76150544,"chr7",76150205,76150703,"cg11272342_TC21","ICR_473"
"1356","chr7",76150560,76150561,"chr7",76150205,76150703,"cg11272343_TC11","ICR_473"
"1357","chr7",76150597,76150598,"chr7",76150205,76150703,"cg11272345_BC11","ICR_473"
"1358","chr7",76150597,76150598,"chr7",76150205,76150703,"cg11272345_BC12","ICR_473"
"1359","chr7",76150604,76150605,"chr7",76150205,76150703,"cg11272346_BO11","ICR_473"
"1360","chr7",76150619,76150620,"chr7",76150205,76150703,"cg11272347_BO11","ICR_473"
"1361","chr7",76150632,76150633,"chr7",76150205,76150703,"cg11272348_TC11","ICR_473"
"1362","chr7",76150667,76150668,"chr7",76150205,76150703,"cg11272353_TC11","ICR_473"
"1363","chr7",76150699,76150700,"chr7",76150205,76150703,"cg11272354_BO11","ICR_473"
"1364","chr7",76499846,76499847,"chr7",76499726,76499956,"cg11279255_BC11","ICR_474"
"1365","chr7",94656359,94656360,"chr7",94656359,94658647,"cg19924104_BC11","ICR_475"
"1366","chr7",94656372,94656373,"chr7",94656359,94658647,"cg11589966_TC11","ICR_475"
"1367","chr7",94656399,94656400,"chr7",94656359,94658647,"cg27435646_BC11","ICR_475"
"1368","chr7",94656415,94656416,"chr7",94656359,94658647,"cg11395520_TC11","ICR_475"
"1369","chr7",94656455,94656456,"chr7",94656359,94658647,"cg10105290_BC11","ICR_475"
"1370","chr7",94656464,94656465,"chr7",94656359,94658647,"cg19079047_BC11","ICR_475"
"1371","chr7",94656479,94656480,"chr7",94656359,94658647,"cg11395521_TC11","ICR_475"
"1372","chr7",94656520,94656521,"chr7",94656359,94658647,"cg11395524_BO11","ICR_475"
"1373","chr7",94656560,94656561,"chr7",94656359,94658647,"cg13660372_TC11","ICR_475"
"1374","chr7",94656576,94656577,"chr7",94656359,94658647,"cg11395526_BC11","ICR_475"
"1375","chr7",94656589,94656590,"chr7",94656359,94658647,"cg21778340_TC11","ICR_475"
"1376","chr7",94656589,94656590,"chr7",94656359,94658647,"cg21778340_TC12","ICR_475"
"1377","chr7",94656618,94656619,"chr7",94656359,94658647,"cg11395527_TC11","ICR_475"
"1378","chr7",94656629,94656630,"chr7",94656359,94658647,"cg09910998_TC11","ICR_475"
"1379","chr7",94656638,94656639,"chr7",94656359,94658647,"cg27393730_BC11","ICR_475"
"1380","chr7",94656680,94656681,"chr7",94656359,94658647,"cg27230044_BC21","ICR_475"
"1381","chr7",94656694,94656695,"chr7",94656359,94658647,"cg11395528_TC21","ICR_475"
"1382","chr7",94656797,94656798,"chr7",94656359,94658647,"cg26997085_BC21","ICR_475"
"1383","chr7",94656818,94656819,"chr7",94656359,94658647,"cg22331138_BC21","ICR_475"
"1384","chr7",94656836,94656837,"chr7",94656359,94658647,"cg11395529_BC11","ICR_475"
"1385","chr7",94656836,94656837,"chr7",94656359,94658647,"cg11395529_BC12","ICR_475"
"1386","chr7",94656861,94656862,"chr7",94656359,94658647,"cg11395530_BC11","ICR_475"
"1387","chr7",94656895,94656896,"chr7",94656359,94658647,"cg16492735_TC21","ICR_475"
"1388","chr7",94656895,94656896,"chr7",94656359,94658647,"cg16492735_TC22","ICR_475"
"1389","chr7",94656906,94656907,"chr7",94656359,94658647,"cg09512080_TC21","ICR_475"
"1390","chr7",94656906,94656907,"chr7",94656359,94658647,"cg09512080_TC22","ICR_475"
"1391","chr7",94656930,94656931,"chr7",94656359,94658647,"cg26503018_BC21","ICR_475"
"1392","chr7",94656941,94656942,"chr7",94656359,94658647,"cg11395531_TC11","ICR_475"
"1393","chr7",94656948,94656949,"chr7",94656359,94658647,"cg27120649_BC11","ICR_475"
"1394","chr7",94656950,94656951,"chr7",94656359,94658647,"cg21771834_BC21","ICR_475"
"1395","chr7",94656954,94656955,"chr7",94656359,94658647,"cg27001184_TC21","ICR_475"
"1396","chr7",94656981,94656982,"chr7",94656359,94658647,"cg23342787_TC21","ICR_475"
"1397","chr7",94656991,94656992,"chr7",94656359,94658647,"cg14873490_BC11","ICR_475"
"1398","chr7",94657008,94657009,"chr7",94656359,94658647,"cg11395532_BC21","ICR_475"
"1399","chr7",94657038,94657039,"chr7",94656359,94658647,"cg11985632_BC21","ICR_475"
"1400","chr7",94657049,94657050,"chr7",94656359,94658647,"cg13797824_BC21","ICR_475"
"1401","chr7",94657064,94657065,"chr7",94656359,94658647,"cg11395533_BC21","ICR_475"
"1402","chr7",94657064,94657065,"chr7",94656359,94658647,"cg11395533_BC22","ICR_475"
"1403","chr7",94657074,94657075,"chr7",94656359,94658647,"cg11395534_TC21","ICR_475"
"1404","chr7",94657107,94657108,"chr7",94656359,94658647,"cg11175683_TC21","ICR_475"
"1405","chr7",94657160,94657161,"chr7",94656359,94658647,"cg11562309_BC11","ICR_475"
"1406","chr7",94657171,94657172,"chr7",94656359,94658647,"cg18898992_TC21","ICR_475"
"1407","chr7",94657176,94657177,"chr7",94656359,94658647,"cg11395535_TC11","ICR_475"
"1408","chr7",94657189,94657190,"chr7",94656359,94658647,"cg11395537_BC11","ICR_475"
"1409","chr7",94657208,94657209,"chr7",94656359,94658647,"cg19663555_BC21","ICR_475"
"1410","chr7",94657246,94657247,"chr7",94656359,94658647,"cg21853542_TC21","ICR_475"
"1411","chr7",94657313,94657314,"chr7",94656359,94658647,"cg11395538_TC11","ICR_475"
"1412","chr7",94657337,94657338,"chr7",94656359,94658647,"cg09890341_BC21","ICR_475"
"1413","chr7",94657356,94657357,"chr7",94656359,94658647,"cg20041873_BC21","ICR_475"
"1414","chr7",94657521,94657522,"chr7",94656359,94658647,"cg22924867_BC21","ICR_475"
"1415","chr7",94657642,94657643,"chr7",94656359,94658647,"cg18139769_TC21","ICR_475"
"1416","chr7",94657650,94657651,"chr7",94656359,94658647,"cg11395539_BC11","ICR_475"
"1417","chr7",94657694,94657695,"chr7",94656359,94658647,"cg11395540_BC21","ICR_475"
"1418","chr7",94657848,94657849,"chr7",94656359,94658647,"cg11395543_BC21","ICR_475"
"1419","chr7",94657873,94657874,"chr7",94656359,94658647,"cg12397924_BC11","ICR_475"
"1420","chr7",94657883,94657884,"chr7",94656359,94658647,"cg11395544_BC11","ICR_475"
"1421","chr7",94657898,94657899,"chr7",94656359,94658647,"cg15696408_BC11","ICR_475"
"1422","chr7",94657911,94657912,"chr7",94656359,94658647,"cg11395545_BC11","ICR_475"
"1423","chr7",94657913,94657914,"chr7",94656359,94658647,"cg11395546_TC11","ICR_475"
"1424","chr7",94657927,94657928,"chr7",94656359,94658647,"cg11395547_BC11","ICR_475"
"1425","chr7",94657929,94657930,"chr7",94656359,94658647,"cg22820921_TC11","ICR_475"
"1426","chr7",94658055,94658056,"chr7",94656359,94658647,"cg11395552_TC21","ICR_475"
"1427","chr7",94658070,94658071,"chr7",94656359,94658647,"cg11395553_TC11","ICR_475"
"1428","chr7",94658145,94658146,"chr7",94656359,94658647,"cg11395555_TC21","ICR_475"
"1429","chr7",94658145,94658146,"chr7",94656359,94658647,"cg11395555_TC22","ICR_475"
"1430","chr7",94658235,94658236,"chr7",94656359,94658647,"cg11395559_TC21","ICR_475"
"1431","chr7",94658325,94658326,"chr7",94656359,94658647,"cg11395562_TC21","ICR_475"
"1432","chr7",94658370,94658371,"chr7",94656359,94658647,"cg11395564_TC11","ICR_475"
"1433","chr7",94658581,94658582,"chr7",94656359,94658647,"cg11395571_BC21","ICR_475"
"1434","chr7",94658584,94658585,"chr7",94656359,94658647,"cg11395572_TC21","ICR_475"
"1435","chr7",94658600,94658601,"chr7",94656359,94658647,"cg11395573_TC11","ICR_475"
"1436","chr7",94658636,94658637,"chr7",94656359,94658647,"cg11395574_BC21","ICR_475"
"1437","chr7",94658646,94658647,"chr7",94656359,94658647,"cg11395575_TC21","ICR_475"
"1438","chr7",100482860,100482861,"chr7",100482860,100482979,"cg11460615_TC21","ICR_476"
"1439","chr7",100482882,100482883,"chr7",100482860,100482979,"cg08723608_TC21","ICR_476"
"1440","chr7",100482918,100482919,"chr7",100482860,100482979,"cg11460616_BC21","ICR_476"
"1441","chr7",100482936,100482937,"chr7",100482860,100482979,"cg11460617_TC11","ICR_476"
"1442","chr7",100482951,100482952,"chr7",100482860,100482979,"cg11460618_TC21","ICR_476"
"1443","chr7",100482962,100482963,"chr7",100482860,100482979,"cg19472770_BC21","ICR_476"
"1444","chr7",100482978,100482979,"chr7",100482860,100482979,"cg11460619_TC21","ICR_476"
"1445","chr7",102441701,102441702,"chr7",102441701,102441973,"cg14519534_TC21","ICR_477"
"1446","chr7",102441778,102441779,"chr7",102441701,102441973,"cg11500832_BC21","ICR_477"
"1447","chr7",102441802,102441803,"chr7",102441701,102441973,"cg11500833_TC21","ICR_477"
"1448","chr7",102441834,102441835,"chr7",102441701,102441973,"cg11500835_BC21","ICR_477"
"1449","chr7",102441841,102441842,"chr7",102441701,102441973,"cg11500836_BC21","ICR_477"
"1450","chr7",102441850,102441851,"chr7",102441701,102441973,"cg11500837_BC21","ICR_477"
"1451","chr7",102441922,102441923,"chr7",102441701,102441973,"cg11500838_TO11","ICR_477"
"1452","chr7",102441972,102441973,"chr7",102441701,102441973,"cg11500839_TC21","ICR_477"
"1453","chr7",103146270,103146271,"chr7",103146270,103147608,"cg11507606_BC11","ICR_478"
"1454","chr7",103146447,103146448,"chr7",103146270,103147608,"cg11507612_BC21","ICR_478"
"1455","chr7",103146725,103146726,"chr7",103146270,103147608,"cg20081724_TC21","ICR_478"
"1456","chr7",103146753,103146754,"chr7",103146270,103147608,"cg11507613_BC21","ICR_478"
"1457","chr7",103146769,103146770,"chr7",103146270,103147608,"cg11507614_TC21","ICR_478"
"1458","chr7",103147188,103147189,"chr7",103146270,103147608,"cg11507616_TC21","ICR_478"
"1459","chr7",103147607,103147608,"chr7",103146270,103147608,"cg11507617_BC21","ICR_478"
"1460","chr7",127587704,127587705,"chr7",127587704,127587806,"cg11668293_TC21","ICR_480"
"1461","chr7",127587712,127587713,"chr7",127587704,127587806,"cg11668294_TC21","ICR_480"
"1462","chr7",127587719,127587720,"chr7",127587704,127587806,"cg11668295_TC21","ICR_480"
"1463","chr7",127587735,127587736,"chr7",127587704,127587806,"cg11668296_TC11","ICR_480"
"1464","chr7",127587742,127587743,"chr7",127587704,127587806,"cg11668297_BC11","ICR_480"
"1465","chr7",127587749,127587750,"chr7",127587704,127587806,"cg11668298_TC21","ICR_480"
"1466","chr7",127587758,127587759,"chr7",127587704,127587806,"cg11668299_BC21","ICR_480"
"1467","chr7",127587802,127587803,"chr7",127587704,127587806,"cg12288726_TC21","ICR_480"
"1468","chr7",127587805,127587806,"chr7",127587704,127587806,"cg11668300_BC21","ICR_480"
"1469","chr7",130490639,130490640,"chr7",130490639,130494200,"cg14584935_BC21","ICR_481"
"1470","chr7",130490706,130490707,"chr7",130490639,130494200,"cg11705254_BC21","ICR_481"
"1471","chr7",130490719,130490720,"chr7",130490639,130494200,"cg11705255_TC21","ICR_481"
"1472","chr7",130490724,130490725,"chr7",130490639,130494200,"cg11705256_BC21","ICR_481"
"1473","chr7",130490990,130490991,"chr7",130490639,130494200,"cg11705266_BC11","ICR_481"
"1474","chr7",130491035,130491036,"chr7",130490639,130494200,"cg11705270_BC11","ICR_481"
"1475","chr7",130491042,130491043,"chr7",130490639,130494200,"cg11705271_BC11","ICR_481"
"1476","chr7",130491046,130491047,"chr7",130490639,130494200,"cg11705272_BC11","ICR_481"
"1477","chr7",130491050,130491051,"chr7",130490639,130494200,"cg11705273_TC11","ICR_481"
"1478","chr7",130491055,130491056,"chr7",130490639,130494200,"cg11705274_TC11","ICR_481"
"1479","chr7",130491063,130491064,"chr7",130490639,130494200,"cg11705275_TC11","ICR_481"
"1480","chr7",130491067,130491068,"chr7",130490639,130494200,"cg11705276_BC11","ICR_481"
"1481","chr7",130491076,130491077,"chr7",130490639,130494200,"cg27417677_TC21","ICR_481"
"1482","chr7",130491076,130491077,"chr7",130490639,130494200,"cg27417677_TC22","ICR_481"
"1483","chr7",130491102,130491103,"chr7",130490639,130494200,"cg11705277_BC11","ICR_481"
"1484","chr7",130491128,130491129,"chr7",130490639,130494200,"cg11705278_TC21","ICR_481"
"1485","chr7",130491153,130491154,"chr7",130490639,130494200,"cg09003373_BC21","ICR_481"
"1486","chr7",130491153,130491154,"chr7",130490639,130494200,"cg09003373_BC22","ICR_481"
"1487","chr7",130491243,130491244,"chr7",130490639,130494200,"cg14088957_BC21","ICR_481"
"1488","chr7",130491296,130491297,"chr7",130490639,130494200,"cg20297423_BC21","ICR_481"
"1489","chr7",130491301,130491302,"chr7",130490639,130494200,"cg11705279_TC21","ICR_481"
"1490","chr7",130491347,130491348,"chr7",130490639,130494200,"cg08734637_TC11","ICR_481"
"1491","chr7",130491347,130491348,"chr7",130490639,130494200,"cg08734637_TC12","ICR_481"
"1492","chr7",130491365,130491366,"chr7",130490639,130494200,"cg11705284_TC11","ICR_481"
"1493","chr7",130491368,130491369,"chr7",130490639,130494200,"cg11705285_TC11","ICR_481"
"1494","chr7",130491416,130491417,"chr7",130490639,130494200,"cg13917504_BC21","ICR_481"
"1495","chr7",130491426,130491427,"chr7",130490639,130494200,"cg25407198_BC21","ICR_481"
"1496","chr7",130491517,130491518,"chr7",130490639,130494200,"cg21667116_BC21","ICR_481"
"1497","chr7",130491525,130491526,"chr7",130490639,130494200,"cg23156962_TC21","ICR_481"
"1498","chr7",130491525,130491526,"chr7",130490639,130494200,"cg23156962_TC22","ICR_481"
"1499","chr7",130491543,130491544,"chr7",130490639,130494200,"cg11705291_BC11","ICR_481"
"1500","chr7",130491574,130491575,"chr7",130490639,130494200,"cg11705292_BC21","ICR_481"
"1501","chr7",130491581,130491582,"chr7",130490639,130494200,"cg11705293_BC11","ICR_481"
"1502","chr7",130491633,130491634,"chr7",130490639,130494200,"cg11705298_BC11","ICR_481"
"1503","chr7",130491638,130491639,"chr7",130490639,130494200,"cg17079325_BC21","ICR_481"
"1504","chr7",130491673,130491674,"chr7",130490639,130494200,"cg11705299_BO11","ICR_481"
"1505","chr7",130491677,130491678,"chr7",130490639,130494200,"cg11705300_BO11","ICR_481"
"1506","chr7",130491724,130491725,"chr7",130490639,130494200,"cg18934293_TC21","ICR_481"
"1507","chr7",130491834,130491835,"chr7",130490639,130494200,"cg12347392_TC21","ICR_481"
"1508","chr7",130491867,130491868,"chr7",130490639,130494200,"cg19386484_TC11","ICR_481"
"1509","chr7",130491888,130491889,"chr7",130490639,130494200,"cg26708559_TC21","ICR_481"
"1510","chr7",130491955,130491956,"chr7",130490639,130494200,"cg22705386_BC21","ICR_481"
"1511","chr7",130491966,130491967,"chr7",130490639,130494200,"cg11705302_TC21","ICR_481"
"1512","chr7",130491987,130491988,"chr7",130490639,130494200,"cg10249538_BC11","ICR_481"
"1513","chr7",130492020,130492021,"chr7",130490639,130494200,"cg11705305_BC11","ICR_481"
"1514","chr7",130492027,130492028,"chr7",130490639,130494200,"cg16823958_TC11","ICR_481"
"1515","chr7",130492027,130492028,"chr7",130490639,130494200,"cg16823958_TC12","ICR_481"
"1516","chr7",130492038,130492039,"chr7",130490639,130494200,"cg11705306_TC11","ICR_481"
"1517","chr7",130492043,130492044,"chr7",130490639,130494200,"cg27338480_BC11","ICR_481"
"1518","chr7",130492045,130492046,"chr7",130490639,130494200,"cg09080913_BC11","ICR_481"
"1519","chr7",130492063,130492064,"chr7",130490639,130494200,"cg13104298_TC11","ICR_481"
"1520","chr7",130492081,130492082,"chr7",130490639,130494200,"cg20050761_TC11","ICR_481"
"1521","chr7",130492087,130492088,"chr7",130490639,130494200,"cg11705307_BC11","ICR_481"
"1522","chr7",130492106,130492107,"chr7",130490639,130494200,"cg11705308_BO11","ICR_481"
"1523","chr7",130492134,130492135,"chr7",130490639,130494200,"cg11705312_TO11","ICR_481"
"1524","chr7",130492140,130492141,"chr7",130490639,130494200,"cg11705313_TO11","ICR_481"
"1525","chr7",130492357,130492358,"chr7",130490639,130494200,"cg17580798_TC11","ICR_481"
"1526","chr7",130492401,130492402,"chr7",130490639,130494200,"cg11705347_BC11","ICR_481"
"1527","chr7",130492444,130492445,"chr7",130490639,130494200,"cg27589003_TC11","ICR_481"
"1528","chr7",130492456,130492457,"chr7",130490639,130494200,"cg19344806_BC11","ICR_481"
"1529","chr7",130492463,130492464,"chr7",130490639,130494200,"cg23714917_BC11","ICR_481"
"1530","chr7",130492468,130492469,"chr7",130490639,130494200,"cg11705348_BC11","ICR_481"
"1531","chr7",130492475,130492476,"chr7",130490639,130494200,"cg11705349_BC11","ICR_481"
"1532","chr7",130492477,130492478,"chr7",130490639,130494200,"cg21200654_BC21","ICR_481"
"1533","chr7",130492481,130492482,"chr7",130490639,130494200,"cg11705350_TC21","ICR_481"
"1534","chr7",130492537,130492538,"chr7",130490639,130494200,"cg11705351_TO11","ICR_481"
"1535","chr7",130492539,130492540,"chr7",130490639,130494200,"cg11705352_BO11","ICR_481"
"1536","chr7",130492571,130492572,"chr7",130490639,130494200,"cg09462536_BC21","ICR_481"
"1537","chr7",130492577,130492578,"chr7",130490639,130494200,"cg22592140_TC21","ICR_481"
"1538","chr7",130492611,130492612,"chr7",130490639,130494200,"cg13986840_BC21","ICR_481"
"1539","chr7",130492663,130492664,"chr7",130490639,130494200,"cg18183281_TC21","ICR_481"
"1540","chr7",130492700,130492701,"chr7",130490639,130494200,"cg11705353_TC21","ICR_481"
"1541","chr7",130492764,130492765,"chr7",130490639,130494200,"cg11705354_TC21","ICR_481"
"1542","chr7",130492795,130492796,"chr7",130490639,130494200,"cg11705355_TC21","ICR_481"
"1543","chr7",130492811,130492812,"chr7",130490639,130494200,"cg11705356_BC21","ICR_481"
"1544","chr7",130492832,130492833,"chr7",130490639,130494200,"cg11705357_TC21","ICR_481"
"1545","chr7",130492832,130492833,"chr7",130490639,130494200,"cg11705357_TC22","ICR_481"
"1546","chr7",130492835,130492836,"chr7",130490639,130494200,"cg11705358_BC11","ICR_481"
"1547","chr7",130492841,130492842,"chr7",130490639,130494200,"cg11705359_TO11","ICR_481"
"1548","chr7",130492846,130492847,"chr7",130490639,130494200,"cg11705360_TC11","ICR_481"
"1549","chr7",130492848,130492849,"chr7",130490639,130494200,"cg11705361_TC21","ICR_481"
"1550","chr7",130492869,130492870,"chr7",130490639,130494200,"cg11705362_TC21","ICR_481"
"1551","chr7",130492885,130492886,"chr7",130490639,130494200,"cg23312013_TC21","ICR_481"
"1552","chr7",130492885,130492886,"chr7",130490639,130494200,"cg23312013_TC22","ICR_481"
"1553","chr7",130492913,130492914,"chr7",130490639,130494200,"cg11705363_TC21","ICR_481"
"1554","chr7",130492923,130492924,"chr7",130490639,130494200,"cg11705364_TC21","ICR_481"
"1555","chr7",130492948,130492949,"chr7",130490639,130494200,"cg14952237_TC21","ICR_481"
"1556","chr7",130492958,130492959,"chr7",130490639,130494200,"cg11705365_TC21","ICR_481"
"1557","chr7",130492980,130492981,"chr7",130490639,130494200,"cg11705366_BC21","ICR_481"
"1558","chr7",130492989,130492990,"chr7",130490639,130494200,"cg11705367_BC11","ICR_481"
"1559","chr7",130492994,130492995,"chr7",130490639,130494200,"cg11705368_BC11","ICR_481"
"1560","chr7",130493015,130493016,"chr7",130490639,130494200,"cg11705369_TC11","ICR_481"
"1561","chr7",130493032,130493033,"chr7",130490639,130494200,"cg11705371_BC11","ICR_481"
"1562","chr7",130493038,130493039,"chr7",130490639,130494200,"cg11705372_TC11","ICR_481"
"1563","chr7",130493041,130493042,"chr7",130490639,130494200,"cg11705373_TC11","ICR_481"
"1564","chr7",130493043,130493044,"chr7",130490639,130494200,"cg11705374_TC11","ICR_481"
"1565","chr7",130493077,130493078,"chr7",130490639,130494200,"cg11705375_TC11","ICR_481"
"1566","chr7",130493083,130493084,"chr7",130490639,130494200,"cg11705376_BC11","ICR_481"
"1567","chr7",130493093,130493094,"chr7",130490639,130494200,"cg11705377_BC21","ICR_481"
"1568","chr7",130493109,130493110,"chr7",130490639,130494200,"cg11705378_TC21","ICR_481"
"1569","chr7",130493118,130493119,"chr7",130490639,130494200,"cg11705379_TC21","ICR_481"
"1570","chr7",130493118,130493119,"chr7",130490639,130494200,"cg11705379_TC22","ICR_481"
"1571","chr7",130493125,130493126,"chr7",130490639,130494200,"cg11705380_TC11","ICR_481"
"1572","chr7",130493158,130493159,"chr7",130490639,130494200,"cg11705381_TC21","ICR_481"
"1573","chr7",130493160,130493161,"chr7",130490639,130494200,"cg11705382_BC11","ICR_481"
"1574","chr7",130493170,130493171,"chr7",130490639,130494200,"cg11705383_BC21","ICR_481"
"1575","chr7",130493173,130493174,"chr7",130490639,130494200,"cg11705384_TC21","ICR_481"
"1576","chr7",130493197,130493198,"chr7",130490639,130494200,"cg11705385_TC11","ICR_481"
"1577","chr7",130493223,130493224,"chr7",130490639,130494200,"cg11705387_BC21","ICR_481"
"1578","chr7",130493241,130493242,"chr7",130490639,130494200,"cg11705388_TC11","ICR_481"
"1579","chr7",130493246,130493247,"chr7",130490639,130494200,"cg11705389_TC11","ICR_481"
"1580","chr7",130493248,130493249,"chr7",130490639,130494200,"cg11705390_TC11","ICR_481"
"1581","chr7",130493251,130493252,"chr7",130490639,130494200,"cg11705391_BC11","ICR_481"
"1582","chr7",130493254,130493255,"chr7",130490639,130494200,"cg11705392_TC11","ICR_481"
"1583","chr7",130493291,130493292,"chr7",130490639,130494200,"cg11705393_BC21","ICR_481"
"1584","chr7",130493379,130493380,"chr7",130490639,130494200,"cg11705394_TC21","ICR_481"
"1585","chr7",130493448,130493449,"chr7",130490639,130494200,"cg11705395_TC21","ICR_481"
"1586","chr7",130493649,130493650,"chr7",130490639,130494200,"cg11705398_TC11","ICR_481"
"1587","chr7",130493652,130493653,"chr7",130490639,130494200,"cg11705399_TC11","ICR_481"
"1588","chr7",130493673,130493674,"chr7",130490639,130494200,"cg11705402_TC21","ICR_481"
"1589","chr7",130493682,130493683,"chr7",130490639,130494200,"cg11705403_BC21","ICR_481"
"1590","chr7",130493691,130493692,"chr7",130490639,130494200,"cg11705404_BC21","ICR_481"
"1591","chr7",130493737,130493738,"chr7",130490639,130494200,"cg11705405_BC21","ICR_481"
"1592","chr7",130493749,130493750,"chr7",130490639,130494200,"cg11705406_TC21","ICR_481"
"1593","chr7",130493840,130493841,"chr7",130490639,130494200,"cg11705407_BC21","ICR_481"
"1594","chr7",130493999,130494000,"chr7",130490639,130494200,"cg11705408_TC21","ICR_481"
"1595","chr7",130494199,130494200,"chr7",130490639,130494200,"cg11705410_BC21","ICR_481"
"1596","chr7",132436226,132436227,"chr7",132436226,132436368,"cg11725217_BC21","ICR_482"
"1597","chr7",132436264,132436265,"chr7",132436226,132436368,"cg11725218_BC21","ICR_482"
"1598","chr7",132436285,132436286,"chr7",132436226,132436368,"cg11725219_BC21","ICR_482"
"1599","chr7",132436338,132436339,"chr7",132436226,132436368,"cg11725220_BC21","ICR_482"
"1600","chr7",132436367,132436368,"chr7",132436226,132436368,"cg11725221_TC11","ICR_482"
"1601","chr7",137753319,137753320,"chr7",137753319,137753978,"cg11767320_TC21","ICR_483"
"1602","chr7",137753359,137753360,"chr7",137753319,137753978,"cg11767321_BC21","ICR_483"
"1603","chr7",137753424,137753425,"chr7",137753319,137753978,"cg11767322_TC21","ICR_483"
"1604","chr7",137753454,137753455,"chr7",137753319,137753978,"cg11767323_BC21","ICR_483"
"1605","chr7",137753525,137753526,"chr7",137753319,137753978,"cg11767324_TC21","ICR_483"
"1606","chr7",137753576,137753577,"chr7",137753319,137753978,"cg11767325_BC21","ICR_483"
"1607","chr7",137753818,137753819,"chr7",137753319,137753978,"cg11767327_BC21","ICR_483"
"1608","chr7",137753977,137753978,"chr7",137753319,137753978,"cg11767328_TC21","ICR_483"
"1609","chr7",138664217,138664218,"chr7",138664217,138664771,"cg17532072_BC11","ICR_484"
"1610","chr7",138664231,138664232,"chr7",138664217,138664771,"cg11776189_BC11","ICR_484"
"1611","chr7",138664233,138664234,"chr7",138664217,138664771,"cg11776190_BC11","ICR_484"
"1612","chr7",138664235,138664236,"chr7",138664217,138664771,"cg16111924_TC11","ICR_484"
"1613","chr7",138664247,138664248,"chr7",138664217,138664771,"cg11776191_BC11","ICR_484"
"1614","chr7",138664249,138664250,"chr7",138664217,138664771,"cg11776192_BC11","ICR_484"
"1615","chr7",138664251,138664252,"chr7",138664217,138664771,"cg11776193_TC11","ICR_484"
"1616","chr7",138664266,138664267,"chr7",138664217,138664771,"cg11776194_TC11","ICR_484"
"1617","chr7",138664323,138664324,"chr7",138664217,138664771,"cg11776198_BC11","ICR_484"
"1618","chr7",138664346,138664347,"chr7",138664217,138664771,"cg11776199_BC11","ICR_484"
"1619","chr7",138664346,138664347,"chr7",138664217,138664771,"cg11776199_BC12","ICR_484"
"1620","chr7",138664350,138664351,"chr7",138664217,138664771,"cg11776200_TC11","ICR_484"
"1621","chr7",138664369,138664370,"chr7",138664217,138664771,"cg11776202_BC11","ICR_484"
"1622","chr7",138664386,138664387,"chr7",138664217,138664771,"cg11776203_BC11","ICR_484"
"1623","chr7",138664392,138664393,"chr7",138664217,138664771,"cg19079272_BC21","ICR_484"
"1624","chr7",138664410,138664411,"chr7",138664217,138664771,"cg13273418_TC11","ICR_484"
"1625","chr7",138664412,138664413,"chr7",138664217,138664771,"cg10184328_TC21","ICR_484"
"1626","chr7",138664434,138664435,"chr7",138664217,138664771,"cg11776204_TC11","ICR_484"
"1627","chr7",138664450,138664451,"chr7",138664217,138664771,"cg11776205_BC11","ICR_484"
"1628","chr7",138664469,138664470,"chr7",138664217,138664771,"cg11776207_BC11","ICR_484"
"1629","chr7",138664515,138664516,"chr7",138664217,138664771,"cg11776210_BC11","ICR_484"
"1630","chr7",138664517,138664518,"chr7",138664217,138664771,"cg11776211_TC11","ICR_484"
"1631","chr7",138664555,138664556,"chr7",138664217,138664771,"cg11776214_BC11","ICR_484"
"1632","chr7",138664557,138664558,"chr7",138664217,138664771,"cg11776215_TC11","ICR_484"
"1633","chr7",138664591,138664592,"chr7",138664217,138664771,"cg11776218_BC11","ICR_484"
"1634","chr7",138664597,138664598,"chr7",138664217,138664771,"cg11776219_BC11","ICR_484"
"1635","chr7",138664620,138664621,"chr7",138664217,138664771,"cg11776220_BC11","ICR_484"
"1636","chr7",138664622,138664623,"chr7",138664217,138664771,"cg11776221_TC11","ICR_484"
"1637","chr7",138664642,138664643,"chr7",138664217,138664771,"cg11776222_TC11","ICR_484"
"1638","chr7",138664653,138664654,"chr7",138664217,138664771,"cg11776223_BC11","ICR_484"
"1639","chr7",138664657,138664658,"chr7",138664217,138664771,"cg11776224_BC11","ICR_484"
"1640","chr7",138664659,138664660,"chr7",138664217,138664771,"cg11776225_TC11","ICR_484"
"1641","chr7",138664661,138664662,"chr7",138664217,138664771,"cg11776226_TC11","ICR_484"
"1642","chr7",138664693,138664694,"chr7",138664217,138664771,"cg11776228_BC21","ICR_484"
"1643","chr7",138664697,138664698,"chr7",138664217,138664771,"cg23085143_TC11","ICR_484"
"1644","chr7",143511186,143511187,"chr7",143511186,143511662,"cg11830322_TC11","ICR_485"
"1645","chr7",143511186,143511187,"chr7",143511186,143511662,"cg11830322_TC12","ICR_485"
"1646","chr7",143511197,143511198,"chr7",143511186,143511662,"cg11830323_BC21","ICR_485"
"1647","chr7",143511212,143511213,"chr7",143511186,143511662,"cg11830324_TC21","ICR_485"
"1648","chr7",143511218,143511219,"chr7",143511186,143511662,"cg11830325_TC11","ICR_485"
"1649","chr7",143511240,143511241,"chr7",143511186,143511662,"cg11830330_TC11","ICR_485"
"1650","chr7",143511294,143511295,"chr7",143511186,143511662,"cg11830332_TC21","ICR_485"
"1651","chr7",143511383,143511384,"chr7",143511186,143511662,"cg11830340_TC11","ICR_485"
"1652","chr7",143511390,143511391,"chr7",143511186,143511662,"cg11830341_BC11","ICR_485"
"1653","chr7",143511418,143511419,"chr7",143511186,143511662,"cg11830342_TC21","ICR_485"
"1654","chr7",143511429,143511430,"chr7",143511186,143511662,"cg11830343_BC11","ICR_485"
"1655","chr7",143511533,143511534,"chr7",143511186,143511662,"cg11830356_BC11","ICR_485"
"1656","chr7",143511549,143511550,"chr7",143511186,143511662,"cg11830357_BC21","ICR_485"
"1657","chr7",143511567,143511568,"chr7",143511186,143511662,"cg11830358_BC21","ICR_485"
"1658","chr7",143511573,143511574,"chr7",143511186,143511662,"cg27033231_TC21","ICR_485"
"1659","chr7",143511606,143511607,"chr7",143511186,143511662,"cg11830359_BC11","ICR_485"
"1660","chr7",143511638,143511639,"chr7",143511186,143511662,"cg11830360_TO11","ICR_485"
"1661","chr7",149191061,149191062,"chr7",149191061,149191272,"cg11877699_TC21","ICR_486"
"1662","chr7",149191200,149191201,"chr7",149191061,149191272,"cg11877703_TC21","ICR_486"
"1663","chr7",149191213,149191214,"chr7",149191061,149191272,"cg11877704_BC21","ICR_486"
"1664","chr7",149191228,149191229,"chr7",149191061,149191272,"cg11877705_BC21","ICR_486"
"1665","chr7",149191234,149191235,"chr7",149191061,149191272,"cg11877706_BC11","ICR_486"
"1666","chr7",149191240,149191241,"chr7",149191061,149191272,"cg23583168_TC11","ICR_486"
"1667","chr7",149191245,149191246,"chr7",149191061,149191272,"cg11877707_TC11","ICR_486"
"1668","chr7",150111924,150111925,"chr7",150111839,150112171,"cg11891807_BO11","ICR_487"
"1669","chr7",150111939,150111940,"chr7",150111839,150112171,"cg11891808_BO11","ICR_487"
"1670","chr7",150112089,150112090,"chr7",150111839,150112171,"cg21015808_TC21","ICR_487"
"1671","chr7",150112170,150112171,"chr7",150111839,150112171,"cg11891816_BC21","ICR_487"
"1672","chr7",152553884,152553885,"chr7",152553884,152553929,"cg11929455_TC11","ICR_488"
"1673","chr7",152553928,152553929,"chr7",152553884,152553929,"cg11929460_BO11","ICR_488"
"1674","chr7",152910855,152910856,"chr7",152910855,152911190,"cg11935212_BC21","ICR_489"
"1675","chr7",152910953,152910954,"chr7",152910855,152911190,"cg11935215_BO21","ICR_489"
"1676","chr7",152911107,152911108,"chr7",152910855,152911190,"cg11935216_TC11","ICR_489"
"1677","chr7",152911145,152911146,"chr7",152910855,152911190,"cg11935217_TC21","ICR_489"
"1678","chr7",152911148,152911149,"chr7",152910855,152911190,"cg11935218_BC21","ICR_489"
"1679","chr7",152911189,152911190,"chr7",152910855,152911190,"cg11935219_TC21","ICR_489"
"1680","chr7",154892569,154892570,"chr7",154892531,154892702,"cg11956369_BO11","ICR_490"
"1681","chr7",154892579,154892580,"chr7",154892531,154892702,"cg11956371_TO11","ICR_490"
"1682","chr7",154892616,154892617,"chr7",154892531,154892702,"cg09506081_BC11","ICR_490"
"1683","chr7",154892653,154892654,"chr7",154892531,154892702,"cg11956375_TC21","ICR_490"
"1684","chr7",154892668,154892669,"chr7",154892531,154892702,"cg11956376_BC21","ICR_490"
"1685","chr7",154892701,154892702,"chr7",154892531,154892702,"cg11956378_BO11","ICR_490"
"1686","chr7",155071147,155071148,"chr7",155071147,155071376,"cg11958873_BO11","ICR_491"
"1687","chr7",155071168,155071169,"chr7",155071147,155071376,"cg11958875_BC11","ICR_491"
"1688","chr7",155071207,155071208,"chr7",155071147,155071376,"cg11958880_BO11","ICR_491"
"1689","chr7",155071252,155071253,"chr7",155071147,155071376,"cg11958884_TC11","ICR_491"
"1690","chr7",155071254,155071255,"chr7",155071147,155071376,"cg11958885_BC11","ICR_491"
"1691","chr7",155071261,155071262,"chr7",155071147,155071376,"cg11958886_BC11","ICR_491"
"1692","chr7",155071261,155071262,"chr7",155071147,155071376,"cg11958886_BC12","ICR_491"
"1693","chr7",155071275,155071276,"chr7",155071147,155071376,"cg11958887_BC11","ICR_491"
"1694","chr7",155071275,155071276,"chr7",155071147,155071376,"cg11958887_BC12","ICR_491"
"1695","chr7",155071291,155071292,"chr7",155071147,155071376,"cg11958888_BC11","ICR_491"
"1696","chr7",155071296,155071297,"chr7",155071147,155071376,"cg09125907_BC21","ICR_491"
"1697","chr7",155071313,155071314,"chr7",155071147,155071376,"cg11958889_TC11","ICR_491"
"1698","chr7",155071329,155071330,"chr7",155071147,155071376,"cg11958890_BC11","ICR_491"
"1699","chr7",155071331,155071332,"chr7",155071147,155071376,"cg11958891_TC11","ICR_491"
"1700","chr7",155071331,155071332,"chr7",155071147,155071376,"cg11958891_TC12","ICR_491"
"1701","chr7",155071347,155071348,"chr7",155071147,155071376,"cg11958892_BC11","ICR_491"
"1702","chr7",155071352,155071353,"chr7",155071147,155071376,"cg11958893_BC11","ICR_491"
"1703","chr7",155071358,155071359,"chr7",155071147,155071376,"cg11958894_TC11","ICR_491"
"1704","chr7",155071366,155071367,"chr7",155071147,155071376,"cg11958895_TC11","ICR_491"
"1705","chr7",155071375,155071376,"chr7",155071147,155071376,"cg11958896_BC21","ICR_491"
"1706","chr7",155383637,155383638,"chr7",155383637,155384080,"cg11964504_TC21","ICR_492"
"1707","chr7",155383660,155383661,"chr7",155383637,155384080,"cg11964505_BC21","ICR_492"
"1708","chr7",155383768,155383769,"chr7",155383637,155384080,"cg11964506_TC21","ICR_492"
"1709","chr7",155383787,155383788,"chr7",155383637,155384080,"cg11964507_TC21","ICR_492"
"1710","chr7",155383929,155383930,"chr7",155383637,155384080,"cg11964508_TC21","ICR_492"
"1711","chr7",155384035,155384036,"chr7",155383637,155384080,"cg11964509_TC21","ICR_492"
"1712","chr7",155384039,155384040,"chr7",155383637,155384080,"cg11964510_BC11","ICR_492"
"1713","chr7",155384079,155384080,"chr7",155383637,155384080,"cg11964511_BC11","ICR_492"
"1714","chr7",155796474,155796475,"chr7",155796474,155796717,"cg11972297_BC21","ICR_493"
"1715","chr7",155796569,155796570,"chr7",155796474,155796717,"cg11972298_TC11","ICR_493"
"1716","chr7",155796600,155796601,"chr7",155796474,155796717,"cg11972300_TC11","ICR_493"
"1717","chr7",155796610,155796611,"chr7",155796474,155796717,"cg11972301_BC11","ICR_493"
"1718","chr7",155796626,155796627,"chr7",155796474,155796717,"cg11972303_TC11","ICR_493"
"1719","chr7",155796626,155796627,"chr7",155796474,155796717,"cg11972303_TC12","ICR_493"
"1720","chr7",155796665,155796666,"chr7",155796474,155796717,"cg11972306_BO11","ICR_493"
"1721","chr7",155796675,155796676,"chr7",155796474,155796717,"cg11972307_BC21","ICR_493"
"1722","chr7",155796686,155796687,"chr7",155796474,155796717,"cg11972308_TC11","ICR_493"
"1723","chr7",155796712,155796713,"chr7",155796474,155796717,"cg11972311_BC11","ICR_493"
"1724","chr7",156942572,156942573,"chr7",156942572,156942686,"cg11989265_BC21","ICR_494"
"1725","chr7",156942590,156942591,"chr7",156942572,156942686,"cg11989266_TC21","ICR_494"
"1726","chr7",156942611,156942612,"chr7",156942572,156942686,"cg11989267_BC21","ICR_494"
"1727","chr7",156942621,156942622,"chr7",156942572,156942686,"cg11989268_BC21","ICR_494"
"1728","chr7",156942654,156942655,"chr7",156942572,156942686,"cg11989269_TC11","ICR_494"
"1729","chr7",156942654,156942655,"chr7",156942572,156942686,"cg11989269_TC12","ICR_494"
"1730","chr7",156942663,156942664,"chr7",156942572,156942686,"cg11989270_BC11","ICR_494"
"1731","chr7",156942663,156942664,"chr7",156942572,156942686,"cg11989270_BC12","ICR_494"
"1732","chr7",156942673,156942674,"chr7",156942572,156942686,"cg11989271_TC11","ICR_494"
"1733","chr7",156942685,156942686,"chr7",156942572,156942686,"cg11989272_TO11","ICR_494"
"1734","chr7",156948792,156948793,"chr7",156948792,156948844,"cg11989387_BC11","ICR_495"
"1735","chr7",156948798,156948799,"chr7",156948792,156948844,"cg11989388_BC11","ICR_495"
"1736","chr7",156948819,156948820,"chr7",156948792,156948844,"cg17827650_BC11","ICR_495"
"1737","chr7",156948828,156948829,"chr7",156948792,156948844,"cg11989389_BC11","ICR_495"
"1738","chr7",156948830,156948831,"chr7",156948792,156948844,"cg11989390_BC21","ICR_495"
"1739","chr7",157613830,157613831,"chr7",157613780,157614069,"cg12004176_TC11","ICR_496"
"1740","chr7",157613830,157613831,"chr7",157613780,157614069,"cg12004176_TC12","ICR_496"
"1741","chr7",157613833,157613834,"chr7",157613780,157614069,"cg12004177_TC11","ICR_496"
"1742","chr7",157613840,157613841,"chr7",157613780,157614069,"cg12004178_BC11","ICR_496"
"1743","chr7",157613881,157613882,"chr7",157613780,157614069,"cg12004181_BC11","ICR_496"
"1744","chr7",157613892,157613893,"chr7",157613780,157614069,"cg12004182_BC11","ICR_496"
"1745","chr7",157613895,157613896,"chr7",157613780,157614069,"cg12004184_TC21","ICR_496"
"1746","chr7",157613905,157613906,"chr7",157613780,157614069,"cg12004185_BC11","ICR_496"
"1747","chr7",157613914,157613915,"chr7",157613780,157614069,"cg14091258_BC21","ICR_496"
"1748","chr7",157613944,157613945,"chr7",157613780,157614069,"cg21705926_TC21","ICR_496"
"1749","chr7",157613953,157613954,"chr7",157613780,157614069,"cg12004186_TC21","ICR_496"
"1750","chr7",157614044,157614045,"chr7",157613780,157614069,"cg19334350_BC21","ICR_496"
"1751","chr7",157614068,157614069,"chr7",157613780,157614069,"cg12004188_TC21","ICR_496"
"1752","chr7",158164298,158164299,"chr7",158164298,158164379,"cg12017449_TC11","ICR_497"
"1753","chr7",158164298,158164299,"chr7",158164298,158164379,"cg12017449_TC12","ICR_497"
"1754","chr7",158164311,158164312,"chr7",158164298,158164379,"cg12017450_TC11","ICR_497"
"1755","chr7",158164313,158164314,"chr7",158164298,158164379,"cg12017451_BC11","ICR_497"
"1756","chr7",158164317,158164318,"chr7",158164298,158164379,"cg12017453_BC11","ICR_497"
"1757","chr7",158164330,158164331,"chr7",158164298,158164379,"cg12017454_TC11","ICR_497"
"1758","chr7",158164346,158164347,"chr7",158164298,158164379,"cg12017455_BC11","ICR_497"
"1759","chr7",158164348,158164349,"chr7",158164298,158164379,"cg12017456_BC11","ICR_497"
"1760","chr7",158164361,158164362,"chr7",158164298,158164379,"cg12017457_TC11","ICR_497"
"1761","chr7",158973580,158973581,"chr7",158973580,158973792,"cg12033001_BC11","ICR_498"
"1762","chr7",158973587,158973588,"chr7",158973580,158973792,"cg12033002_TC21","ICR_498"
"1763","chr7",158973703,158973704,"chr7",158973580,158973792,"cg12033008_BC21","ICR_498"
"1764","chr7",158973713,158973714,"chr7",158973580,158973792,"cg12033009_TC11","ICR_498"
"1765","chr7",158973715,158973716,"chr7",158973580,158973792,"cg12033010_BC11","ICR_498"
"1766","chr7",158973718,158973719,"chr7",158973580,158973792,"cg12033011_TO11","ICR_498"
"1767","chr7",158973728,158973729,"chr7",158973580,158973792,"cg12033013_BC11","ICR_498"
"1768","chr7",158973743,158973744,"chr7",158973580,158973792,"cg12033015_TO11","ICR_498"
"1769","chr7",158973791,158973792,"chr7",158973580,158973792,"cg12033017_BC21","ICR_498"
"1770","chr7",158996879,158996880,"chr7",158996855,158997515,"cg12033516_BC11","ICR_499"
"1771","chr7",158996892,158996893,"chr7",158996855,158997515,"cg12033517_BC11","ICR_499"
"1772","chr7",158996952,158996953,"chr7",158996855,158997515,"cg12033524_BC11","ICR_499"
"1773","chr7",158996952,158996953,"chr7",158996855,158997515,"cg12033524_BC12","ICR_499"
"1774","chr7",158996959,158996960,"chr7",158996855,158997515,"cg12033526_BC11","ICR_499"
"1775","chr7",158996989,158996990,"chr7",158996855,158997515,"cg12033530_BC11","ICR_499"
"1776","chr7",158996994,158996995,"chr7",158996855,158997515,"cg12033531_TC21","ICR_499"
"1777","chr7",158997031,158997032,"chr7",158996855,158997515,"cg09826364_TC21","ICR_499"
"1778","chr7",158997031,158997032,"chr7",158996855,158997515,"cg09826364_TC22","ICR_499"
"1779","chr7",158997062,158997063,"chr7",158996855,158997515,"cg12033533_TC21","ICR_499"
"1780","chr7",158997086,158997087,"chr7",158996855,158997515,"cg12033534_TC21","ICR_499"
"1781","chr7",158997112,158997113,"chr7",158996855,158997515,"cg12033535_TC21","ICR_499"
"1782","chr7",158997117,158997118,"chr7",158996855,158997515,"cg12033536_TC21","ICR_499"
"1783","chr7",158997140,158997141,"chr7",158996855,158997515,"cg12033539_TC11","ICR_499"
"1784","chr7",158997157,158997158,"chr7",158996855,158997515,"cg19418458_BC11","ICR_499"
"1785","chr7",158997193,158997194,"chr7",158996855,158997515,"cg12033546_TC11","ICR_499"
"1786","chr7",158997299,158997300,"chr7",158996855,158997515,"cg12033557_TC11","ICR_499"
"1787","chr7",158997314,158997315,"chr7",158996855,158997515,"cg09640425_BC11","ICR_499"
"1788","chr7",158997376,158997377,"chr7",158996855,158997515,"cg12033562_BC21","ICR_499"
"1789","chr7",158997415,158997416,"chr7",158996855,158997515,"cg12033563_BC21","ICR_499"
"1790","chr7",158997421,158997422,"chr7",158996855,158997515,"cg12033564_BC21","ICR_499"
"1791","chr7",158997463,158997464,"chr7",158996855,158997515,"cg12033565_TC21","ICR_499"
"1792","chr7",158997463,158997464,"chr7",158996855,158997515,"cg12033565_TC22","ICR_499"
"1793","chr7",158997514,158997515,"chr7",158996855,158997515,"cg12033566_BC21","ICR_499"
"1794","chr7",159112675,159112676,"chr7",159112594,159112828,"cg12036099_TC11","ICR_500"
"1795","chr7",159112699,159112700,"chr7",159112594,159112828,"cg12036101_TC11","ICR_500"
"1796","chr7",159112699,159112700,"chr7",159112594,159112828,"cg12036101_TC12","ICR_500"
"1797","chr7",159112806,159112807,"chr7",159112594,159112828,"cg12036109_BC11","ICR_500"
"1798","chr7",159112806,159112807,"chr7",159112594,159112828,"cg12036109_BC12","ICR_500"
"1799","chr8",266762,266763,"chr8",266759,266871,"cg12040044_BC11","ICR_501"
"1800","chr8",266772,266773,"chr8",266759,266871,"cg12040045_BC11","ICR_501"
"1801","chr8",266787,266788,"chr8",266759,266871,"cg14317384_TC11","ICR_501"
"1802","chr8",266787,266788,"chr8",266759,266871,"cg14317384_TC12","ICR_501"
"1803","chr8",266791,266792,"chr8",266759,266871,"cg12040046_BC11","ICR_501"
"1804","chr8",266817,266818,"chr8",266759,266871,"cg12040048_TC11","ICR_501"
"1805","chr8",266826,266827,"chr8",266759,266871,"cg12040049_BC11","ICR_501"
"1806","chr8",828613,828614,"chr8",828260,828821,"cg12050179_TC21","ICR_502"
"1807","chr8",882737,882738,"chr8",882677,883012,"cg12051126_BC11","ICR_503"
"1808","chr8",882737,882738,"chr8",882677,883012,"cg12051126_BC12","ICR_503"
"1809","chr8",882749,882750,"chr8",882677,883012,"cg12051127_TC11","ICR_503"
"1810","chr8",882851,882852,"chr8",882677,883012,"cg12051136_TO11","ICR_503"
"1811","chr8",882859,882860,"chr8",882677,883012,"cg12051137_TO11","ICR_503"
"1812","chr8",882869,882870,"chr8",882677,883012,"cg12051138_BO11","ICR_503"
"1813","chr8",882879,882880,"chr8",882677,883012,"cg12051139_BO11","ICR_503"
"1814","chr8",882884,882885,"chr8",882677,883012,"cg12051140_TO11","ICR_503"
"1815","chr8",882887,882888,"chr8",882677,883012,"cg12051141_TC11","ICR_503"
"1816","chr8",882903,882904,"chr8",882677,883012,"cg12051142_BC21","ICR_503"
"1817","chr8",882916,882917,"chr8",882677,883012,"cg21352158_BC21","ICR_503"
"1818","chr8",883011,883012,"chr8",882677,883012,"cg27241889_TC21","ICR_503"
"1819","chr8",947054,947055,"chr8",947054,947158,"cg12052529_BC21","ICR_504"
"1820","chr8",947105,947106,"chr8",947054,947158,"cg12052530_BC21","ICR_504"
"1821","chr8",947111,947112,"chr8",947054,947158,"cg12052531_BC21","ICR_504"
"1822","chr8",947115,947116,"chr8",947054,947158,"cg12052532_TC21","ICR_504"
"1823","chr8",1373019,1373020,"chr8",1373019,1373561,"cg12061835_BC21","ICR_505"
"1824","chr8",1373038,1373039,"chr8",1373019,1373561,"cg12061836_BC21","ICR_505"
"1825","chr8",1373066,1373067,"chr8",1373019,1373561,"cg12061837_TC11","ICR_505"
"1826","chr8",1373075,1373076,"chr8",1373019,1373561,"cg12061838_TC21","ICR_505"
"1827","chr8",1373075,1373076,"chr8",1373019,1373561,"cg12061838_TC22","ICR_505"
"1828","chr8",1373103,1373104,"chr8",1373019,1373561,"cg12061840_BC21","ICR_505"
"1829","chr8",1373117,1373118,"chr8",1373019,1373561,"cg12061841_BC21","ICR_505"
"1830","chr8",1373132,1373133,"chr8",1373019,1373561,"cg12061842_TC11","ICR_505"
"1831","chr8",1373138,1373139,"chr8",1373019,1373561,"cg12061843_TC21","ICR_505"
"1832","chr8",1373174,1373175,"chr8",1373019,1373561,"cg12061844_BC21","ICR_505"
"1833","chr8",1373190,1373191,"chr8",1373019,1373561,"cg12061845_BC21","ICR_505"
"1834","chr8",1373208,1373209,"chr8",1373019,1373561,"cg20088245_TC21","ICR_505"
"1835","chr8",1373238,1373239,"chr8",1373019,1373561,"cg12061846_TC21","ICR_505"
"1836","chr8",1373245,1373246,"chr8",1373019,1373561,"cg12061847_TC11","ICR_505"
"1837","chr8",1373255,1373256,"chr8",1373019,1373561,"cg12061848_TC11","ICR_505"
"1838","chr8",1373258,1373259,"chr8",1373019,1373561,"cg12061849_BC11","ICR_505"
"1839","chr8",1373258,1373259,"chr8",1373019,1373561,"cg12061849_BC12","ICR_505"
"1840","chr8",1373372,1373373,"chr8",1373019,1373561,"cg12061869_BC11","ICR_505"
"1841","chr8",1373379,1373380,"chr8",1373019,1373561,"cg12061870_BC11","ICR_505"
"1842","chr8",1373453,1373454,"chr8",1373019,1373561,"cg12061878_BO11","ICR_505"
"1843","chr8",1373457,1373458,"chr8",1373019,1373561,"cg12061879_TC11","ICR_505"
"1844","chr8",1373457,1373458,"chr8",1373019,1373561,"cg12061879_TC12","ICR_505"
"1845","chr8",1373464,1373465,"chr8",1373019,1373561,"cg12061880_TO11","ICR_505"
"1846","chr8",1373470,1373471,"chr8",1373019,1373561,"cg23003807_BC21","ICR_505"
"1847","chr8",1373498,1373499,"chr8",1373019,1373561,"cg12061881_TC11","ICR_505"
"1848","chr8",1373560,1373561,"chr8",1373019,1373561,"cg22034735_BC21","ICR_505"
"1849","chr8",1548862,1548863,"chr8",1548799,1548981,"cg12065876_TO11","ICR_506"
"1850","chr8",1548871,1548872,"chr8",1548799,1548981,"cg12065878_BO11","ICR_506"
"1851","chr8",1548887,1548888,"chr8",1548799,1548981,"cg12065880_TC11","ICR_506"
"1852","chr8",1548917,1548918,"chr8",1548799,1548981,"cg12065882_TC11","ICR_506"
"1853","chr8",1548917,1548918,"chr8",1548799,1548981,"cg12065882_TC12","ICR_506"
"1854","chr8",1548937,1548938,"chr8",1548799,1548981,"cg12065883_TC11","ICR_506"
"1855","chr8",1548962,1548963,"chr8",1548799,1548981,"cg12065886_TO11","ICR_506"
"1856","chr8",1548967,1548968,"chr8",1548799,1548981,"cg12065887_TO11","ICR_506"
"1857","chr8",1548969,1548970,"chr8",1548799,1548981,"cg12065888_TO11","ICR_506"
"1858","chr8",1548971,1548972,"chr8",1548799,1548981,"cg12065889_BO11","ICR_506"
"1859","chr8",1548980,1548981,"chr8",1548799,1548981,"cg12065891_BC11","ICR_506"
"1860","chr8",1816644,1816645,"chr8",1816611,1816668,"cg12071152_BC11","ICR_507"
"1861","chr8",1816652,1816653,"chr8",1816611,1816668,"cg12071153_TC11","ICR_507"
"1862","chr8",1816657,1816658,"chr8",1816611,1816668,"cg12071154_TC11","ICR_507"
"1863","chr8",2727636,2727637,"chr8",2727636,2727760,"cg12085548_BO11","ICR_508"
"1864","chr8",2727666,2727667,"chr8",2727636,2727760,"cg12085549_BO11","ICR_508"
"1865","chr8",2727694,2727695,"chr8",2727636,2727760,"cg12085550_TC21","ICR_508"
"1866","chr8",2727701,2727702,"chr8",2727636,2727760,"cg12085551_TC21","ICR_508"
"1867","chr8",2727711,2727712,"chr8",2727636,2727760,"cg12085553_BC11","ICR_508"
"1868","chr8",2727720,2727721,"chr8",2727636,2727760,"cg12085554_BC11","ICR_508"
"1869","chr8",2727733,2727734,"chr8",2727636,2727760,"cg12085555_TC11","ICR_508"
"1870","chr8",2727735,2727736,"chr8",2727636,2727760,"cg12085556_TC21","ICR_508"
"1871","chr8",6835990,6835991,"chr8",6835990,6836189,"cg12130170_BC21","ICR_509"
"1872","chr8",6835997,6835998,"chr8",6835990,6836189,"cg12130171_BC21","ICR_509"
"1873","chr8",6836003,6836004,"chr8",6835990,6836189,"cg12130172_BC11","ICR_509"
"1874","chr8",6836003,6836004,"chr8",6835990,6836189,"cg12130172_BC12","ICR_509"
"1875","chr8",6836017,6836018,"chr8",6835990,6836189,"cg27319216_TC11","ICR_509"
"1876","chr8",6836085,6836086,"chr8",6835990,6836189,"cg12130173_TC21","ICR_509"
"1877","chr8",6836188,6836189,"chr8",6835990,6836189,"cg12130175_TC11","ICR_509"
"1878","chr8",8703089,8703090,"chr8",8703089,8703190,"cg12148821_BC21","ICR_510"
"1879","chr8",8703092,8703093,"chr8",8703089,8703190,"cg12148822_TC21","ICR_510"
"1880","chr8",8703146,8703147,"chr8",8703089,8703190,"cg12148825_TO11","ICR_510"
"1881","chr8",10726533,10726534,"chr8",10726380,10726606,"cg12173816_TO11","ICR_511"
"1882","chr8",10726533,10726534,"chr8",10726380,10726606,"cg12173816_TO12","ICR_511"
"1883","chr8",10726554,10726555,"chr8",10726380,10726606,"cg12173817_BO11","ICR_511"
"1884","chr8",10726599,10726600,"chr8",10726380,10726606,"cg12173820_BC21","ICR_511"
"1885","chr8",10726605,10726606,"chr8",10726380,10726606,"cg12173821_BC21","ICR_511"
"1886","chr8",16944317,16944318,"chr8",16944317,16944618,"cg12233555_BC11","ICR_513"
"1887","chr8",17248324,17248325,"chr8",17248324,17248464,"cg12236475_BC11","ICR_514"
"1888","chr8",22118859,22118860,"chr8",22118859,22119045,"cg12286221_BC21","ICR_515"
"1889","chr8",22118873,22118874,"chr8",22118859,22119045,"cg12286222_BC21","ICR_515"
"1890","chr8",22118913,22118914,"chr8",22118859,22119045,"cg12286224_TC21","ICR_515"
"1891","chr8",22118989,22118990,"chr8",22118859,22119045,"cg12286230_TC21","ICR_515"
"1892","chr8",22118996,22118997,"chr8",22118859,22119045,"cg26344606_BC21","ICR_515"
"1893","chr8",22119044,22119045,"chr8",22118859,22119045,"cg12286232_BO11","ICR_515"
"1894","chr8",22696909,22696910,"chr8",22696909,22697886,"cg12296827_TC21","ICR_516"
"1895","chr8",22696992,22696993,"chr8",22696909,22697886,"cg12296829_BC21","ICR_516"
"1896","chr8",22697103,22697104,"chr8",22696909,22697886,"cg12296830_BC21","ICR_516"
"1897","chr8",22697227,22697228,"chr8",22696909,22697886,"cg12296831_BC21","ICR_516"
"1898","chr8",22697292,22697293,"chr8",22696909,22697886,"cg12296832_BC21","ICR_516"
"1899","chr8",22697313,22697314,"chr8",22696909,22697886,"cg20085265_BC21","ICR_516"
"1900","chr8",22697345,22697346,"chr8",22696909,22697886,"cg12296833_TC21","ICR_516"
"1901","chr8",22697345,22697346,"chr8",22696909,22697886,"cg12296833_TC22","ICR_516"
"1902","chr8",22697385,22697386,"chr8",22696909,22697886,"cg12296834_TC21","ICR_516"
"1903","chr8",22697589,22697590,"chr8",22696909,22697886,"cg12296835_BC21","ICR_516"
"1904","chr8",22697666,22697667,"chr8",22696909,22697886,"cg12296836_BC21","ICR_516"
"1905","chr8",22697666,22697667,"chr8",22696909,22697886,"cg12296836_BC22","ICR_516"
"1906","chr8",22697729,22697730,"chr8",22696909,22697886,"cg22631350_BC21","ICR_516"
"1907","chr8",22697779,22697780,"chr8",22696909,22697886,"cg12296837_BC21","ICR_516"
"1908","chr8",22697885,22697886,"chr8",22696909,22697886,"cg12296838_BC21","ICR_516"
"1909","chr8",27451271,27451272,"chr8",27451271,27451531,"cg12344702_TC21","ICR_517"
"1910","chr8",27451311,27451312,"chr8",27451271,27451531,"cg12344703_BC21","ICR_517"
"1911","chr8",27451363,27451364,"chr8",27451271,27451531,"cg12344705_TC21","ICR_517"
"1912","chr8",27451508,27451509,"chr8",27451271,27451531,"cg12344710_TO11","ICR_517"
"1913","chr8",27451520,27451521,"chr8",27451271,27451531,"cg12344711_BC21","ICR_517"
"1914","chr8",27451530,27451531,"chr8",27451271,27451531,"cg12344712_BC21","ICR_517"
"1915","chr8",27472460,27472461,"chr8",27472460,27472768,"cg12345035_TC21","ICR_518"
"1916","chr8",27472507,27472508,"chr8",27472460,27472768,"cg12345036_BC21","ICR_518"
"1917","chr8",27472646,27472647,"chr8",27472460,27472768,"cg12345038_BC21","ICR_518"
"1918","chr8",27472725,27472726,"chr8",27472460,27472768,"cg12345039_BC21","ICR_518"
"1919","chr8",27472767,27472768,"chr8",27472460,27472768,"cg12345040_TC21","ICR_518"
"1920","chr8",27592885,27592886,"chr8",27592885,27593135,"cg12346424_TC21","ICR_519"
"1921","chr8",27592957,27592958,"chr8",27592885,27593135,"cg12346426_TC11","ICR_519"
"1922","chr8",27592974,27592975,"chr8",27592885,27593135,"cg12346428_BC21","ICR_519"
"1923","chr8",27593066,27593067,"chr8",27592885,27593135,"cg12346429_TC21","ICR_519"
"1924","chr8",27593075,27593076,"chr8",27592885,27593135,"cg12346430_TC21","ICR_519"
"1925","chr8",27593091,27593092,"chr8",27592885,27593135,"cg12346433_TC11","ICR_519"
"1926","chr8",27593134,27593135,"chr8",27592885,27593135,"cg12346434_BC21","ICR_519"
"1927","chr8",29401756,29401757,"chr8",29401756,29402242,"cg12367649_TC21","ICR_520"
"1928","chr8",29401759,29401760,"chr8",29401756,29402242,"cg12367650_TC21","ICR_520"
"1929","chr8",29401765,29401766,"chr8",29401756,29402242,"cg20212861_TC21","ICR_520"
"1930","chr8",29401769,29401770,"chr8",29401756,29402242,"cg12367651_TC11","ICR_520"
"1931","chr8",29402241,29402242,"chr8",29401756,29402242,"cg12367655_BC21","ICR_520"
"1932","chr8",30913087,30913088,"chr8",30913080,30913176,"cg12383314_TO11","ICR_521"
"1933","chr8",30913100,30913101,"chr8",30913080,30913176,"cg22660171_TC21","ICR_521"
"1934","chr8",30913102,30913103,"chr8",30913080,30913176,"cg12383315_TC21","ICR_521"
"1935","chr8",30913110,30913111,"chr8",30913080,30913176,"cg12383316_BC21","ICR_521"
"1936","chr8",30913167,30913168,"chr8",30913080,30913176,"cg12383317_BC21","ICR_521"
"1937","chr8",30913175,30913176,"chr8",30913080,30913176,"cg12383318_TC21","ICR_521"
"1938","chr8",37699368,37699369,"chr8",37699368,37699633,"cg12431580_BC21","ICR_522"
"1939","chr8",37699370,37699371,"chr8",37699368,37699633,"cg12431581_TC21","ICR_522"
"1940","chr8",37699468,37699469,"chr8",37699368,37699633,"cg12431582_BC21","ICR_522"
"1941","chr8",37699468,37699469,"chr8",37699368,37699633,"cg12431582_BC22","ICR_522"
"1942","chr8",37699492,37699493,"chr8",37699368,37699633,"cg12431583_BO11","ICR_522"
"1943","chr8",37699499,37699500,"chr8",37699368,37699633,"cg12431584_TC11","ICR_522"
"1944","chr8",37699544,37699545,"chr8",37699368,37699633,"cg12431586_BC21","ICR_522"
"1945","chr8",37699544,37699545,"chr8",37699368,37699633,"cg12431586_BC22","ICR_522"
"1946","chr8",37699551,37699552,"chr8",37699368,37699633,"cg12431587_BC21","ICR_522"
"1947","chr8",37699565,37699566,"chr8",37699368,37699633,"cg12431588_TC21","ICR_522"
"1948","chr8",37699601,37699602,"chr8",37699368,37699633,"cg12431589_BC21","ICR_522"
"1949","chr8",37699607,37699608,"chr8",37699368,37699633,"cg12431590_TC21","ICR_522"
"1950","chr8",37699615,37699616,"chr8",37699368,37699633,"cg12431591_TC11","ICR_522"
"1951","chr8",37699615,37699616,"chr8",37699368,37699633,"cg12431591_TC12","ICR_522"
"1952","chr8",37747686,37747687,"chr8",37747686,37748265,"cg12432270_TC21","ICR_523"
"1953","chr8",37747765,37747766,"chr8",37747686,37748265,"cg12432271_BC21","ICR_523"
"1954","chr8",37747765,37747766,"chr8",37747686,37748265,"cg12432271_BC22","ICR_523"
"1955","chr8",37747784,37747785,"chr8",37747686,37748265,"cg12432272_TC21","ICR_523"
"1956","chr8",37747834,37747835,"chr8",37747686,37748265,"cg12432273_BC21","ICR_523"
"1957","chr8",37747840,37747841,"chr8",37747686,37748265,"cg11496432_BC21","ICR_523"
"1958","chr8",37747901,37747902,"chr8",37747686,37748265,"cg12432275_BC21","ICR_523"
"1959","chr8",37747937,37747938,"chr8",37747686,37748265,"cg12432277_BC21","ICR_523"
"1960","chr8",37747960,37747961,"chr8",37747686,37748265,"cg12432280_TC21","ICR_523"
"1961","chr8",37747984,37747985,"chr8",37747686,37748265,"cg12432281_TC21","ICR_523"
"1962","chr8",37747998,37747999,"chr8",37747686,37748265,"cg13346869_BC21","ICR_523"
"1963","chr8",37748048,37748049,"chr8",37747686,37748265,"cg12432282_TO11","ICR_523"
"1964","chr8",37748050,37748051,"chr8",37747686,37748265,"cg12432283_TO11","ICR_523"
"1965","chr8",37748053,37748054,"chr8",37747686,37748265,"cg12432284_BO11","ICR_523"
"1966","chr8",37748061,37748062,"chr8",37747686,37748265,"cg12432285_TO11","ICR_523"
"1967","chr8",37748066,37748067,"chr8",37747686,37748265,"cg12432286_TO11","ICR_523"
"1968","chr8",37748070,37748071,"chr8",37747686,37748265,"cg12432287_BO11","ICR_523"
"1969","chr8",37748072,37748073,"chr8",37747686,37748265,"cg12432288_TO11","ICR_523"
"1970","chr8",37748079,37748080,"chr8",37747686,37748265,"cg12432289_BO11","ICR_523"
"1971","chr8",37748092,37748093,"chr8",37747686,37748265,"cg12432290_BO11","ICR_523"
"1972","chr8",37748198,37748199,"chr8",37747686,37748265,"cg21505509_BC21","ICR_523"
"1973","chr8",38383667,38383668,"chr8",38383667,38383854,"cg12441863_TC21","ICR_524"
"1974","chr8",38383667,38383668,"chr8",38383667,38383854,"cg12441863_TC22","ICR_524"
"1975","chr8",38383704,38383705,"chr8",38383667,38383854,"cg12441865_TC11","ICR_524"
"1976","chr8",38383711,38383712,"chr8",38383667,38383854,"cg12441866_BC11","ICR_524"
"1977","chr8",38383756,38383757,"chr8",38383667,38383854,"cg12441870_BC11","ICR_524"
"1978","chr8",43489749,43489750,"chr8",43489685,43491049,"cg12497396_BC21","ICR_525"
"1979","chr8",43816548,43816549,"chr8",43815674,43816549,"cg12499591_BC21","ICR_526"
"1980","chr8",46918222,46918223,"chr8",46918222,46918380,"cg12516247_BC21","ICR_527"
"1981","chr8",46918251,46918252,"chr8",46918222,46918380,"cg12516248_BC21","ICR_527"
"1982","chr8",46918315,46918316,"chr8",46918222,46918380,"cg12516251_BC11","ICR_527"
"1983","chr8",46918379,46918380,"chr8",46918222,46918380,"cg12516256_TC21","ICR_527"
"1984","chr8",47763159,47763160,"chr8",47763159,47763510,"cg12524279_TC21","ICR_528"
"1985","chr8",47763161,47763162,"chr8",47763159,47763510,"cg22258315_TC21","ICR_528"
"1986","chr8",47763163,47763164,"chr8",47763159,47763510,"cg12524280_BC11","ICR_528"
"1987","chr8",47763166,47763167,"chr8",47763159,47763510,"cg12524281_TC11","ICR_528"
"1988","chr8",47763166,47763167,"chr8",47763159,47763510,"cg12524281_TC12","ICR_528"
"1989","chr8",47763204,47763205,"chr8",47763159,47763510,"cg12524283_TC11","ICR_528"
"1990","chr8",47763209,47763210,"chr8",47763159,47763510,"cg24160421_TC21","ICR_528"
"1991","chr8",47763349,47763350,"chr8",47763159,47763510,"cg09100271_BC21","ICR_528"
"1992","chr8",47763369,47763370,"chr8",47763159,47763510,"cg12524284_BC21","ICR_528"
"1993","chr8",47763369,47763370,"chr8",47763159,47763510,"cg12524284_BC22","ICR_528"
"1994","chr8",47763382,47763383,"chr8",47763159,47763510,"cg12524285_TC21","ICR_528"
"1995","chr8",47763384,47763385,"chr8",47763159,47763510,"cg12524286_BC21","ICR_528"
"1996","chr8",47763438,47763439,"chr8",47763159,47763510,"cg18762806_TC11","ICR_528"
"1997","chr8",47763480,47763481,"chr8",47763159,47763510,"cg12524292_TC11","ICR_528"
"1998","chr8",47763480,47763481,"chr8",47763159,47763510,"cg12524292_TC12","ICR_528"
"1999","chr8",47763492,47763493,"chr8",47763159,47763510,"cg09100338_TC11","ICR_528"
"2000","chr8",47763492,47763493,"chr8",47763159,47763510,"cg09100338_TC12","ICR_528"
"2001","chr8",53712395,53712396,"chr8",53712395,53712494,"cg12571712_TC21","ICR_529"
"2002","chr8",53712402,53712403,"chr8",53712395,53712494,"cg12571713_TC21","ICR_529"
"2003","chr8",53712456,53712457,"chr8",53712395,53712494,"cg12571716_BO11","ICR_529"
"2004","chr8",53712485,53712486,"chr8",53712395,53712494,"cg19864705_TC11","ICR_529"
"2005","chr8",54469241,54469242,"chr8",54469227,54469434,"cg12580916_TO11","ICR_530"
"2006","chr8",54469269,54469270,"chr8",54469227,54469434,"cg12580917_TC11","ICR_530"
"2007","chr8",54469279,54469280,"chr8",54469227,54469434,"cg12580918_BC11","ICR_530"
"2008","chr8",54469281,54469282,"chr8",54469227,54469434,"cg12580919_BC11","ICR_530"
"2009","chr8",54469281,54469282,"chr8",54469227,54469434,"cg12580919_BC12","ICR_530"
"2010","chr8",54469351,54469352,"chr8",54469227,54469434,"cg12580921_TC21","ICR_530"
"2011","chr8",54469405,54469406,"chr8",54469227,54469434,"cg12580922_TC21","ICR_530"
"2012","chr8",56117669,56117670,"chr8",56117669,56117858,"cg12595457_TC21","ICR_531"
"2013","chr8",56117689,56117690,"chr8",56117669,56117858,"cg12595458_TC21","ICR_531"
"2014","chr8",56117689,56117690,"chr8",56117669,56117858,"cg12595458_TC22","ICR_531"
"2015","chr8",56117854,56117855,"chr8",56117669,56117858,"cg12595475_TC21","ICR_531"
"2016","chr8",56117854,56117855,"chr8",56117669,56117858,"cg12595475_TC22","ICR_531"
"2017","chr8",57143039,57143040,"chr8",57142944,57143502,"cg12603557_TC21","ICR_532"
"2018","chr8",57143039,57143040,"chr8",57142944,57143502,"cg12603557_TC22","ICR_532"
"2019","chr8",57143278,57143279,"chr8",57142944,57143502,"cg12603558_BO11","ICR_532"
"2020","chr8",57143312,57143313,"chr8",57142944,57143502,"cg12603561_TC11","ICR_532"
"2021","chr8",57143316,57143317,"chr8",57142944,57143502,"cg11062466_TC11","ICR_532"
"2022","chr8",57143404,57143405,"chr8",57142944,57143502,"cg12603571_TC11","ICR_532"
"2023","chr8",57143447,57143448,"chr8",57142944,57143502,"cg12603573_BC21","ICR_532"
"2024","chr8",57280032,57280033,"chr8",57280019,57280373,"cg12605270_BC11","ICR_533"
"2025","chr8",57280032,57280033,"chr8",57280019,57280373,"cg12605270_BC12","ICR_533"
"2026","chr8",57280086,57280087,"chr8",57280019,57280373,"cg12605272_BC21","ICR_533"
"2027","chr8",57280086,57280087,"chr8",57280019,57280373,"cg12605272_BC22","ICR_533"
"2028","chr8",57280116,57280117,"chr8",57280019,57280373,"cg12605274_TC11","ICR_533"
"2029","chr8",57280191,57280192,"chr8",57280019,57280373,"cg12605280_TC21","ICR_533"
"2030","chr8",57280191,57280192,"chr8",57280019,57280373,"cg12605280_TC22","ICR_533"
"2031","chr8",57280193,57280194,"chr8",57280019,57280373,"cg24829409_TC11","ICR_533"
"2032","chr8",57280195,57280196,"chr8",57280019,57280373,"cg12605281_TC11","ICR_533"
"2033","chr8",57280195,57280196,"chr8",57280019,57280373,"cg12605281_TC12","ICR_533"
"2034","chr8",57280199,57280200,"chr8",57280019,57280373,"cg12605282_BC11","ICR_533"
"2035","chr8",57280214,57280215,"chr8",57280019,57280373,"cg12605283_BC11","ICR_533"
"2036","chr8",57280348,57280349,"chr8",57280019,57280373,"cg12605293_TC21","ICR_533"
"2037","chr8",57280372,57280373,"chr8",57280019,57280373,"cg12605295_BC21","ICR_533"
"2038","chr8",60714065,60714066,"chr8",60713941,60714366,"cg26441877_TC21","ICR_534"
"2039","chr8",60714065,60714066,"chr8",60713941,60714366,"cg26441877_TC22","ICR_534"
"2040","chr8",60714086,60714087,"chr8",60713941,60714366,"cg12844324_TC21","ICR_534"
"2041","chr8",60714089,60714090,"chr8",60713941,60714366,"cg12630037_TC11","ICR_534"
"2042","chr8",60714093,60714094,"chr8",60713941,60714366,"cg12630039_BC11","ICR_534"
"2043","chr8",60714103,60714104,"chr8",60713941,60714366,"cg12630040_BC11","ICR_534"
"2044","chr8",60714103,60714104,"chr8",60713941,60714366,"cg12630040_BC12","ICR_534"
"2045","chr8",60714113,60714114,"chr8",60713941,60714366,"cg12630041_BC11","ICR_534"
"2046","chr8",60714115,60714116,"chr8",60713941,60714366,"cg12630042_BC11","ICR_534"
"2047","chr8",60714228,60714229,"chr8",60713941,60714366,"cg12630057_TC11","ICR_534"
"2048","chr8",60714334,60714335,"chr8",60713941,60714366,"cg12630067_TC11","ICR_534"
"2049","chr8",60714342,60714343,"chr8",60713941,60714366,"cg12630068_BC21","ICR_534"
"2050","chr8",60714365,60714366,"chr8",60713941,60714366,"cg12630071_TC11","ICR_534"
"2051","chr8",65166235,65166236,"chr8",65166235,65166399,"cg12660233_BC21","ICR_535"
"2052","chr8",65166319,65166320,"chr8",65166235,65166399,"cg12660234_TC21","ICR_535"
"2053","chr8",65166321,65166322,"chr8",65166235,65166399,"cg12660235_BC21","ICR_535"
"2054","chr8",65166339,65166340,"chr8",65166235,65166399,"cg12660236_TO11","ICR_535"
"2055","chr8",65166344,65166345,"chr8",65166235,65166399,"cg12660237_BO11","ICR_535"
"2056","chr8",65166351,65166352,"chr8",65166235,65166399,"cg12660238_TC11","ICR_535"
"2057","chr8",65166385,65166386,"chr8",65166235,65166399,"cg12660240_TC21","ICR_535"
"2058","chr8",65166398,65166399,"chr8",65166235,65166399,"cg12660241_TC21","ICR_535"
"2059","chr8",69690356,69690357,"chr8",69690059,69690369,"cg12696646_TC21","ICR_536"
"2060","chr8",72074908,72074909,"chr8",72074819,72075145,"cg12715318_TC21","ICR_537"
"2061","chr8",72074929,72074930,"chr8",72074819,72075145,"cg12715319_BC21","ICR_537"
"2062","chr8",72074956,72074957,"chr8",72074819,72075145,"cg12715320_BC21","ICR_537"
"2063","chr8",72074975,72074976,"chr8",72074819,72075145,"cg12715321_BC21","ICR_537"
"2064","chr8",72075015,72075016,"chr8",72074819,72075145,"cg12715322_BC21","ICR_537"
"2065","chr8",72075093,72075094,"chr8",72074819,72075145,"cg12715323_TC21","ICR_537"
"2066","chr8",72075131,72075132,"chr8",72074819,72075145,"cg12715324_TC21","ICR_537"
"2067","chr8",72075142,72075143,"chr8",72074819,72075145,"cg12715325_TC21","ICR_537"
"2068","chr8",72075142,72075143,"chr8",72074819,72075145,"cg12715325_TC22","ICR_537"
"2069","chr8",72075144,72075145,"chr8",72074819,72075145,"cg12715326_TC21","ICR_537"
"2070","chr8",72075144,72075145,"chr8",72074819,72075145,"cg12715326_TC22","ICR_537"
"2071","chr8",92627658,92627659,"chr8",92627658,92628162,"cg12846029_BC21","ICR_538"
"2072","chr8",92627669,92627670,"chr8",92627658,92628162,"cg12846030_TC21","ICR_538"
"2073","chr8",92627700,92627701,"chr8",92627658,92628162,"cg12846031_TO11","ICR_538"
"2074","chr8",92627904,92627905,"chr8",92627658,92628162,"cg12846033_BC21","ICR_538"
"2075","chr8",92627942,92627943,"chr8",92627658,92628162,"cg12846034_TC21","ICR_538"
"2076","chr8",92627944,92627945,"chr8",92627658,92628162,"cg12846035_BC21","ICR_538"
"2077","chr8",92627944,92627945,"chr8",92627658,92628162,"cg12846035_BC22","ICR_538"
"2078","chr8",92628001,92628002,"chr8",92627658,92628162,"cg12846036_BC21","ICR_538"
"2079","chr8",92628161,92628162,"chr8",92627658,92628162,"cg12846037_TC21","ICR_538"
"2080","chr8",94119577,94119578,"chr8",94119577,94120523,"cg12856909_TC21","ICR_539"
"2081","chr8",94119643,94119644,"chr8",94119577,94120523,"cg12856911_BC21","ICR_539"
"2082","chr8",94119643,94119644,"chr8",94119577,94120523,"cg12856911_BC22","ICR_539"
"2083","chr8",94119784,94119785,"chr8",94119577,94120523,"cg12856913_BC21","ICR_539"
"2084","chr8",94119835,94119836,"chr8",94119577,94120523,"cg12856914_TC21","ICR_539"
"2085","chr8",94119905,94119906,"chr8",94119577,94120523,"cg12856918_TC21","ICR_539"
"2086","chr8",94119952,94119953,"chr8",94119577,94120523,"cg12856919_BC21","ICR_539"
"2087","chr8",94120051,94120052,"chr8",94119577,94120523,"cg12856920_TC21","ICR_539"
"2088","chr8",94120053,94120054,"chr8",94119577,94120523,"cg12856921_BC21","ICR_539"
"2089","chr8",94120078,94120079,"chr8",94119577,94120523,"cg12856922_TC21","ICR_539"
"2090","chr8",94120081,94120082,"chr8",94119577,94120523,"cg12856923_BC11","ICR_539"
"2091","chr8",94120108,94120109,"chr8",94119577,94120523,"cg12856924_BC21","ICR_539"
"2092","chr8",94120121,94120122,"chr8",94119577,94120523,"cg12856925_BC21","ICR_539"
"2093","chr8",94120197,94120198,"chr8",94119577,94120523,"cg12856927_BC11","ICR_539"
"2094","chr8",94120234,94120235,"chr8",94119577,94120523,"cg12856928_BC21","ICR_539"
"2095","chr8",94120375,94120376,"chr8",94119577,94120523,"cg12856929_BC21","ICR_539"
"2096","chr8",94120459,94120460,"chr8",94119577,94120523,"cg12856930_TC21","ICR_539"
"2097","chr8",94120462,94120463,"chr8",94119577,94120523,"cg12856931_BC21","ICR_539"
"2098","chr8",94120462,94120463,"chr8",94119577,94120523,"cg12856931_BC22","ICR_539"
"2099","chr8",94120522,94120523,"chr8",94119577,94120523,"cg12856933_TC21","ICR_539"
"2100","chr8",101108706,101108707,"chr8",101108706,101109141,"cg12918726_BC21","ICR_540"
"2101","chr8",101108852,101108853,"chr8",101108706,101109141,"cg12918727_BC21","ICR_540"
"2102","chr8",101108895,101108896,"chr8",101108706,101109141,"cg12918728_BC11","ICR_540"
"2103","chr8",101108901,101108902,"chr8",101108706,101109141,"cg12918729_TO11","ICR_540"
"2104","chr8",101108919,101108920,"chr8",101108706,101109141,"cg12918730_BO11","ICR_540"
"2105","chr8",101108992,101108993,"chr8",101108706,101109141,"cg12918732_BC11","ICR_540"
"2106","chr8",101109062,101109063,"chr8",101108706,101109141,"cg12918733_TC21","ICR_540"
"2107","chr8",101109075,101109076,"chr8",101108706,101109141,"cg12918734_TO11","ICR_540"
"2108","chr8",101109083,101109084,"chr8",101108706,101109141,"cg12918735_TC21","ICR_540"
"2109","chr8",101109083,101109084,"chr8",101108706,101109141,"cg12918735_TC22","ICR_540"
"2110","chr8",101109140,101109141,"chr8",101108706,101109141,"cg12918738_BC21","ICR_540"
"2111","chr8",101277218,101277219,"chr8",101277218,101278202,"cg12920482_BC21","ICR_541"
"2112","chr8",101277222,101277223,"chr8",101277218,101278202,"cg12920483_TC21","ICR_541"
"2113","chr8",101277250,101277251,"chr8",101277218,101278202,"cg12920484_BC11","ICR_541"
"2114","chr8",101277310,101277311,"chr8",101277218,101278202,"cg12920485_BO11","ICR_541"
"2115","chr8",101277568,101277569,"chr8",101277218,101278202,"cg12920486_BC21","ICR_541"
"2116","chr8",101277615,101277616,"chr8",101277218,101278202,"cg20628734_TC21","ICR_541"
"2117","chr8",101277797,101277798,"chr8",101277218,101278202,"cg12920487_TC21","ICR_541"
"2118","chr8",101277993,101277994,"chr8",101277218,101278202,"cg12920488_TC21","ICR_541"
"2119","chr8",101278011,101278012,"chr8",101277218,101278202,"cg12920489_BC21","ICR_541"
"2120","chr8",102528554,102528555,"chr8",102528554,102528786,"cg20570109_BC21","ICR_542"
"2121","chr8",102528570,102528571,"chr8",102528554,102528786,"cg12931239_BC11","ICR_542"
"2122","chr8",102528586,102528587,"chr8",102528554,102528786,"cg12931241_BC11","ICR_542"
"2123","chr8",102528586,102528587,"chr8",102528554,102528786,"cg12931241_BC12","ICR_542"
"2124","chr8",102528608,102528609,"chr8",102528554,102528786,"cg12931243_TC11","ICR_542"
"2125","chr8",102528615,102528616,"chr8",102528554,102528786,"cg12931244_TC11","ICR_542"
"2126","chr8",102528650,102528651,"chr8",102528554,102528786,"cg12931245_TC21","ICR_542"
"2127","chr8",102528664,102528665,"chr8",102528554,102528786,"cg12931246_TC21","ICR_542"
"2128","chr8",102528693,102528694,"chr8",102528554,102528786,"cg21744189_BC21","ICR_542"
"2129","chr8",102528697,102528698,"chr8",102528554,102528786,"cg12931247_BC21","ICR_542"
"2130","chr8",102528709,102528710,"chr8",102528554,102528786,"cg12931248_TC21","ICR_542"
"2131","chr8",102528711,102528712,"chr8",102528554,102528786,"cg12931249_BC11","ICR_542"
"2132","chr8",102528734,102528735,"chr8",102528554,102528786,"cg12931250_BC11","ICR_542"
"2133","chr8",102528738,102528739,"chr8",102528554,102528786,"cg12931251_TC11","ICR_542"
"2134","chr8",102528769,102528770,"chr8",102528554,102528786,"cg12931253_TC21","ICR_542"
"2135","chr8",102528785,102528786,"chr8",102528554,102528786,"cg11890239_BC21","ICR_542"
"2136","chr8",104367373,104367374,"chr8",104367347,104367629,"cg11421509_BC11","ICR_543"
"2137","chr8",104367382,104367383,"chr8",104367347,104367629,"cg12946379_TC11","ICR_543"
"2138","chr8",104367497,104367498,"chr8",104367347,104367629,"cg11147215_TC11","ICR_543"
"2139","chr8",104367526,104367527,"chr8",104367347,104367629,"cg12946393_TC11","ICR_543"
"2140","chr8",104367554,104367555,"chr8",104367347,104367629,"cg12946394_TC11","ICR_543"
"2141","chr8",104367567,104367568,"chr8",104367347,104367629,"cg12946396_BC11","ICR_543"
"2142","chr8",104367569,104367570,"chr8",104367347,104367629,"cg12946397_TC11","ICR_543"
"2143","chr8",108139803,108139804,"chr8",108139803,108140486,"cg12970265_BC11","ICR_544"
"2144","chr8",108139813,108139814,"chr8",108139803,108140486,"cg12970266_BC21","ICR_544"
"2145","chr8",108139838,108139839,"chr8",108139803,108140486,"cg12970267_TC11","ICR_544"
"2146","chr8",108139841,108139842,"chr8",108139803,108140486,"cg12970268_BC11","ICR_544"
"2147","chr8",108139853,108139854,"chr8",108139803,108140486,"cg12970269_BC11","ICR_544"
"2148","chr8",108139933,108139934,"chr8",108139803,108140486,"cg12970270_TC21","ICR_544"
"2149","chr8",108140391,108140392,"chr8",108139803,108140486,"cg12970272_BC21","ICR_544"
"2150","chr8",108140484,108140485,"chr8",108139803,108140486,"cg12970273_BO21","ICR_544"
"2151","chr8",110202765,110202766,"chr8",110202765,110202966,"cg12982607_TC11","ICR_545"
"2152","chr8",110202801,110202802,"chr8",110202765,110202966,"cg12982609_TC11","ICR_545"
"2153","chr8",122721575,122721576,"chr8",122721575,122721969,"cg13062686_BC21","ICR_546"
"2154","chr8",122721623,122721624,"chr8",122721575,122721969,"cg13062687_BC21","ICR_546"
"2155","chr8",122721773,122721774,"chr8",122721575,122721969,"cg13062688_BC21","ICR_546"
"2156","chr8",122721871,122721872,"chr8",122721575,122721969,"cg13062689_TC21","ICR_546"
"2157","chr8",122721884,122721885,"chr8",122721575,122721969,"cg13062690_TC21","ICR_546"
"2158","chr8",122721886,122721887,"chr8",122721575,122721969,"cg27524128_BC21","ICR_546"
"2159","chr8",122721930,122721931,"chr8",122721575,122721969,"cg13062691_BC21","ICR_546"
"2160","chr8",140098071,140098072,"chr8",140098047,140100981,"cg13211397_TC21","ICR_548"
"2161","chr8",140098071,140098072,"chr8",140098047,140100981,"cg13211397_TC22","ICR_548"
"2162","chr8",140098084,140098085,"chr8",140098047,140100981,"cg13211398_BC21","ICR_548"
"2163","chr8",140098091,140098092,"chr8",140098047,140100981,"cg13211399_BC21","ICR_548"
"2164","chr8",140098125,140098126,"chr8",140098047,140100981,"cg13211400_TC21","ICR_548"
"2165","chr8",140098125,140098126,"chr8",140098047,140100981,"cg13211400_TC22","ICR_548"
"2166","chr8",140098160,140098161,"chr8",140098047,140100981,"cg13211401_BC21","ICR_548"
"2167","chr8",140098160,140098161,"chr8",140098047,140100981,"cg13211401_BC22","ICR_548"
"2168","chr8",140098172,140098173,"chr8",140098047,140100981,"cg13211402_TC21","ICR_548"
"2169","chr8",140098172,140098173,"chr8",140098047,140100981,"cg13211402_TC22","ICR_548"
"2170","chr8",140098190,140098191,"chr8",140098047,140100981,"cg13211404_TC21","ICR_548"
"2171","chr8",140098199,140098200,"chr8",140098047,140100981,"cg13211405_BC11","ICR_548"
"2172","chr8",140098214,140098215,"chr8",140098047,140100981,"cg13211406_TC21","ICR_548"
"2173","chr8",140098214,140098215,"chr8",140098047,140100981,"cg13211406_TC22","ICR_548"
"2174","chr8",140098287,140098288,"chr8",140098047,140100981,"cg13211410_BC11","ICR_548"
"2175","chr8",140098346,140098347,"chr8",140098047,140100981,"cg13211415_TC21","ICR_548"
"2176","chr8",140098369,140098370,"chr8",140098047,140100981,"cg13211416_BC11","ICR_548"
"2177","chr8",140098424,140098425,"chr8",140098047,140100981,"cg13211419_BC11","ICR_548"
"2178","chr8",140098424,140098425,"chr8",140098047,140100981,"cg13211419_BC12","ICR_548"
"2179","chr8",140098445,140098446,"chr8",140098047,140100981,"cg13211421_TC11","ICR_548"
"2180","chr8",140098445,140098446,"chr8",140098047,140100981,"cg13211421_TC12","ICR_548"
"2181","chr8",140098450,140098451,"chr8",140098047,140100981,"cg13211422_BC11","ICR_548"
"2182","chr8",140098463,140098464,"chr8",140098047,140100981,"cg13211423_BC21","ICR_548"
"2183","chr8",140098463,140098464,"chr8",140098047,140100981,"cg13211423_BC22","ICR_548"
"2184","chr8",140098480,140098481,"chr8",140098047,140100981,"cg13211424_BC11","ICR_548"
"2185","chr8",140098490,140098491,"chr8",140098047,140100981,"cg13211425_BC21","ICR_548"
"2186","chr8",140098490,140098491,"chr8",140098047,140100981,"cg13211425_BC22","ICR_548"
"2187","chr8",140098507,140098508,"chr8",140098047,140100981,"cg21926091_TC21","ICR_548"
"2188","chr8",140098558,140098559,"chr8",140098047,140100981,"cg13211427_TC21","ICR_548"
"2189","chr8",140098558,140098559,"chr8",140098047,140100981,"cg13211427_TC22","ICR_548"
"2190","chr8",140098562,140098563,"chr8",140098047,140100981,"cg13211428_BC11","ICR_548"
"2191","chr8",140098589,140098590,"chr8",140098047,140100981,"cg13211432_TC11","ICR_548"
"2192","chr8",140098598,140098599,"chr8",140098047,140100981,"cg13211433_BC21","ICR_548"
"2193","chr8",140098658,140098659,"chr8",140098047,140100981,"cg13211435_BC21","ICR_548"
"2194","chr8",140098660,140098661,"chr8",140098047,140100981,"cg13211436_BC21","ICR_548"
"2195","chr8",140098675,140098676,"chr8",140098047,140100981,"cg13211437_TC21","ICR_548"
"2196","chr8",140098675,140098676,"chr8",140098047,140100981,"cg13211437_TC22","ICR_548"
"2197","chr8",140098678,140098679,"chr8",140098047,140100981,"cg13211438_TC11","ICR_548"
"2198","chr8",140098678,140098679,"chr8",140098047,140100981,"cg13211438_TC12","ICR_548"
"2199","chr8",140098712,140098713,"chr8",140098047,140100981,"cg13211440_TC11","ICR_548"
"2200","chr8",140098712,140098713,"chr8",140098047,140100981,"cg13211440_TC12","ICR_548"
"2201","chr8",140098721,140098722,"chr8",140098047,140100981,"cg13211441_TC21","ICR_548"
"2202","chr8",140098721,140098722,"chr8",140098047,140100981,"cg13211441_TC22","ICR_548"
"2203","chr8",140098743,140098744,"chr8",140098047,140100981,"cg13211442_BC21","ICR_548"
"2204","chr8",140098751,140098752,"chr8",140098047,140100981,"cg13211443_BC21","ICR_548"
"2205","chr8",140098780,140098781,"chr8",140098047,140100981,"cg13211444_BC21","ICR_548"
"2206","chr8",140098797,140098798,"chr8",140098047,140100981,"cg13211445_TC11","ICR_548"
"2207","chr8",140098807,140098808,"chr8",140098047,140100981,"cg13211446_BC11","ICR_548"
"2208","chr8",140098807,140098808,"chr8",140098047,140100981,"cg13211446_BC12","ICR_548"
"2209","chr8",140098855,140098856,"chr8",140098047,140100981,"cg13211448_BC11","ICR_548"
"2210","chr8",140098875,140098876,"chr8",140098047,140100981,"cg13211450_TC21","ICR_548"
"2211","chr8",140098898,140098899,"chr8",140098047,140100981,"cg22502459_TC21","ICR_548"
"2212","chr8",140098934,140098935,"chr8",140098047,140100981,"cg13211453_BC11","ICR_548"
"2213","chr8",140098951,140098952,"chr8",140098047,140100981,"cg13713522_BC11","ICR_548"
"2214","chr8",140098953,140098954,"chr8",140098047,140100981,"cg13211454_TC11","ICR_548"
"2215","chr8",140098971,140098972,"chr8",140098047,140100981,"cg13211455_BC21","ICR_548"
"2216","chr8",140098975,140098976,"chr8",140098047,140100981,"cg13211456_BC21","ICR_548"
"2217","chr8",140098975,140098976,"chr8",140098047,140100981,"cg13211456_BC22","ICR_548"
"2218","chr8",140099020,140099021,"chr8",140098047,140100981,"cg13211458_BC21","ICR_548"
"2219","chr8",140099020,140099021,"chr8",140098047,140100981,"cg13211458_BC22","ICR_548"
"2220","chr8",140099030,140099031,"chr8",140098047,140100981,"cg13211459_BC11","ICR_548"
"2221","chr8",140099044,140099045,"chr8",140098047,140100981,"cg13211460_TC11","ICR_548"
"2222","chr8",140099044,140099045,"chr8",140098047,140100981,"cg13211460_TC12","ICR_548"
"2223","chr8",140099076,140099077,"chr8",140098047,140100981,"cg13211462_BC11","ICR_548"
"2224","chr8",140099089,140099090,"chr8",140098047,140100981,"cg13211464_BC11","ICR_548"
"2225","chr8",140099095,140099096,"chr8",140098047,140100981,"cg13211465_TC11","ICR_548"
"2226","chr8",140099144,140099145,"chr8",140098047,140100981,"cg13211467_TC11","ICR_548"
"2227","chr8",140099151,140099152,"chr8",140098047,140100981,"cg13211468_TO11","ICR_548"
"2228","chr8",140099164,140099165,"chr8",140098047,140100981,"cg13211469_BC11","ICR_548"
"2229","chr8",140099164,140099165,"chr8",140098047,140100981,"cg13211469_BC12","ICR_548"
"2230","chr8",140099171,140099172,"chr8",140098047,140100981,"cg13211470_TC11","ICR_548"
"2231","chr8",140099181,140099182,"chr8",140098047,140100981,"cg13211471_BC21","ICR_548"
"2232","chr8",140099181,140099182,"chr8",140098047,140100981,"cg13211471_BC22","ICR_548"
"2233","chr8",140099220,140099221,"chr8",140098047,140100981,"cg13211473_BC11","ICR_548"
"2234","chr8",140099237,140099238,"chr8",140098047,140100981,"cg13211474_BC11","ICR_548"
"2235","chr8",140099274,140099275,"chr8",140098047,140100981,"cg13211477_TC11","ICR_548"
"2236","chr8",140099274,140099275,"chr8",140098047,140100981,"cg13211477_TC12","ICR_548"
"2237","chr8",140099279,140099280,"chr8",140098047,140100981,"cg13211478_TC21","ICR_548"
"2238","chr8",140099313,140099314,"chr8",140098047,140100981,"cg13211480_TC21","ICR_548"
"2239","chr8",140099330,140099331,"chr8",140098047,140100981,"cg13211481_BC21","ICR_548"
"2240","chr8",140099337,140099338,"chr8",140098047,140100981,"cg13211482_TC11","ICR_548"
"2241","chr8",140099337,140099338,"chr8",140098047,140100981,"cg13211482_TC12","ICR_548"
"2242","chr8",140099398,140099399,"chr8",140098047,140100981,"cg13211486_TC21","ICR_548"
"2243","chr8",140099398,140099399,"chr8",140098047,140100981,"cg13211486_TC22","ICR_548"
"2244","chr8",140099417,140099418,"chr8",140098047,140100981,"cg13211487_BC21","ICR_548"
"2245","chr8",140099445,140099446,"chr8",140098047,140100981,"cg13211488_TC21","ICR_548"
"2246","chr8",140099473,140099474,"chr8",140098047,140100981,"cg13211489_TC21","ICR_548"
"2247","chr8",140099476,140099477,"chr8",140098047,140100981,"cg13211490_BC21","ICR_548"
"2248","chr8",140099508,140099509,"chr8",140098047,140100981,"cg13211491_BC11","ICR_548"
"2249","chr8",140099508,140099509,"chr8",140098047,140100981,"cg13211491_BC12","ICR_548"
"2250","chr8",140099528,140099529,"chr8",140098047,140100981,"cg17763909_BC21","ICR_548"
"2251","chr8",140099528,140099529,"chr8",140098047,140100981,"cg17763909_BC22","ICR_548"
"2252","chr8",140099532,140099533,"chr8",140098047,140100981,"cg13211492_TC21","ICR_548"
"2253","chr8",140099545,140099546,"chr8",140098047,140100981,"cg13211493_BC11","ICR_548"
"2254","chr8",140099545,140099546,"chr8",140098047,140100981,"cg13211493_BC12","ICR_548"
"2255","chr8",140099551,140099552,"chr8",140098047,140100981,"cg13211494_TC11","ICR_548"
"2256","chr8",140099551,140099552,"chr8",140098047,140100981,"cg13211494_TC12","ICR_548"
"2257","chr8",140099555,140099556,"chr8",140098047,140100981,"cg13211495_BO11","ICR_548"
"2258","chr8",140099586,140099587,"chr8",140098047,140100981,"cg13211496_BC11","ICR_548"
"2259","chr8",140099603,140099604,"chr8",140098047,140100981,"cg13211497_TC21","ICR_548"
"2260","chr8",140099627,140099628,"chr8",140098047,140100981,"cg13211498_BC21","ICR_548"
"2261","chr8",140099696,140099697,"chr8",140098047,140100981,"cg13211499_BC21","ICR_548"
"2262","chr8",140099720,140099721,"chr8",140098047,140100981,"cg13211500_BC21","ICR_548"
"2263","chr8",140099724,140099725,"chr8",140098047,140100981,"cg13211501_TC21","ICR_548"
"2264","chr8",140099724,140099725,"chr8",140098047,140100981,"cg13211501_TC22","ICR_548"
"2265","chr8",140099777,140099778,"chr8",140098047,140100981,"cg13211503_TC11","ICR_548"
"2266","chr8",140099792,140099793,"chr8",140098047,140100981,"cg13211504_TC11","ICR_548"
"2267","chr8",140099797,140099798,"chr8",140098047,140100981,"cg13211505_BC11","ICR_548"
"2268","chr8",140099799,140099800,"chr8",140098047,140100981,"cg13211506_TC11","ICR_548"
"2269","chr8",140099818,140099819,"chr8",140098047,140100981,"cg13211507_BC21","ICR_548"
"2270","chr8",140099829,140099830,"chr8",140098047,140100981,"cg13211508_BC21","ICR_548"
"2271","chr8",140099869,140099870,"chr8",140098047,140100981,"cg13211509_BC21","ICR_548"
"2272","chr8",140099906,140099907,"chr8",140098047,140100981,"cg13211510_BC21","ICR_548"
"2273","chr8",140099923,140099924,"chr8",140098047,140100981,"cg13211511_TC21","ICR_548"
"2274","chr8",140099923,140099924,"chr8",140098047,140100981,"cg13211511_TC22","ICR_548"
"2275","chr8",140099933,140099934,"chr8",140098047,140100981,"cg13211512_BC11","ICR_548"
"2276","chr8",140099964,140099965,"chr8",140098047,140100981,"cg13211514_TC11","ICR_548"
"2277","chr8",140099981,140099982,"chr8",140098047,140100981,"cg13211515_TC11","ICR_548"
"2278","chr8",140099983,140099984,"chr8",140098047,140100981,"cg13211516_TC11","ICR_548"
"2279","chr8",140099988,140099989,"chr8",140098047,140100981,"cg13211517_BC11","ICR_548"
"2280","chr8",140100009,140100010,"chr8",140098047,140100981,"cg13211519_BO11","ICR_548"
"2281","chr8",140100040,140100041,"chr8",140098047,140100981,"cg13211521_TC11","ICR_548"
"2282","chr8",140100040,140100041,"chr8",140098047,140100981,"cg13211521_TC12","ICR_548"
"2283","chr8",140100045,140100046,"chr8",140098047,140100981,"cg13211522_BC11","ICR_548"
"2284","chr8",140100111,140100112,"chr8",140098047,140100981,"cg13211527_TC11","ICR_548"
"2285","chr8",140100123,140100124,"chr8",140098047,140100981,"cg13211528_TC11","ICR_548"
"2286","chr8",140100143,140100144,"chr8",140098047,140100981,"cg13211529_TC11","ICR_548"
"2287","chr8",140100143,140100144,"chr8",140098047,140100981,"cg13211529_TC12","ICR_548"
"2288","chr8",140100182,140100183,"chr8",140098047,140100981,"cg13211531_TC21","ICR_548"
"2289","chr8",140100214,140100215,"chr8",140098047,140100981,"cg13211532_BC21","ICR_548"
"2290","chr8",140100231,140100232,"chr8",140098047,140100981,"cg13211533_TC21","ICR_548"
"2291","chr8",140100241,140100242,"chr8",140098047,140100981,"cg13211534_BC21","ICR_548"
"2292","chr8",140100254,140100255,"chr8",140098047,140100981,"cg13211535_BC21","ICR_548"
"2293","chr8",140100272,140100273,"chr8",140098047,140100981,"cg13211536_BC21","ICR_548"
"2294","chr8",140100326,140100327,"chr8",140098047,140100981,"cg13211538_BC11","ICR_548"
"2295","chr8",140100332,140100333,"chr8",140098047,140100981,"cg13211539_TC11","ICR_548"
"2296","chr8",140100346,140100347,"chr8",140098047,140100981,"cg13211540_TC21","ICR_548"
"2297","chr8",140100367,140100368,"chr8",140098047,140100981,"cg13211541_TC21","ICR_548"
"2298","chr8",140100406,140100407,"chr8",140098047,140100981,"cg13211542_BC21","ICR_548"
"2299","chr8",140100441,140100442,"chr8",140098047,140100981,"cg13211543_TC21","ICR_548"
"2300","chr8",140100456,140100457,"chr8",140098047,140100981,"cg13211544_TC21","ICR_548"
"2301","chr8",140100466,140100467,"chr8",140098047,140100981,"cg13211546_TC11","ICR_548"
"2302","chr8",140100478,140100479,"chr8",140098047,140100981,"cg13211548_TC11","ICR_548"
"2303","chr8",140100490,140100491,"chr8",140098047,140100981,"cg13211549_TO11","ICR_548"
"2304","chr8",140100492,140100493,"chr8",140098047,140100981,"cg13211550_TC11","ICR_548"
"2305","chr8",140100511,140100512,"chr8",140098047,140100981,"cg13211552_TC11","ICR_548"
"2306","chr8",140100536,140100537,"chr8",140098047,140100981,"cg13211554_TO11","ICR_548"
"2307","chr8",140100545,140100546,"chr8",140098047,140100981,"cg13211555_TC11","ICR_548"
"2308","chr8",140100573,140100574,"chr8",140098047,140100981,"cg13211557_BO11","ICR_548"
"2309","chr8",140100652,140100653,"chr8",140098047,140100981,"cg13211562_BC21","ICR_548"
"2310","chr8",140100658,140100659,"chr8",140098047,140100981,"cg13211563_BC11","ICR_548"
"2311","chr8",140100663,140100664,"chr8",140098047,140100981,"cg13211564_TC11","ICR_548"
"2312","chr8",140100684,140100685,"chr8",140098047,140100981,"cg13211565_TC11","ICR_548"
"2313","chr8",140100684,140100685,"chr8",140098047,140100981,"cg13211565_TC12","ICR_548"
"2314","chr8",140100723,140100724,"chr8",140098047,140100981,"cg13211568_TC21","ICR_548"
"2315","chr8",140100727,140100728,"chr8",140098047,140100981,"cg13211569_TC21","ICR_548"
"2316","chr8",140100733,140100734,"chr8",140098047,140100981,"cg13211570_TC21","ICR_548"
"2317","chr8",140100773,140100774,"chr8",140098047,140100981,"cg13211571_TC21","ICR_548"
"2318","chr8",140100800,140100801,"chr8",140098047,140100981,"cg22807877_BC21","ICR_548"
"2319","chr8",140100814,140100815,"chr8",140098047,140100981,"cg13211572_TC21","ICR_548"
"2320","chr8",140100848,140100849,"chr8",140098047,140100981,"cg13211573_BC11","ICR_548"
"2321","chr8",140100848,140100849,"chr8",140098047,140100981,"cg13211573_BC12","ICR_548"
"2322","chr8",140100853,140100854,"chr8",140098047,140100981,"cg13211574_BC11","ICR_548"
"2323","chr8",140100871,140100872,"chr8",140098047,140100981,"cg13211575_TC11","ICR_548"
"2324","chr8",140100871,140100872,"chr8",140098047,140100981,"cg13211575_TC12","ICR_548"
"2325","chr8",140100877,140100878,"chr8",140098047,140100981,"cg13211576_BC11","ICR_548"
"2326","chr8",140100877,140100878,"chr8",140098047,140100981,"cg13211576_BC12","ICR_548"
"2327","chr8",140100883,140100884,"chr8",140098047,140100981,"cg13211577_BC11","ICR_548"
"2328","chr8",140100883,140100884,"chr8",140098047,140100981,"cg13211577_BC12","ICR_548"
"2329","chr8",140100919,140100920,"chr8",140098047,140100981,"cg13211578_TC21","ICR_548"
"2330","chr8",140100956,140100957,"chr8",140098047,140100981,"cg13211579_TC21","ICR_548"
"2331","chr8",140349437,140349438,"chr8",140349278,140349564,"cg13215323_BC11","ICR_549"
"2332","chr8",140349439,140349440,"chr8",140349278,140349564,"cg26135849_BC11","ICR_549"
"2333","chr8",140349492,140349493,"chr8",140349278,140349564,"cg26308012_BC11","ICR_549"
"2334","chr8",140349510,140349511,"chr8",140349278,140349564,"cg13215329_TO11","ICR_549"
"2335","chr8",140349520,140349521,"chr8",140349278,140349564,"cg13215330_TO11","ICR_549"
"2336","chr8",140349563,140349564,"chr8",140349278,140349564,"cg13215332_TC21","ICR_549"
"2337","chr8",140349563,140349564,"chr8",140349278,140349564,"cg13215332_TC22","ICR_549"
"2338","chr8",141723821,141723822,"chr8",141723821,141724064,"cg13240938_TC21","ICR_550"
"2339","chr8",141723855,141723856,"chr8",141723821,141724064,"cg13240939_BC21","ICR_550"
"2340","chr8",141723905,141723906,"chr8",141723821,141724064,"cg13240940_TC21","ICR_550"
"2341","chr8",141723918,141723919,"chr8",141723821,141724064,"cg13240941_BO11","ICR_550"
"2342","chr8",141723918,141723919,"chr8",141723821,141724064,"cg13240941_BO12","ICR_550"
"2343","chr8",141723933,141723934,"chr8",141723821,141724064,"cg13240942_TC11","ICR_550"
"2344","chr8",141723941,141723942,"chr8",141723821,141724064,"cg13240943_TC11","ICR_550"
"2345","chr8",141723946,141723947,"chr8",141723821,141724064,"cg13240944_BC21","ICR_550"
"2346","chr8",141723946,141723947,"chr8",141723821,141724064,"cg13240944_BC22","ICR_550"
"2347","chr8",141723948,141723949,"chr8",141723821,141724064,"cg13240945_TC21","ICR_550"
"2348","chr8",141723998,141723999,"chr8",141723821,141724064,"cg13240946_BC11","ICR_550"
"2349","chr8",141724005,141724006,"chr8",141723821,141724064,"cg13240947_TC21","ICR_550"
"2350","chr8",141724007,141724008,"chr8",141723821,141724064,"cg13240948_TC21","ICR_550"
"2351","chr8",141724014,141724015,"chr8",141723821,141724064,"cg13240949_BC21","ICR_550"
"2352","chr8",141724038,141724039,"chr8",141723821,141724064,"cg13240950_BC21","ICR_550"
"2353","chr8",141724063,141724064,"chr8",141723821,141724064,"cg20559633_TC21","ICR_550"
"2354","chr8",142700478,142700479,"chr8",142700448,142700581,"cg13261861_TC11","ICR_551"
"2355","chr8",142700566,142700567,"chr8",142700448,142700581,"cg19413366_TC11","ICR_551"
"2356","chr8",142700580,142700581,"chr8",142700448,142700581,"cg13261872_BC11","ICR_551"
"2357","chr8",143276939,143276940,"chr8",143276903,143277146,"cg13273642_TC21","ICR_552"
"2358","chr8",143276981,143276982,"chr8",143276903,143277146,"cg13273643_BC21","ICR_552"
"2359","chr8",143276989,143276990,"chr8",143276903,143277146,"cg13273644_BC21","ICR_552"
"2360","chr8",143276994,143276995,"chr8",143276903,143277146,"cg13273645_TC11","ICR_552"
"2361","chr8",143277044,143277045,"chr8",143276903,143277146,"cg13273646_TC21","ICR_552"
"2362","chr8",143277067,143277068,"chr8",143276903,143277146,"cg13273648_BC11","ICR_552"
"2363","chr8",143277079,143277080,"chr8",143276903,143277146,"cg13273650_BC11","ICR_552"
"2364","chr8",143277079,143277080,"chr8",143276903,143277146,"cg13273650_BC12","ICR_552"
"2365","chr8",143399765,143399766,"chr8",143399765,143399977,"cg13277598_TC11","ICR_553"
"2366","chr8",143399765,143399766,"chr8",143399765,143399977,"cg13277598_TC12","ICR_553"
"2367","chr8",143399814,143399815,"chr8",143399765,143399977,"cg13277600_TC21","ICR_553"
"2368","chr8",143399863,143399864,"chr8",143399765,143399977,"cg20515845_BC21","ICR_553"
"2369","chr8",143399865,143399866,"chr8",143399765,143399977,"cg13277601_BC21","ICR_553"
"2370","chr8",143399868,143399869,"chr8",143399765,143399977,"cg13277602_BC21","ICR_553"
"2371","chr8",143399873,143399874,"chr8",143399765,143399977,"cg13277603_BC21","ICR_553"
"2372","chr8",143399916,143399917,"chr8",143399765,143399977,"cg13277607_TC11","ICR_553"
"2373","chr8",143399916,143399917,"chr8",143399765,143399977,"cg13277607_TC12","ICR_553"
"2374","chr8",143399927,143399928,"chr8",143399765,143399977,"cg13277608_BC11","ICR_553"
"2375","chr8",143399976,143399977,"chr8",143399765,143399977,"cg13277610_BC21","ICR_553"
"2376","chr8",143420515,143420516,"chr8",143420515,143420723,"cg13278045_BC21","ICR_554"
"2377","chr8",143420523,143420524,"chr8",143420515,143420723,"cg13278046_BC21","ICR_554"
"2378","chr8",143420532,143420533,"chr8",143420515,143420723,"cg13278047_BC11","ICR_554"
"2379","chr8",143420532,143420533,"chr8",143420515,143420723,"cg13278047_BC12","ICR_554"
"2380","chr8",143420543,143420544,"chr8",143420515,143420723,"cg13278048_TC11","ICR_554"
"2381","chr8",143420620,143420621,"chr8",143420515,143420723,"cg13278051_BC11","ICR_554"
"2382","chr8",143420636,143420637,"chr8",143420515,143420723,"cg13278054_TC21","ICR_554"
"2383","chr8",143420656,143420657,"chr8",143420515,143420723,"cg13278056_TC21","ICR_554"
"2384","chr8",143420693,143420694,"chr8",143420515,143420723,"cg13278057_TC21","ICR_554"
"2385","chr8",143420693,143420694,"chr8",143420515,143420723,"cg13278057_TC22","ICR_554"
"2386","chr8",143420722,143420723,"chr8",143420515,143420723,"cg13278058_BC21","ICR_554"
"2387","chr8",143728111,143728112,"chr8",143728030,143728348,"cg13287552_TC21","ICR_555"
"2388","chr8",143728135,143728136,"chr8",143728030,143728348,"cg13287554_BC21","ICR_555"
"2389","chr8",143728142,143728143,"chr8",143728030,143728348,"cg13287555_TC11","ICR_555"
"2390","chr8",143728145,143728146,"chr8",143728030,143728348,"cg13287556_TC11","ICR_555"
"2391","chr8",143728148,143728149,"chr8",143728030,143728348,"cg13287557_BC11","ICR_555"
"2392","chr8",143728161,143728162,"chr8",143728030,143728348,"cg13287558_TC11","ICR_555"
"2393","chr8",143728161,143728162,"chr8",143728030,143728348,"cg13287558_TC12","ICR_555"
"2394","chr8",143934132,143934133,"chr8",143934132,143934333,"cg13294632_BC11","ICR_557"
"2395","chr8",143934132,143934133,"chr8",143934132,143934333,"cg13294632_BC12","ICR_557"
"2396","chr8",143934161,143934162,"chr8",143934132,143934333,"cg13294633_BC11","ICR_557"
"2397","chr8",143934168,143934169,"chr8",143934132,143934333,"cg13294634_TC11","ICR_557"
"2398","chr8",143934231,143934232,"chr8",143934132,143934333,"cg13294637_TC11","ICR_557"
"2399","chr8",143934237,143934238,"chr8",143934132,143934333,"cg13294638_BC11","ICR_557"
"2400","chr8",143934242,143934243,"chr8",143934132,143934333,"cg13294639_BC11","ICR_557"
"2401","chr8",143934242,143934243,"chr8",143934132,143934333,"cg13294639_BC12","ICR_557"
"2402","chr8",143934332,143934333,"chr8",143934132,143934333,"cg13294642_TC11","ICR_557"
"2403","chr8",143934332,143934333,"chr8",143934132,143934333,"cg13294642_TC12","ICR_557"
"2404","chr8",144429067,144429068,"chr8",144429034,144429244,"cg13310016_TC11","ICR_558"
"2405","chr8",144429189,144429190,"chr8",144429034,144429244,"cg13310025_TC11","ICR_558"
"2406","chr8",144429221,144429222,"chr8",144429034,144429244,"cg26440467_TC11","ICR_558"
"2407","chr8",144429228,144429229,"chr8",144429034,144429244,"cg13310029_TC11","ICR_558"
"2408","chr9",9557058,9557059,"chr9",9557058,9558061,"cg13404279_BC21","ICR_559"
"2409","chr9",9557146,9557147,"chr9",9557058,9558061,"cg13404280_BC21","ICR_559"
"2410","chr9",9557358,9557359,"chr9",9557058,9558061,"cg13404281_BC21","ICR_559"
"2411","chr9",9557893,9557894,"chr9",9557058,9558061,"cg13404283_TO21","ICR_559"
"2412","chr9",9558060,9558061,"chr9",9557058,9558061,"cg13404284_BC21","ICR_559"
"2413","chr9",20658370,20658371,"chr9",20658357,20658783,"cg13486870_TC21","ICR_560"
"2414","chr9",20658433,20658434,"chr9",20658357,20658783,"cg13486873_BC21","ICR_560"
"2415","chr9",20658462,20658463,"chr9",20658357,20658783,"cg13486874_BC21","ICR_560"
"2416","chr9",21997857,21997858,"chr9",21997428,22000964,"cg13496303_BC21","ICR_561"
"2417","chr9",21998120,21998121,"chr9",21997428,22000964,"cg13350118_BC21","ICR_561"
"2418","chr9",21998262,21998263,"chr9",21997428,22000964,"cg13496304_TO11","ICR_561"
"2419","chr9",22000177,22000178,"chr9",21997428,22000964,"cg13496305_BC21","ICR_561"
"2420","chr9",22000344,22000345,"chr9",21997428,22000964,"cg13496306_BO21","ICR_561"
"2421","chr9",22000837,22000838,"chr9",21997428,22000964,"cg13496307_TC21","ICR_561"
"2422","chr9",22000963,22000964,"chr9",21997428,22000964,"cg13496308_TC21","ICR_561"
"2423","chr9",35036050,35036051,"chr9",35036050,35036291,"cg13592636_BC11","ICR_562"
"2424","chr9",35036072,35036073,"chr9",35036050,35036291,"cg13592638_BC21","ICR_562"
"2425","chr9",35036080,35036081,"chr9",35036050,35036291,"cg13921251_TC21","ICR_562"
"2426","chr9",35036086,35036087,"chr9",35036050,35036291,"cg13592639_TC21","ICR_562"
"2427","chr9",35036128,35036129,"chr9",35036050,35036291,"cg13592640_BC21","ICR_562"
"2428","chr9",35036148,35036149,"chr9",35036050,35036291,"cg13592641_TO11","ICR_562"
"2429","chr9",35036157,35036158,"chr9",35036050,35036291,"cg13592642_BC21","ICR_562"
"2430","chr9",35036196,35036197,"chr9",35036050,35036291,"cg13592644_TC21","ICR_562"
"2431","chr9",35036220,35036221,"chr9",35036050,35036291,"cg13592645_TC21","ICR_562"
"2432","chr9",35036229,35036230,"chr9",35036050,35036291,"cg13592646_BC11","ICR_562"
"2433","chr9",38487664,38487665,"chr9",38487572,38487989,"cg13635108_BO11","ICR_564"
"2434","chr9",38487713,38487714,"chr9",38487572,38487989,"cg13635110_TC21","ICR_564"
"2435","chr9",38487752,38487753,"chr9",38487572,38487989,"cg13635113_TC11","ICR_564"
"2436","chr9",38487808,38487809,"chr9",38487572,38487989,"cg13635115_BC11","ICR_564"
"2437","chr9",38487811,38487812,"chr9",38487572,38487989,"cg13635116_TC21","ICR_564"
"2438","chr9",38487888,38487889,"chr9",38487572,38487989,"cg13635118_TC21","ICR_564"
"2439","chr9",38487893,38487894,"chr9",38487572,38487989,"cg13635119_TC21","ICR_564"
"2440","chr9",38487896,38487897,"chr9",38487572,38487989,"cg13635120_BC11","ICR_564"
"2441","chr9",38487899,38487900,"chr9",38487572,38487989,"cg13635121_BC11","ICR_564"
"2442","chr9",38487907,38487908,"chr9",38487572,38487989,"cg13635122_TC11","ICR_564"
"2443","chr9",38487946,38487947,"chr9",38487572,38487989,"cg13635124_BC11","ICR_564"
"2444","chr9",38526846,38526847,"chr9",38526771,38526937,"cg13635583_TC11","ICR_565"
"2445","chr9",38526860,38526861,"chr9",38526771,38526937,"cg13635584_TC21","ICR_565"
"2446","chr9",38526873,38526874,"chr9",38526771,38526937,"cg13635585_TC11","ICR_565"
"2447","chr9",38526877,38526878,"chr9",38526771,38526937,"cg13635586_TC11","ICR_565"
"2448","chr9",38526884,38526885,"chr9",38526771,38526937,"cg13635588_TC11","ICR_565"
"2449","chr9",38526884,38526885,"chr9",38526771,38526937,"cg13635588_TC12","ICR_565"
"2450","chr9",38526890,38526891,"chr9",38526771,38526937,"cg13635589_TC11","ICR_565"
"2451","chr9",38526936,38526937,"chr9",38526771,38526937,"cg13635591_TC21","ICR_565"
"2452","chr9",38526936,38526937,"chr9",38526771,38526937,"cg13635591_TC22","ICR_565"
"2453","chr9",40106375,40106376,"chr9",40106358,40106534,"cg13651345_BC11","ICR_566"
"2454","chr9",40106524,40106525,"chr9",40106358,40106534,"cg13651355_TC21","ICR_566"
"2455","chr9",40106533,40106534,"chr9",40106358,40106534,"cg13651356_BC21","ICR_566"
"2456","chr9",40584190,40584191,"chr9",40584158,40584282,"cg13655387_TC11","ICR_567"
"2457","chr9",40584197,40584198,"chr9",40584158,40584282,"cg13655388_BC11","ICR_567"
"2458","chr9",41237493,41237494,"chr9",41237464,41237605,"cg13661609_BC11","ICR_569"
"2459","chr9",42725365,42725366,"chr9",42725365,42725715,"cg13674167_TC11","ICR_572"
"2460","chr9",42725382,42725383,"chr9",42725365,42725715,"cg13674168_BC11","ICR_572"
"2461","chr9",42725384,42725385,"chr9",42725365,42725715,"cg13674169_TC11","ICR_572"
"2462","chr9",42725399,42725400,"chr9",42725365,42725715,"cg13674170_BC11","ICR_572"
"2463","chr9",42725402,42725403,"chr9",42725365,42725715,"cg13674171_TC11","ICR_572"
"2464","chr9",42725410,42725411,"chr9",42725365,42725715,"cg13674172_BC11","ICR_572"
"2465","chr9",42725547,42725548,"chr9",42725365,42725715,"cg14643142_BC21","ICR_572"
"2466","chr9",62844720,62844721,"chr9",62844695,62844981,"cg13698221_TC11","ICR_578"
"2467","chr9",62844729,62844730,"chr9",62844695,62844981,"cg13698222_TC11","ICR_578"
"2468","chr9",62844929,62844930,"chr9",62844695,62844981,"cg13698231_TC21","ICR_578"
"2469","chr9",62844953,62844954,"chr9",62844695,62844981,"cg13698232_TC21","ICR_578"
"2470","chr9",62844980,62844981,"chr9",62844695,62844981,"cg13698233_BC21","ICR_578"
"2471","chr9",62915350,62915351,"chr9",62915276,62915432,"cg13698672_TC21","ICR_579"
"2472","chr9",62915371,62915372,"chr9",62915276,62915432,"cg12555752_TC21","ICR_579"
"2473","chr9",62915371,62915372,"chr9",62915276,62915432,"cg12555752_TC22","ICR_579"
"2474","chr9",63704050,63704051,"chr9",63703992,63704066,"cg13701296_BC11","ICR_580"
"2475","chr9",63704065,63704066,"chr9",63703992,63704066,"cg13701297_BC11","ICR_580"
"2476","chr9",63705421,63705422,"chr9",63705421,63705648,"cg13701376_TC21","ICR_581"
"2477","chr9",63705480,63705481,"chr9",63705421,63705648,"cg13701377_BC21","ICR_581"
"2478","chr9",63705502,63705503,"chr9",63705421,63705648,"cg13701378_BC21","ICR_581"
"2479","chr9",63758811,63758812,"chr9",63758458,63759888,"cg13701877_BC21","ICR_582"
"2480","chr9",63759628,63759629,"chr9",63758458,63759888,"cg13701881_TC21","ICR_582"
"2481","chr9",63759691,63759692,"chr9",63758458,63759888,"cg13701882_BC21","ICR_582"
"2482","chr9",63759887,63759888,"chr9",63758458,63759888,"cg13701883_BC21","ICR_582"
"2483","chr9",63781922,63781923,"chr9",63781884,63782006,"cg18654956_TC21","ICR_583"
"2484","chr9",63781928,63781929,"chr9",63781884,63782006,"cg13702085_BC11","ICR_583"
"2485","chr9",63784656,63784657,"chr9",63784656,63784765,"cg13702142_BC21","ICR_585"
"2486","chr9",63784742,63784743,"chr9",63784656,63784765,"cg13702147_TC11","ICR_585"
"2487","chr9",63816390,63816391,"chr9",63816390,63816562,"cg13702478_TC21","ICR_586"
"2488","chr9",63816399,63816400,"chr9",63816390,63816562,"cg13702479_BC21","ICR_586"
"2489","chr9",63816500,63816501,"chr9",63816390,63816562,"cg13702482_BC21","ICR_586"
"2490","chr9",63816535,63816536,"chr9",63816390,63816562,"cg13702483_BC11","ICR_586"
"2491","chr9",63816561,63816562,"chr9",63816390,63816562,"cg13790785_TC21","ICR_586"
"2492","chr9",63816799,63816800,"chr9",63816763,63816827,"cg13702492_TC11","ICR_587"
"2493","chr9",63816799,63816800,"chr9",63816763,63816827,"cg13702492_TC12","ICR_587"
"2494","chr9",63873179,63873180,"chr9",63871752,63873362,"cg13703001_TC21","ICR_588"
"2495","chr9",63875145,63875146,"chr9",63874322,63875499,"cg13703007_TC21","ICR_589"
"2496","chr9",64015991,64015992,"chr9",64015991,64016150,"cg13703662_TC21","ICR_590"
"2497","chr9",64016074,64016075,"chr9",64015991,64016150,"cg13703668_BC21","ICR_590"
"2498","chr9",64016076,64016077,"chr9",64015991,64016150,"cg13703669_BC11","ICR_590"
"2499","chr9",64016130,64016131,"chr9",64015991,64016150,"cg13703670_BC11","ICR_590"
"2500","chr9",64072069,64072070,"chr9",64072046,64072115,"cg13704446_TC11","ICR_591"
"2501","chr9",64072089,64072090,"chr9",64072046,64072115,"cg13704447_TC11","ICR_591"
"2502","chr9",64072114,64072115,"chr9",64072046,64072115,"cg13704448_TC11","ICR_591"
"2503","chr9",64072114,64072115,"chr9",64072046,64072115,"cg13704448_TC12","ICR_591"
"2504","chr9",65385431,65385432,"chr9",65385431,65385641,"cg13708881_BC11","ICR_592"
"2505","chr9",65385434,65385435,"chr9",65385431,65385641,"cg13708882_BC11","ICR_592"
"2506","chr9",65385472,65385473,"chr9",65385431,65385641,"cg13708885_TO11","ICR_592"
"2507","chr9",65385487,65385488,"chr9",65385431,65385641,"cg13708886_TO11","ICR_592"
"2508","chr9",65385498,65385499,"chr9",65385431,65385641,"cg13708890_TO11","ICR_592"
"2509","chr9",65385503,65385504,"chr9",65385431,65385641,"cg13708892_TO11","ICR_592"
"2510","chr9",65385577,65385578,"chr9",65385431,65385641,"cg13708900_BC11","ICR_592"
"2511","chr9",65385579,65385580,"chr9",65385431,65385641,"cg13708901_TC11","ICR_592"
"2512","chr9",65385584,65385585,"chr9",65385431,65385641,"cg13708902_TC21","ICR_592"
"2513","chr9",65385586,65385587,"chr9",65385431,65385641,"cg13708903_TC21","ICR_592"
"2514","chr9",65566257,65566258,"chr9",65566059,65566418,"cg13711263_TC21","ICR_593"
"2515","chr9",65566257,65566258,"chr9",65566059,65566418,"cg13711263_TC22","ICR_593"
"2516","chr9",65566259,65566260,"chr9",65566059,65566418,"cg13711264_BC21","ICR_593"
"2517","chr9",65566276,65566277,"chr9",65566059,65566418,"cg13711266_BC21","ICR_593"
"2518","chr9",66198797,66198798,"chr9",66198550,66198816,"cg13712727_TO11","ICR_594"
"2519","chr9",67720552,67720553,"chr9",67720382,67720553,"cg13717587_TC11","ICR_597"
"2520","chr9",84272059,84272060,"chr9",84272059,84272363,"cg13845236_BC21","ICR_598"
"2521","chr9",84272063,84272064,"chr9",84272059,84272363,"cg13845237_TC21","ICR_598"
"2522","chr9",84272076,84272077,"chr9",84272059,84272363,"cg13845238_TC21","ICR_598"
"2523","chr9",84272109,84272110,"chr9",84272059,84272363,"cg13845240_BC21","ICR_598"
"2524","chr9",84272123,84272124,"chr9",84272059,84272363,"cg13845241_BO11","ICR_598"
"2525","chr9",84272129,84272130,"chr9",84272059,84272363,"cg13845242_BC21","ICR_598"
"2526","chr9",84272133,84272134,"chr9",84272059,84272363,"cg13845243_TC11","ICR_598"
"2527","chr9",84272133,84272134,"chr9",84272059,84272363,"cg13845243_TC12","ICR_598"
"2528","chr9",84272227,84272228,"chr9",84272059,84272363,"cg13845244_TC21","ICR_598"
"2529","chr9",84272239,84272240,"chr9",84272059,84272363,"cg13845245_BC21","ICR_598"
"2530","chr9",84272306,84272307,"chr9",84272059,84272363,"cg13845246_BC21","ICR_598"
"2531","chr9",84272315,84272316,"chr9",84272059,84272363,"cg13845247_TC21","ICR_598"
"2532","chr9",84272329,84272330,"chr9",84272059,84272363,"cg13845248_BC21","ICR_598"
"2533","chr9",84272362,84272363,"chr9",84272059,84272363,"cg13845249_TC21","ICR_598"
"2534","chr9",85077323,85077324,"chr9",85077204,85077528,"cg13851994_BC21","ICR_599"
"2535","chr9",85077335,85077336,"chr9",85077204,85077528,"cg13851995_BC11","ICR_599"
"2536","chr9",85077335,85077336,"chr9",85077204,85077528,"cg13851995_BC12","ICR_599"
"2537","chr9",85077346,85077347,"chr9",85077204,85077528,"cg13851996_BC11","ICR_599"
"2538","chr9",85077369,85077370,"chr9",85077204,85077528,"cg13851997_BC21","ICR_599"
"2539","chr9",85077382,85077383,"chr9",85077204,85077528,"cg13851998_BC21","ICR_599"
"2540","chr9",85077393,85077394,"chr9",85077204,85077528,"cg13851999_TC21","ICR_599"
"2541","chr9",85077432,85077433,"chr9",85077204,85077528,"cg13852001_BC21","ICR_599"
"2542","chr9",87944656,87944657,"chr9",87944656,87944766,"cg13879985_TC21","ICR_600"
"2543","chr9",87944664,87944665,"chr9",87944656,87944766,"cg13879986_TC21","ICR_600"
"2544","chr9",87944671,87944672,"chr9",87944656,87944766,"cg13879987_TC21","ICR_600"
"2545","chr9",87944734,87944735,"chr9",87944656,87944766,"cg13879989_TC21","ICR_600"
"2546","chr9",87944751,87944752,"chr9",87944656,87944766,"cg13879990_BC21","ICR_600"
"2547","chr9",87944762,87944763,"chr9",87944656,87944766,"cg13879991_TC21","ICR_600"
"2548","chr9",87944765,87944766,"chr9",87944656,87944766,"cg13879992_BC11","ICR_600"
"2549","chr9",89282234,89282235,"chr9",89282234,89282503,"cg13894804_TC21","ICR_601"
"2550","chr9",89282290,89282291,"chr9",89282234,89282503,"cg13894805_TC21","ICR_601"
"2551","chr9",89282299,89282300,"chr9",89282234,89282503,"cg13894806_BC21","ICR_601"
"2552","chr9",89282394,89282395,"chr9",89282234,89282503,"cg13894808_BC21","ICR_601"
"2553","chr9",89282401,89282402,"chr9",89282234,89282503,"cg13894809_BC21","ICR_601"
"2554","chr9",89282483,89282484,"chr9",89282234,89282503,"cg13894815_TC11","ICR_601"
"2555","chr9",89282491,89282492,"chr9",89282234,89282503,"cg13894817_BC21","ICR_601"
"2556","chr9",89282502,89282503,"chr9",89282234,89282503,"cg13894818_TC11","ICR_601"
"2557","chr9",89859856,89859857,"chr9",89859834,89860135,"cg13902871_BC21","ICR_602"
"2558","chr9",89859938,89859939,"chr9",89859834,89860135,"cg13902872_TC21","ICR_602"
"2559","chr9",89860081,89860082,"chr9",89859834,89860135,"cg13902875_TC21","ICR_602"
"2560","chr9",89860094,89860095,"chr9",89859834,89860135,"cg13902876_BC21","ICR_602"
"2561","chr9",89860134,89860135,"chr9",89859834,89860135,"cg13902877_BC21","ICR_602"
"2562","chr9",95313102,95313103,"chr9",95313102,95313511,"cg13967900_TC21","ICR_603"
"2563","chr9",95313105,95313106,"chr9",95313102,95313511,"cg13967901_TC11","ICR_603"
"2564","chr9",95313136,95313137,"chr9",95313102,95313511,"cg13967902_TC11","ICR_603"
"2565","chr9",95313136,95313137,"chr9",95313102,95313511,"cg13967902_TC12","ICR_603"
"2566","chr9",95313145,95313146,"chr9",95313102,95313511,"cg13967903_TC21","ICR_603"
"2567","chr9",95313153,95313154,"chr9",95313102,95313511,"cg13967904_TC11","ICR_603"
"2568","chr9",95313175,95313176,"chr9",95313102,95313511,"cg13967905_BC21","ICR_603"
"2569","chr9",95313209,95313210,"chr9",95313102,95313511,"cg21891967_BC21","ICR_603"
"2570","chr9",95313230,95313231,"chr9",95313102,95313511,"cg13967907_BC21","ICR_603"
"2571","chr9",95313260,95313261,"chr9",95313102,95313511,"cg13967909_TC11","ICR_603"
"2572","chr9",95313304,95313305,"chr9",95313102,95313511,"cg13967912_BC11","ICR_603"
"2573","chr9",95313389,95313390,"chr9",95313102,95313511,"cg13967918_TC11","ICR_603"
"2574","chr9",95313421,95313422,"chr9",95313102,95313511,"cg13967922_TC11","ICR_603"
"2575","chr9",95313434,95313435,"chr9",95313102,95313511,"cg13967923_TC11","ICR_603"
"2576","chr9",95313434,95313435,"chr9",95313102,95313511,"cg13967923_TC12","ICR_603"
"2577","chr9",95313447,95313448,"chr9",95313102,95313511,"cg13967924_BC11","ICR_603"
"2578","chr9",95313453,95313454,"chr9",95313102,95313511,"cg13967925_TC11","ICR_603"
"2579","chr9",95313509,95313510,"chr9",95313102,95313511,"cg13967927_TC21","ICR_603"
"2580","chr9",96177150,96177151,"chr9",96177086,96177730,"cg13979535_BC21","ICR_604"
"2581","chr9",96177288,96177289,"chr9",96177086,96177730,"cg13979536_BC21","ICR_604"
"2582","chr9",96177333,96177334,"chr9",96177086,96177730,"cg13979537_BC11","ICR_604"
"2583","chr9",96177340,96177341,"chr9",96177086,96177730,"cg13979538_TC21","ICR_604"
"2584","chr9",96177373,96177374,"chr9",96177086,96177730,"cg13979539_BC21","ICR_604"
"2585","chr9",96177529,96177530,"chr9",96177086,96177730,"cg13979540_BC21","ICR_604"
"2586","chr9",96177590,96177591,"chr9",96177086,96177730,"cg27149060_BC21","ICR_604"
"2587","chr9",96177638,96177639,"chr9",96177086,96177730,"cg13979541_BC21","ICR_604"
"2588","chr9",96177729,96177730,"chr9",96177086,96177730,"cg13979542_BC21","ICR_604"
"2589","chr9",107738564,107738565,"chr9",107738564,107738693,"cg14078226_BC11","ICR_606"
"2590","chr9",107738584,107738585,"chr9",107738564,107738693,"cg14078227_TC11","ICR_606"
"2591","chr9",107738584,107738585,"chr9",107738564,107738693,"cg14078227_TC12","ICR_606"
"2592","chr9",107738669,107738670,"chr9",107738564,107738693,"cg14078229_BC11","ICR_606"
"2593","chr9",107738692,107738693,"chr9",107738564,107738693,"cg14078230_BC21","ICR_606"
"2594","chr9",110172755,110172756,"chr9",110172755,110173053,"cg14099552_BC21","ICR_607"
"2595","chr9",110172789,110172790,"chr9",110172755,110173053,"cg14099553_BC21","ICR_607"
"2596","chr9",110172793,110172794,"chr9",110172755,110173053,"cg14099554_TC21","ICR_607"
"2597","chr9",110172854,110172855,"chr9",110172755,110173053,"cg14099555_TC21","ICR_607"
"2598","chr9",110172858,110172859,"chr9",110172755,110173053,"cg14099556_TC21","ICR_607"
"2599","chr9",110172862,110172863,"chr9",110172755,110173053,"cg14099557_BC21","ICR_607"
"2600","chr9",113063016,113063017,"chr9",113062953,113063358,"cg14126544_BC11","ICR_608"
"2601","chr9",113063016,113063017,"chr9",113062953,113063358,"cg14126544_BC12","ICR_608"
"2602","chr9",113063021,113063022,"chr9",113062953,113063358,"cg14163083_BC21","ICR_608"
"2603","chr9",117642758,117642759,"chr9",117642713,117642890,"cg14166383_BO11","ICR_609"
"2604","chr9",117642823,117642824,"chr9",117642713,117642890,"cg14166388_BC11","ICR_609"
"2605","chr9",117642841,117642842,"chr9",117642713,117642890,"cg14166389_BC21","ICR_609"
"2606","chr9",117642863,117642864,"chr9",117642713,117642890,"cg14166391_TC11","ICR_609"
"2607","chr9",117642863,117642864,"chr9",117642713,117642890,"cg14166391_TC12","ICR_609"
"2608","chr9",120843567,120843568,"chr9",120843543,120843654,"cg14189202_TC11","ICR_610"
"2609","chr9",121305690,121305691,"chr9",121305690,121305944,"cg14194184_BC21","ICR_611"
"2610","chr9",121305739,121305740,"chr9",121305690,121305944,"cg14194185_BC21","ICR_611"
"2611","chr9",121305814,121305815,"chr9",121305690,121305944,"cg14194186_TC21","ICR_611"
"2612","chr9",121305843,121305844,"chr9",121305690,121305944,"cg14194188_BC11","ICR_611"
"2613","chr9",121305848,121305849,"chr9",121305690,121305944,"cg14194189_BC21","ICR_611"
"2614","chr9",121305851,121305852,"chr9",121305690,121305944,"cg14194190_TC21","ICR_611"
"2615","chr9",121305873,121305874,"chr9",121305690,121305944,"cg14194191_TC21","ICR_611"
"2616","chr9",121305943,121305944,"chr9",121305690,121305944,"cg14194193_TC21","ICR_611"
"2617","chr9",123356550,123356551,"chr9",123356550,123356966,"cg14217955_TC21","ICR_612"
"2618","chr9",123356768,123356769,"chr9",123356550,123356966,"cg14217961_TC21","ICR_612"
"2619","chr9",123356890,123356891,"chr9",123356550,123356966,"cg14217964_BC21","ICR_612"
"2620","chr9",123356965,123356966,"chr9",123356550,123356966,"cg14217965_BC21","ICR_612"
"2621","chr9",124453096,124453097,"chr9",124453065,124453097,"cg14233163_TC11","ICR_613"
"2622","chr9",126206070,126206071,"chr9",126206070,126206408,"cg14256388_TC21","ICR_614"
"2623","chr9",126206120,126206121,"chr9",126206070,126206408,"cg14256389_BC21","ICR_614"
"2624","chr9",126206136,126206137,"chr9",126206070,126206408,"cg18440245_TC21","ICR_614"
"2625","chr9",126206150,126206151,"chr9",126206070,126206408,"cg14256390_BC11","ICR_614"
"2626","chr9",126206150,126206151,"chr9",126206070,126206408,"cg14256390_BC12","ICR_614"
"2627","chr9",126206210,126206211,"chr9",126206070,126206408,"cg14256391_TC21","ICR_614"
"2628","chr9",126206259,126206260,"chr9",126206070,126206408,"cg14256392_TO21","ICR_614"
"2629","chr9",126206277,126206278,"chr9",126206070,126206408,"cg14256393_BC11","ICR_614"
"2630","chr9",126206277,126206278,"chr9",126206070,126206408,"cg14256393_BC12","ICR_614"
"2631","chr9",126206293,126206294,"chr9",126206070,126206408,"cg14256394_TC11","ICR_614"
"2632","chr9",126206293,126206294,"chr9",126206070,126206408,"cg14256394_TC12","ICR_614"
"2633","chr9",126206298,126206299,"chr9",126206070,126206408,"cg14256395_BC11","ICR_614"
"2634","chr9",126206389,126206390,"chr9",126206070,126206408,"cg14256400_BC11","ICR_614"
"2635","chr9",126206389,126206390,"chr9",126206070,126206408,"cg14256400_BC12","ICR_614"
"2636","chr9",126206407,126206408,"chr9",126206070,126206408,"cg14256401_BC21","ICR_614"
"2637","chr9",127897740,127897741,"chr9",127897740,127897833,"cg14283403_TC21","ICR_615"
"2638","chr9",127897774,127897775,"chr9",127897740,127897833,"cg14283406_BC11","ICR_615"
"2639","chr9",128416047,128416048,"chr9",128415921,128416668,"cg14294739_BC11","ICR_616"
"2640","chr9",128416055,128416056,"chr9",128415921,128416668,"cg14294740_TC11","ICR_616"
"2641","chr9",128416055,128416056,"chr9",128415921,128416668,"cg14294740_TC12","ICR_616"
"2642","chr9",128416078,128416079,"chr9",128415921,128416668,"cg14294741_BC21","ICR_616"
"2643","chr9",128416228,128416229,"chr9",128415921,128416668,"cg14294742_TC21","ICR_616"
"2644","chr9",128416284,128416285,"chr9",128415921,128416668,"cg14294743_BC21","ICR_616"
"2645","chr9",128416615,128416616,"chr9",128415921,128416668,"cg14294745_BC21","ICR_616"
"2646","chr9",128416652,128416653,"chr9",128415921,128416668,"cg14294746_BC21","ICR_616"
"2647","chr9",128416667,128416668,"chr9",128415921,128416668,"cg14294748_BC21","ICR_616"
"2648","chr9",130327197,130327198,"chr9",130327054,130327332,"cg14335119_BC11","ICR_617"
"2649","chr9",130327211,130327212,"chr9",130327054,130327332,"cg14335120_TC21","ICR_617"
"2650","chr9",130327250,130327251,"chr9",130327054,130327332,"cg14335122_BC21","ICR_617"
"2651","chr9",130327304,130327305,"chr9",130327054,130327332,"cg14335123_TC21","ICR_617"
"2652","chr9",131681878,131681879,"chr9",131681862,131682453,"cg14363013_BC21","ICR_618"
"2653","chr9",131681884,131681885,"chr9",131681862,131682453,"cg14363014_BC21","ICR_618"
"2654","chr9",131681986,131681987,"chr9",131681862,131682453,"cg14363018_TC21","ICR_618"
"2655","chr9",131682005,131682006,"chr9",131681862,131682453,"cg14363019_TC21","ICR_618"
"2656","chr9",131682040,131682041,"chr9",131681862,131682453,"cg14363020_BC21","ICR_618"
"2657","chr9",131682303,131682304,"chr9",131681862,131682453,"cg14363022_BO11","ICR_618"
"2658","chr9",131682309,131682310,"chr9",131681862,131682453,"cg14363023_TO11","ICR_618"
"2659","chr9",131682316,131682317,"chr9",131681862,131682453,"cg14363024_TO11","ICR_618"
"2660","chr9",131682330,131682331,"chr9",131681862,131682453,"cg14363025_TC21","ICR_618"
"2661","chr9",131682335,131682336,"chr9",131681862,131682453,"cg14363026_BC21","ICR_618"
"2662","chr9",131682342,131682343,"chr9",131681862,131682453,"cg14363027_TC11","ICR_618"
"2663","chr9",131682352,131682353,"chr9",131681862,131682453,"cg14363028_BC11","ICR_618"
"2664","chr9",131682387,131682388,"chr9",131681862,131682453,"cg14363029_TC21","ICR_618"
"2665","chr9",131682452,131682453,"chr9",131681862,131682453,"cg14363030_BC21","ICR_618"
"2666","chr9",131682452,131682453,"chr9",131681862,131682453,"cg14363030_BC22","ICR_618"
"2667","chr9",133656560,133656561,"chr9",133656560,133656899,"cg14400365_BC21","ICR_619"
"2668","chr9",133656580,133656581,"chr9",133656560,133656899,"cg14400366_TC21","ICR_619"
"2669","chr9",133656580,133656581,"chr9",133656560,133656899,"cg14400366_TC22","ICR_619"
"2670","chr9",133656602,133656603,"chr9",133656560,133656899,"cg14400367_BC21","ICR_619"
"2671","chr9",133656611,133656612,"chr9",133656560,133656899,"cg14400368_BC21","ICR_619"
"2672","chr9",133656614,133656615,"chr9",133656560,133656899,"cg14400369_TC21","ICR_619"
"2673","chr9",133656704,133656705,"chr9",133656560,133656899,"cg14400371_TO11","ICR_619"
"2674","chr9",133656717,133656718,"chr9",133656560,133656899,"cg14400372_BC21","ICR_619"
"2675","chr9",133656771,133656772,"chr9",133656560,133656899,"cg14400373_BC21","ICR_619"
"2676","chr9",133656797,133656798,"chr9",133656560,133656899,"cg14400374_TC21","ICR_619"
"2677","chr9",133656898,133656899,"chr9",133656560,133656899,"cg14400377_BO11","ICR_619"
"2678","chr9",134626632,134626633,"chr9",134626632,134626781,"cg14424735_TC21","ICR_620"
"2679","chr9",134626652,134626653,"chr9",134626632,134626781,"cg14424736_TC21","ICR_620"
"2680","chr9",134626747,134626748,"chr9",134626632,134626781,"cg14424739_BC11","ICR_620"
"2681","chr9",134626761,134626762,"chr9",134626632,134626781,"cg14424740_TC11","ICR_620"
"2682","chr9",134800923,134800924,"chr9",134800923,134801207,"cg14428972_TC21","ICR_621"
"2683","chr9",134800948,134800949,"chr9",134800923,134801207,"cg14428974_BC21","ICR_621"
"2684","chr9",134801005,134801006,"chr9",134800923,134801207,"cg14428975_TC21","ICR_621"
"2685","chr9",134801031,134801032,"chr9",134800923,134801207,"cg14428976_TC21","ICR_621"
"2686","chr9",134801098,134801099,"chr9",134800923,134801207,"cg14428977_BC11","ICR_621"
"2687","chr9",134801103,134801104,"chr9",134800923,134801207,"cg14428978_TC21","ICR_621"
"2688","chr9",134801127,134801128,"chr9",134800923,134801207,"cg14428979_TO11","ICR_621"
"2689","chr9",134801136,134801137,"chr9",134800923,134801207,"cg14428980_TC11","ICR_621"
"2690","chr9",134801153,134801154,"chr9",134800923,134801207,"cg14428982_BC21","ICR_621"
"2691","chr9",134801157,134801158,"chr9",134800923,134801207,"cg14428983_TC21","ICR_621"
"2692","chr9",134801157,134801158,"chr9",134800923,134801207,"cg14428983_TC22","ICR_621"
"2693","chr9",134801170,134801171,"chr9",134800923,134801207,"cg14428984_BC11","ICR_621"
"2694","chr9",134801170,134801171,"chr9",134800923,134801207,"cg14428984_BC12","ICR_621"
"2695","chr9",134801192,134801193,"chr9",134800923,134801207,"cg14428985_TC21","ICR_621"
"2696","chr9",134801192,134801193,"chr9",134800923,134801207,"cg14428985_TC22","ICR_621"
"2697","chr9",134801206,134801207,"chr9",134800923,134801207,"cg14274542_BC21","ICR_621"
"2698","chr9",135253856,135253857,"chr9",135253829,135253970,"cg17040309_TC11","ICR_622"
"2699","chr9",135253884,135253885,"chr9",135253829,135253970,"cg13818014_BC11","ICR_622"
"2700","chr9",135253890,135253891,"chr9",135253829,135253970,"cg14438420_BC21","ICR_622"
"2701","chr9",135253896,135253897,"chr9",135253829,135253970,"cg14438421_BC21","ICR_622"
"2702","chr9",135253896,135253897,"chr9",135253829,135253970,"cg14438421_BC22","ICR_622"
"2703","chr9",135253909,135253910,"chr9",135253829,135253970,"cg14438422_BC21","ICR_622"
"2704","chr9",135253950,135253951,"chr9",135253829,135253970,"cg14438423_TC21","ICR_622"
"2705","chr9",135253964,135253965,"chr9",135253829,135253970,"cg14438425_BC11","ICR_622"
"2706","chr9",135605056,135605057,"chr9",135605043,135605311,"cg14446273_TC11","ICR_623"
"2707","chr9",135605056,135605057,"chr9",135605043,135605311,"cg14446273_TC12","ICR_623"
"2708","chr9",135605133,135605134,"chr9",135605043,135605311,"cg14446278_TC21","ICR_623"
"2709","chr9",135605133,135605134,"chr9",135605043,135605311,"cg14446278_TC22","ICR_623"
"2710","chr9",135605138,135605139,"chr9",135605043,135605311,"cg14446279_TC21","ICR_623"
"2711","chr9",135605138,135605139,"chr9",135605043,135605311,"cg14446279_TC22","ICR_623"
"2712","chr9",135605272,135605273,"chr9",135605043,135605311,"cg14446281_TC21","ICR_623"
"2713","chr9",135605272,135605273,"chr9",135605043,135605311,"cg14446281_TC22","ICR_623"
"2714","chr9",135605282,135605283,"chr9",135605043,135605311,"cg14446282_BC21","ICR_623"
"2715","chr9",135605282,135605283,"chr9",135605043,135605311,"cg14446282_BC22","ICR_623"
"2716","chr9",135605308,135605309,"chr9",135605043,135605311,"cg14446283_TC11","ICR_623"
"2717","chr9",135605308,135605309,"chr9",135605043,135605311,"cg14446283_TC12","ICR_623"
"2718","chr9",135718080,135718081,"chr9",135718079,135718453,"cg14448936_TO21","ICR_624"
"2719","chr9",135718217,135718218,"chr9",135718079,135718453,"cg14448937_BC21","ICR_624"
"2720","chr9",135718273,135718274,"chr9",135718079,135718453,"cg14448938_BC21","ICR_624"
"2721","chr9",135718273,135718274,"chr9",135718079,135718453,"cg14448938_BC22","ICR_624"
"2722","chr9",135718290,135718291,"chr9",135718079,135718453,"cg14448939_BC21","ICR_624"
"2723","chr9",135718290,135718291,"chr9",135718079,135718453,"cg14448939_BC22","ICR_624"
"2724","chr9",135718385,135718386,"chr9",135718079,135718453,"cg14448941_BC21","ICR_624"
"2725","chr9",136656996,136656997,"chr9",136656980,136657090,"cg14478415_BC21","ICR_625"
"2726","chr9",136657034,136657035,"chr9",136656980,136657090,"cg14478416_TO11","ICR_625"
"2727","chr9",136657050,136657051,"chr9",136656980,136657090,"cg14478417_TO11","ICR_625"
"2728","chr9",136657050,136657051,"chr9",136656980,136657090,"cg14478417_TO12","ICR_625"
"2729","chr9",136657053,136657054,"chr9",136656980,136657090,"cg14478418_BO11","ICR_625"
"2730","chr9",136657053,136657054,"chr9",136656980,136657090,"cg14478418_BO12","ICR_625"
"2731","chr9",136657083,136657084,"chr9",136656980,136657090,"cg14478420_BC21","ICR_625"
"2732","chr9",136657083,136657084,"chr9",136656980,136657090,"cg14478420_BC22","ICR_625"
"2733","chr9",136657089,136657090,"chr9",136656980,136657090,"cg13900767_BC21","ICR_625"
"2734","chr9",137145797,137145798,"chr9",137145778,137145957,"cg14495386_TC21","ICR_626"
"2735","chr9",137145838,137145839,"chr9",137145778,137145957,"cg14495388_BC21","ICR_626"
"2736","chr9",137145851,137145852,"chr9",137145778,137145957,"cg14495390_TO11","ICR_626"
"2737","chr9",137145890,137145891,"chr9",137145778,137145957,"cg14495394_BC11","ICR_626"
"2738","chr9",137145910,137145911,"chr9",137145778,137145957,"cg14495395_TC11","ICR_626"
"2739","chr9",137145910,137145911,"chr9",137145778,137145957,"cg14495395_TC12","ICR_626"
"2740","chr9",137145913,137145914,"chr9",137145778,137145957,"cg14495396_TC11","ICR_626"
"2741","chr9",137145916,137145917,"chr9",137145778,137145957,"cg14495397_BC11","ICR_626"
"2742","chr9",137145926,137145927,"chr9",137145778,137145957,"cg14495400_BC11","ICR_626"
"2743","chr9",137145926,137145927,"chr9",137145778,137145957,"cg14495400_BC12","ICR_626"
"2744","chr9",137145933,137145934,"chr9",137145778,137145957,"cg14495401_BC11","ICR_626"
"2745","chr9",137145956,137145957,"chr9",137145778,137145957,"cg14495404_TO11","ICR_626"
"2746","chr9",137145956,137145957,"chr9",137145778,137145957,"cg14495404_TO12","ICR_626"
"2747","chr9",137306697,137306698,"chr9",137306697,137307023,"cg14501935_TC21","ICR_627"
"2748","chr9",137306795,137306796,"chr9",137306697,137307023,"cg14501940_BC11","ICR_627"
"2749","chr9",137306870,137306871,"chr9",137306697,137307023,"cg14501945_BC21","ICR_627"
"2750","chr9",137306870,137306871,"chr9",137306697,137307023,"cg14501945_BC22","ICR_627"
"2751","chr9",137306897,137306898,"chr9",137306697,137307023,"cg14501946_BC21","ICR_627"
"2752","chr9",137306916,137306917,"chr9",137306697,137307023,"cg14501947_BC21","ICR_627"
"2753","chr9",137306967,137306968,"chr9",137306697,137307023,"cg14501948_TC21","ICR_627"
"2754","chr9",137306967,137306968,"chr9",137306697,137307023,"cg14501948_TC22","ICR_627"
"2755","chr9",137306985,137306986,"chr9",137306697,137307023,"cg14501949_TC21","ICR_627"
"2756","chr9",137306985,137306986,"chr9",137306697,137307023,"cg14501949_TC22","ICR_627"
"2757","chr9",137307005,137307006,"chr9",137306697,137307023,"cg13468625_BC21","ICR_627"
"2758","chr9",137307022,137307023,"chr9",137306697,137307023,"cg14501951_TC11","ICR_627"
"2759","chr9",137388295,137388296,"chr9",137388286,137388459,"cg14504570_BC21","ICR_628"
"2760","chr9",137388376,137388377,"chr9",137388286,137388459,"cg14504578_BC11","ICR_628"
"2761","chr9",137388376,137388377,"chr9",137388286,137388459,"cg14504578_BC12","ICR_628"
"2762","chr9",137388400,137388401,"chr9",137388286,137388459,"cg14504579_BC11","ICR_628"
"2763","chr9",137388416,137388417,"chr9",137388286,137388459,"cg14504580_BC11","ICR_628"
"2764","chr9",137388458,137388459,"chr9",137388286,137388459,"cg14504583_TC11","ICR_628"
"2765","chr9",137388458,137388459,"chr9",137388286,137388459,"cg14504583_TC12","ICR_628"
"2766","chr9",138220919,138220920,"chr9",138220831,138220984,"cg14523833_BC11","ICR_629"
"2767","chr9",138220931,138220932,"chr9",138220831,138220984,"cg14523834_BC11","ICR_629"
"2768","chr10",789267,789268,"chr10",789267,789465,"cg14538378_BC21","ICR_630"
"2769","chr10",789267,789268,"chr10",789267,789465,"cg14538378_BC22","ICR_630"
"2770","chr10",789295,789296,"chr10",789267,789465,"cg14538379_TC11","ICR_630"
"2771","chr10",789319,789320,"chr10",789267,789465,"cg14538380_TC21","ICR_630"
"2772","chr10",789319,789320,"chr10",789267,789465,"cg14538380_TC22","ICR_630"
"2773","chr10",789354,789355,"chr10",789267,789465,"cg14538381_TC11","ICR_630"
"2774","chr10",789361,789362,"chr10",789267,789465,"cg14538383_TO11","ICR_630"
"2775","chr10",789402,789403,"chr10",789267,789465,"cg14538384_TC11","ICR_630"
"2776","chr10",789402,789403,"chr10",789267,789465,"cg14538384_TC12","ICR_630"
"2777","chr10",789407,789408,"chr10",789267,789465,"cg14538385_TC11","ICR_630"
"2778","chr10",789407,789408,"chr10",789267,789465,"cg14538385_TC12","ICR_630"
"2779","chr10",789464,789465,"chr10",789267,789465,"cg14538387_TC21","ICR_630"
"2780","chr10",1297780,1297781,"chr10",1297780,1298190,"cg14547746_TC21","ICR_631"
"2781","chr10",1297780,1297781,"chr10",1297780,1298190,"cg14547746_TC22","ICR_631"
"2782","chr10",1297836,1297837,"chr10",1297780,1298190,"cg14547748_BC21","ICR_631"
"2783","chr10",1298017,1298018,"chr10",1297780,1298190,"cg14547750_TC21","ICR_631"
"2784","chr10",1298017,1298018,"chr10",1297780,1298190,"cg14547750_TC22","ICR_631"
"2785","chr10",1298164,1298165,"chr10",1297780,1298190,"cg14547751_BC11","ICR_631"
"2786","chr10",1298164,1298165,"chr10",1297780,1298190,"cg14547751_BC12","ICR_631"
"2787","chr10",1298189,1298190,"chr10",1297780,1298190,"cg14547753_BC21","ICR_631"
"2788","chr10",5645507,5645508,"chr10",5645450,5645631,"cg14600902_BC11","ICR_633"
"2789","chr10",5645537,5645538,"chr10",5645450,5645631,"cg14600903_BC21","ICR_633"
"2790","chr10",5645546,5645547,"chr10",5645450,5645631,"cg14600904_BC21","ICR_633"
"2791","chr10",5645546,5645547,"chr10",5645450,5645631,"cg14600904_BC22","ICR_633"
"2792","chr10",5645553,5645554,"chr10",5645450,5645631,"cg14600905_TC21","ICR_633"
"2793","chr10",5645553,5645554,"chr10",5645450,5645631,"cg14600905_TC22","ICR_633"
"2794","chr10",5645565,5645566,"chr10",5645450,5645631,"cg14600906_BC21","ICR_633"
"2795","chr10",5645565,5645566,"chr10",5645450,5645631,"cg14600906_BC22","ICR_633"
"2796","chr10",5645630,5645631,"chr10",5645450,5645631,"cg14600908_BO11","ICR_633"
"2797","chr10",6891175,6891176,"chr10",6891175,6891381,"cg14618401_BC21","ICR_634"
"2798","chr10",6891175,6891176,"chr10",6891175,6891381,"cg14618401_BC22","ICR_634"
"2799","chr10",6891209,6891210,"chr10",6891175,6891381,"cg14618402_TC11","ICR_634"
"2800","chr10",6891344,6891345,"chr10",6891175,6891381,"cg14618408_BC11","ICR_634"
"2801","chr10",7438567,7438568,"chr10",7438567,7438955,"cg14624976_BC21","ICR_635"
"2802","chr10",7438575,7438576,"chr10",7438567,7438955,"cg14624977_TC21","ICR_635"
"2803","chr10",7438624,7438625,"chr10",7438567,7438955,"cg14624978_BO11","ICR_635"
"2804","chr10",7438651,7438652,"chr10",7438567,7438955,"cg14624979_TO11","ICR_635"
"2805","chr10",7438664,7438665,"chr10",7438567,7438955,"cg14624981_TO11","ICR_635"
"2806","chr10",7438687,7438688,"chr10",7438567,7438955,"cg14624983_BC11","ICR_635"
"2807","chr10",7438733,7438734,"chr10",7438567,7438955,"cg14624984_BC21","ICR_635"
"2808","chr10",7438831,7438832,"chr10",7438567,7438955,"cg14624985_TC21","ICR_635"
"2809","chr10",7438954,7438955,"chr10",7438567,7438955,"cg14624987_BC11","ICR_635"
"2810","chr10",7533073,7533074,"chr10",7533052,7533508,"cg26120247_BC21","ICR_636"
"2811","chr10",7533140,7533141,"chr10",7533052,7533508,"cg14626179_TC21","ICR_636"
"2812","chr10",7533140,7533141,"chr10",7533052,7533508,"cg14626179_TC22","ICR_636"
"2813","chr10",7533149,7533150,"chr10",7533052,7533508,"cg23647271_TC21","ICR_636"
"2814","chr10",7533301,7533302,"chr10",7533052,7533508,"cg14626184_TC21","ICR_636"
"2815","chr10",7533389,7533390,"chr10",7533052,7533508,"cg14626185_BC11","ICR_636"
"2816","chr10",7533395,7533396,"chr10",7533052,7533508,"cg14626186_BC21","ICR_636"
"2817","chr10",7533403,7533404,"chr10",7533052,7533508,"cg14626187_BC21","ICR_636"
"2818","chr10",7533445,7533446,"chr10",7533052,7533508,"cg14626188_BC21","ICR_636"
"2819","chr10",7533445,7533446,"chr10",7533052,7533508,"cg14626188_BC22","ICR_636"
"2820","chr10",7533455,7533456,"chr10",7533052,7533508,"cg14626189_BC21","ICR_636"
"2821","chr10",7533507,7533508,"chr10",7533052,7533508,"cg14626190_BC21","ICR_636"
"2822","chr10",8296349,8296350,"chr10",8296349,8296684,"cg14636187_BC11","ICR_637"
"2823","chr10",8296349,8296350,"chr10",8296349,8296684,"cg14636187_BC12","ICR_637"
"2824","chr10",8296551,8296552,"chr10",8296349,8296684,"cg14636189_TO11","ICR_637"
"2825","chr10",8296572,8296573,"chr10",8296349,8296684,"cg14636192_BC21","ICR_637"
"2826","chr10",8296577,8296578,"chr10",8296349,8296684,"cg14636193_BC21","ICR_637"
"2827","chr10",8296657,8296658,"chr10",8296349,8296684,"cg14636195_BC21","ICR_637"
"2828","chr10",8296683,8296684,"chr10",8296349,8296684,"cg14636197_TC21","ICR_637"
"2829","chr10",13158590,13158591,"chr10",13158504,13158697,"cg14688755_BO11","ICR_638"
"2830","chr10",13158612,13158613,"chr10",13158504,13158697,"cg14688756_BC11","ICR_638"
"2831","chr10",13158612,13158613,"chr10",13158504,13158697,"cg14688756_BC12","ICR_638"
"2832","chr10",14588076,14588077,"chr10",14588076,14588478,"cg14707712_TC21","ICR_639"
"2833","chr10",14588108,14588109,"chr10",14588076,14588478,"cg14707713_TC21","ICR_639"
"2834","chr10",14588133,14588134,"chr10",14588076,14588478,"cg14707714_TC21","ICR_639"
"2835","chr10",14588164,14588165,"chr10",14588076,14588478,"cg14707715_BC21","ICR_639"
"2836","chr10",14588207,14588208,"chr10",14588076,14588478,"cg14707717_TC21","ICR_639"
"2837","chr10",14588453,14588454,"chr10",14588076,14588478,"cg14707718_TC21","ICR_639"
"2838","chr10",14588477,14588478,"chr10",14588076,14588478,"cg14707719_TC21","ICR_639"
"2839","chr10",18261293,18261294,"chr10",18261293,18261435,"cg15720089_BC11","ICR_640"
"2840","chr10",18261296,18261297,"chr10",18261293,18261435,"cg14747110_BC21","ICR_640"
"2841","chr10",18261299,18261300,"chr10",18261293,18261435,"cg21191915_TC21","ICR_640"
"2842","chr10",18261305,18261306,"chr10",18261293,18261435,"cg14747111_BC21","ICR_640"
"2843","chr10",18261367,18261368,"chr10",18261293,18261435,"cg14747112_BO21","ICR_640"
"2844","chr10",18261367,18261368,"chr10",18261293,18261435,"cg14747112_BO22","ICR_640"
"2845","chr10",18261434,18261435,"chr10",18261293,18261435,"cg14747113_TC21","ICR_640"
"2846","chr10",24519851,24519852,"chr10",24519851,24520359,"cg14803505_BC21","ICR_641"
"2847","chr10",24519876,24519877,"chr10",24519851,24520359,"cg14803506_TC21","ICR_641"
"2848","chr10",24519972,24519973,"chr10",24519851,24520359,"cg14803507_BC21","ICR_641"
"2849","chr10",24520055,24520056,"chr10",24519851,24520359,"cg14803510_BO11","ICR_641"
"2850","chr10",24520117,24520118,"chr10",24519851,24520359,"cg14803512_BC21","ICR_641"
"2851","chr10",24520122,24520123,"chr10",24519851,24520359,"cg14803513_TC21","ICR_641"
"2852","chr10",24520163,24520164,"chr10",24519851,24520359,"cg14803514_BC11","ICR_641"
"2853","chr10",24520174,24520175,"chr10",24519851,24520359,"cg14803515_BC11","ICR_641"
"2854","chr10",24520174,24520175,"chr10",24519851,24520359,"cg14803515_BC12","ICR_641"
"2855","chr10",24520194,24520195,"chr10",24519851,24520359,"cg14803516_TC21","ICR_641"
"2856","chr10",24520219,24520220,"chr10",24519851,24520359,"cg14803518_TC21","ICR_641"
"2857","chr10",24520271,24520272,"chr10",24519851,24520359,"cg14803519_BC21","ICR_641"
"2858","chr10",24520300,24520301,"chr10",24519851,24520359,"cg14803520_TC21","ICR_641"
"2859","chr10",26946191,26946192,"chr10",26946191,26946511,"cg14825706_BC21","ICR_642"
"2860","chr10",26946330,26946331,"chr10",26946191,26946511,"cg13155609_BC21","ICR_642"
"2861","chr10",26946337,26946338,"chr10",26946191,26946511,"cg14825707_TC21","ICR_642"
"2862","chr10",26946341,26946342,"chr10",26946191,26946511,"cg14825708_BC21","ICR_642"
"2863","chr10",26946369,26946370,"chr10",26946191,26946511,"cg14825709_BC21","ICR_642"
"2864","chr10",26946405,26946406,"chr10",26946191,26946511,"cg14825710_BC21","ICR_642"
"2865","chr10",26946412,26946413,"chr10",26946191,26946511,"cg14825711_TC11","ICR_642"
"2866","chr10",26946412,26946413,"chr10",26946191,26946511,"cg14825711_TC12","ICR_642"
"2867","chr10",26946431,26946432,"chr10",26946191,26946511,"cg14825713_BC21","ICR_642"
"2868","chr10",26946478,26946479,"chr10",26946191,26946511,"cg14825714_TC21","ICR_642"
"2869","chr10",26946510,26946511,"chr10",26946191,26946511,"cg14825715_TC21","ICR_642"
"2870","chr10",27413522,27413523,"chr10",27413522,27414477,"cg14830888_BC11","ICR_643"
"2871","chr10",27413522,27413523,"chr10",27413522,27414477,"cg14830888_BC12","ICR_643"
"2872","chr10",27413524,27413525,"chr10",27413522,27414477,"cg14830889_TC11","ICR_643"
"2873","chr10",27413529,27413530,"chr10",27413522,27414477,"cg14830890_BC11","ICR_643"
"2874","chr10",27413529,27413530,"chr10",27413522,27414477,"cg14830890_BC12","ICR_643"
"2875","chr10",27413531,27413532,"chr10",27413522,27414477,"cg14830891_TC21","ICR_643"
"2876","chr10",27413545,27413546,"chr10",27413522,27414477,"cg14830892_BC11","ICR_643"
"2877","chr10",27413547,27413548,"chr10",27413522,27414477,"cg14830893_TC21","ICR_643"
"2878","chr10",27413550,27413551,"chr10",27413522,27414477,"cg14830894_TC21","ICR_643"
"2879","chr10",27413598,27413599,"chr10",27413522,27414477,"cg18669948_TC21","ICR_643"
"2880","chr10",27413620,27413621,"chr10",27413522,27414477,"cg14830895_BC21","ICR_643"
"2881","chr10",27413625,27413626,"chr10",27413522,27414477,"cg14830897_BC21","ICR_643"
"2882","chr10",27413673,27413674,"chr10",27413522,27414477,"cg14830902_BC11","ICR_643"
"2883","chr10",27413697,27413698,"chr10",27413522,27414477,"cg14830903_TC11","ICR_643"
"2884","chr10",27413702,27413703,"chr10",27413522,27414477,"cg14830904_BC11","ICR_643"
"2885","chr10",27413705,27413706,"chr10",27413522,27414477,"cg14830905_BC11","ICR_643"
"2886","chr10",27413705,27413706,"chr10",27413522,27414477,"cg14830905_BC12","ICR_643"
"2887","chr10",27413763,27413764,"chr10",27413522,27414477,"cg14830908_TC21","ICR_643"
"2888","chr10",27413787,27413788,"chr10",27413522,27414477,"cg14830909_BC21","ICR_643"
"2889","chr10",27413797,27413798,"chr10",27413522,27414477,"cg14830910_TC21","ICR_643"
"2890","chr10",27413818,27413819,"chr10",27413522,27414477,"cg14830912_TC21","ICR_643"
"2891","chr10",27413842,27413843,"chr10",27413522,27414477,"cg14830913_BC21","ICR_643"
"2892","chr10",27413912,27413913,"chr10",27413522,27414477,"cg14830917_TC21","ICR_643"
"2893","chr10",27413918,27413919,"chr10",27413522,27414477,"cg14830918_BC11","ICR_643"
"2894","chr10",27413935,27413936,"chr10",27413522,27414477,"cg14830919_BC11","ICR_643"
"2895","chr10",27413935,27413936,"chr10",27413522,27414477,"cg14830919_BC12","ICR_643"
"2896","chr10",27413943,27413944,"chr10",27413522,27414477,"cg14830920_TC11","ICR_643"
"2897","chr10",27413973,27413974,"chr10",27413522,27414477,"cg14830922_TC21","ICR_643"
"2898","chr10",27413986,27413987,"chr10",27413522,27414477,"cg14830923_TC11","ICR_643"
"2899","chr10",27414033,27414034,"chr10",27413522,27414477,"cg14830929_TC11","ICR_643"
"2900","chr10",27414115,27414116,"chr10",27413522,27414477,"cg14830934_TC11","ICR_643"
"2901","chr10",27414136,27414137,"chr10",27413522,27414477,"cg14830935_BC21","ICR_643"
"2902","chr10",27414142,27414143,"chr10",27413522,27414477,"cg14830936_BC11","ICR_643"
"2903","chr10",27414169,27414170,"chr10",27413522,27414477,"cg14830937_TC11","ICR_643"
"2904","chr10",27414214,27414215,"chr10",27413522,27414477,"cg14830940_TC11","ICR_643"
"2905","chr10",27414214,27414215,"chr10",27413522,27414477,"cg14830940_TC12","ICR_643"
"2906","chr10",27414220,27414221,"chr10",27413522,27414477,"cg14830941_BC11","ICR_643"
"2907","chr10",27414220,27414221,"chr10",27413522,27414477,"cg14830941_BC12","ICR_643"
"2908","chr10",27414270,27414271,"chr10",27413522,27414477,"cg14830943_TC21","ICR_643"
"2909","chr10",27414301,27414302,"chr10",27413522,27414477,"cg14830944_TC21","ICR_643"
"2910","chr10",27414317,27414318,"chr10",27413522,27414477,"cg27363617_TC11","ICR_643"
"2911","chr10",27414338,27414339,"chr10",27413522,27414477,"cg14830945_BC21","ICR_643"
"2912","chr10",27414401,27414402,"chr10",27413522,27414477,"cg14830946_BC21","ICR_643"
"2913","chr10",27414412,27414413,"chr10",27413522,27414477,"cg14830947_TC11","ICR_643"
"2914","chr10",27414421,27414422,"chr10",27413522,27414477,"cg14830948_TC21","ICR_643"
"2915","chr10",27414432,27414433,"chr10",27413522,27414477,"cg14174317_TC21","ICR_643"
"2916","chr10",27414444,27414445,"chr10",27413522,27414477,"cg14830949_TC21","ICR_643"
"2917","chr10",27414447,27414448,"chr10",27413522,27414477,"cg15283904_BC21","ICR_643"
"2918","chr10",27414476,27414477,"chr10",27413522,27414477,"cg14830950_BC21","ICR_643"
"2919","chr10",28326169,28326170,"chr10",28326169,28327001,"cg14838929_BC11","ICR_644"
"2920","chr10",28326169,28326170,"chr10",28326169,28327001,"cg14838929_BC12","ICR_644"
"2921","chr10",28326244,28326245,"chr10",28326169,28327001,"cg14838930_BC21","ICR_644"
"2922","chr10",28326305,28326306,"chr10",28326169,28327001,"cg14838931_BC21","ICR_644"
"2923","chr10",28326402,28326403,"chr10",28326169,28327001,"cg14838932_BC21","ICR_644"
"2924","chr10",28326501,28326502,"chr10",28326169,28327001,"cg14838933_BC21","ICR_644"
"2925","chr10",28326690,28326691,"chr10",28326169,28327001,"cg14838934_BC21","ICR_644"
"2926","chr10",28326742,28326743,"chr10",28326169,28327001,"cg09294573_TC21","ICR_644"
"2927","chr10",28326806,28326807,"chr10",28326169,28327001,"cg14838935_BC21","ICR_644"
"2928","chr10",28326839,28326840,"chr10",28326169,28327001,"cg14838936_TC21","ICR_644"
"2929","chr10",28326928,28326929,"chr10",28326169,28327001,"cg14838937_BC21","ICR_644"
"2930","chr10",28326966,28326967,"chr10",28326169,28327001,"cg14838938_TC21","ICR_644"
"2931","chr10",28327000,28327001,"chr10",28326169,28327001,"cg14838939_BC21","ICR_644"
"2932","chr10",30431645,30431646,"chr10",30431645,30431844,"cg18503207_TC21","ICR_645"
"2933","chr10",30431688,30431689,"chr10",30431645,30431844,"cg14862783_TC21","ICR_645"
"2934","chr10",30431688,30431689,"chr10",30431645,30431844,"cg14862783_TC22","ICR_645"
"2935","chr10",30431717,30431718,"chr10",30431645,30431844,"cg26137219_BC21","ICR_645"
"2936","chr10",30431743,30431744,"chr10",30431645,30431844,"cg14862784_BC21","ICR_645"
"2937","chr10",30431776,30431777,"chr10",30431645,30431844,"cg14862785_BC11","ICR_645"
"2938","chr10",30431778,30431779,"chr10",30431645,30431844,"cg14862786_BO11","ICR_645"
"2939","chr10",30431788,30431789,"chr10",30431645,30431844,"cg14862789_TO11","ICR_645"
"2940","chr10",30431810,30431811,"chr10",30431645,30431844,"cg14862790_BO11","ICR_645"
"2941","chr10",38728088,38728089,"chr10",38727851,38728509,"cg14940610_BC11","ICR_646"
"2942","chr10",38728088,38728089,"chr10",38727851,38728509,"cg14940610_BC12","ICR_646"
"2943","chr10",38786640,38786641,"chr10",38786640,38786908,"cg14941222_BC21","ICR_647"
"2944","chr10",38786640,38786641,"chr10",38786640,38786908,"cg14941222_BC22","ICR_647"
"2945","chr10",38786650,38786651,"chr10",38786640,38786908,"cg14941224_TC21","ICR_647"
"2946","chr10",38786665,38786666,"chr10",38786640,38786908,"cg14941225_TC21","ICR_647"
"2947","chr10",38786680,38786681,"chr10",38786640,38786908,"cg14941227_BO11","ICR_647"
"2948","chr10",38786680,38786681,"chr10",38786640,38786908,"cg14941227_BO12","ICR_647"
"2949","chr10",38786725,38786726,"chr10",38786640,38786908,"cg14941228_TC21","ICR_647"
"2950","chr10",38786736,38786737,"chr10",38786640,38786908,"cg14941229_BC21","ICR_647"
"2951","chr10",38786800,38786801,"chr10",38786640,38786908,"cg14941231_TC21","ICR_647"
"2952","chr10",38786830,38786831,"chr10",38786640,38786908,"cg14941232_TC21","ICR_647"
"2953","chr10",38786906,38786907,"chr10",38786640,38786908,"cg14941233_BC21","ICR_647"
"2954","chr10",38942426,38942427,"chr10",38942426,38942486,"cg14944626_BC11","ICR_648"
"2955","chr10",38942428,38942429,"chr10",38942426,38942486,"cg14944627_TC11","ICR_648"
"2956","chr10",38942450,38942451,"chr10",38942426,38942486,"cg14944631_TC11","ICR_648"
"2957","chr10",38942782,38942783,"chr10",38942777,38942877,"cg14944663_BC11","ICR_649"
"2958","chr10",38942782,38942783,"chr10",38942777,38942877,"cg14944663_BC12","ICR_649"
"2959","chr10",38942844,38942845,"chr10",38942777,38942877,"cg14944671_BC11","ICR_649"
"2960","chr10",42119291,42119292,"chr10",42118215,42121531,"cg14963902_TC21","ICR_650"
"2961","chr10",42119291,42119292,"chr10",42118215,42121531,"cg14963902_TC22","ICR_650"
"2962","chr10",42120193,42120194,"chr10",42118215,42121531,"cg14963906_TC21","ICR_650"
"2963","chr10",42120193,42120194,"chr10",42118215,42121531,"cg14963906_TC22","ICR_650"
"2964","chr10",42120811,42120812,"chr10",42118215,42121531,"cg14963909_TC21","ICR_650"
"2965","chr10",42120811,42120812,"chr10",42118215,42121531,"cg14963909_TC22","ICR_650"
"2966","chr10",42121529,42121530,"chr10",42118215,42121531,"cg14963911_BC21","ICR_650"
"2967","chr10",42149871,42149872,"chr10",42149861,42149921,"cg14964220_TC11","ICR_651"
"2968","chr10",42149873,42149874,"chr10",42149861,42149921,"cg14964221_TC11","ICR_651"
"2969","chr10",42241710,42241711,"chr10",42241614,42241757,"cg14965273_BC21","ICR_653"
"2970","chr10",42241725,42241726,"chr10",42241614,42241757,"cg14965274_BC21","ICR_653"
"2971","chr10",42241756,42241757,"chr10",42241614,42241757,"cg14965275_TC21","ICR_653"
"2972","chr10",43078142,43078143,"chr10",43078142,43078252,"cg14974567_BC21","ICR_654"
"2973","chr10",43078204,43078205,"chr10",43078142,43078252,"cg14974569_TC21","ICR_654"
"2974","chr10",43078206,43078207,"chr10",43078142,43078252,"cg14974570_BC21","ICR_654"
"2975","chr10",43078251,43078252,"chr10",43078142,43078252,"cg14974571_TC21","ICR_654"
"2976","chr10",43078251,43078252,"chr10",43078142,43078252,"cg14974571_TC22","ICR_654"
"2977","chr10",43689433,43689434,"chr10",43689370,43689485,"cg14984230_BC11","ICR_655"
"2978","chr10",43689433,43689434,"chr10",43689370,43689485,"cg14984230_BC12","ICR_655"
"2979","chr10",43910439,43910440,"chr10",43910439,43910803,"cg14986582_BO11","ICR_656"
"2980","chr10",43910474,43910475,"chr10",43910439,43910803,"cg14986586_TC11","ICR_656"
"2981","chr10",43910548,43910549,"chr10",43910439,43910803,"cg14986588_BO11","ICR_656"
"2982","chr10",43910574,43910575,"chr10",43910439,43910803,"cg14986589_BO11","ICR_656"
"2983","chr10",43910802,43910803,"chr10",43910439,43910803,"cg14986590_TC21","ICR_656"
"2984","chr10",45249673,45249674,"chr10",45249636,45250053,"cg14998456_BC21","ICR_657"
"2985","chr10",45249837,45249838,"chr10",45249636,45250053,"cg14998470_TO11","ICR_657"
"2986","chr10",45250035,45250036,"chr10",45249636,45250053,"cg14998476_TC11","ICR_657"
"2987","chr10",45250045,45250046,"chr10",45249636,45250053,"cg14998477_BC11","ICR_657"
"2988","chr10",45250045,45250046,"chr10",45249636,45250053,"cg14998477_BC12","ICR_657"
"2989","chr10",45250047,45250048,"chr10",45249636,45250053,"cg14998478_BC21","ICR_657"
"2990","chr10",45250047,45250048,"chr10",45249636,45250053,"cg14998478_BC22","ICR_657"
"2991","chr10",45250052,45250053,"chr10",45249636,45250053,"cg14998479_TO11","ICR_657"
"2992","chr10",45600492,45600493,"chr10",45600492,45600614,"cg15001982_TC21","ICR_658"
"2993","chr10",45600492,45600493,"chr10",45600492,45600614,"cg15001982_TC22","ICR_658"
"2994","chr10",45600594,45600595,"chr10",45600492,45600614,"cg15001984_TC21","ICR_658"
"2995","chr10",45600600,45600601,"chr10",45600492,45600614,"cg15001985_TC21","ICR_658"
"2996","chr10",45600600,45600601,"chr10",45600492,45600614,"cg15001985_TC22","ICR_658"
"2997","chr10",45600604,45600605,"chr10",45600492,45600614,"cg15001986_TC11","ICR_658"
"2998","chr10",61867419,61867420,"chr10",61867419,61867672,"cg15115811_TO11","ICR_659"
"2999","chr10",61867474,61867475,"chr10",61867419,61867672,"cg15115813_BC11","ICR_659"
"3000","chr10",61867498,61867499,"chr10",61867419,61867672,"cg15115814_TC21","ICR_659"
"3001","chr10",61867498,61867499,"chr10",61867419,61867672,"cg15115814_TC22","ICR_659"
"3002","chr10",61867511,61867512,"chr10",61867419,61867672,"cg15115815_TC21","ICR_659"
"3003","chr10",61867511,61867512,"chr10",61867419,61867672,"cg15115815_TC22","ICR_659"
"3004","chr10",61868036,61868037,"chr10",61867798,61868187,"cg15115859_TC11","ICR_660"
"3005","chr10",61868043,61868044,"chr10",61867798,61868187,"cg15115860_BC21","ICR_660"
"3006","chr10",61868186,61868187,"chr10",61867798,61868187,"cg15115862_TC21","ICR_660"
"3007","chr10",64924446,64924447,"chr10",64924401,64924675,"cg15139339_BC21","ICR_661"
"3008","chr10",64924446,64924447,"chr10",64924401,64924675,"cg15139339_BC22","ICR_661"
"3009","chr10",64924517,64924518,"chr10",64924401,64924675,"cg15139341_TC11","ICR_661"
"3010","chr10",64924534,64924535,"chr10",64924401,64924675,"cg15139342_TC11","ICR_661"
"3011","chr10",64924537,64924538,"chr10",64924401,64924675,"cg15139343_BC21","ICR_661"
"3012","chr10",64924553,64924554,"chr10",64924401,64924675,"cg26116511_BC21","ICR_661"
"3013","chr10",64924553,64924554,"chr10",64924401,64924675,"cg26116511_BC22","ICR_661"
"3014","chr10",64924573,64924574,"chr10",64924401,64924675,"cg15139344_BC11","ICR_661"
"3015","chr10",64924610,64924611,"chr10",64924401,64924675,"cg15139346_TC21","ICR_661"
"3016","chr10",64924674,64924675,"chr10",64924401,64924675,"cg15189985_TC21","ICR_661"
"3017","chr10",66927120,66927121,"chr10",66927120,66927439,"cg15150934_TC21","ICR_662"
"3018","chr10",66927218,66927219,"chr10",66927120,66927439,"cg15150935_TC21","ICR_662"
"3019","chr10",66927240,66927241,"chr10",66927120,66927439,"cg15150936_TC21","ICR_662"
"3020","chr10",66927321,66927322,"chr10",66927120,66927439,"cg15150937_BC21","ICR_662"
"3021","chr10",66927375,66927376,"chr10",66927120,66927439,"cg15010148_TC21","ICR_662"
"3022","chr10",66927384,66927385,"chr10",66927120,66927439,"cg15150938_BC21","ICR_662"
"3023","chr10",66927408,66927409,"chr10",66927120,66927439,"cg15150939_BC21","ICR_662"
"3024","chr10",66927438,66927439,"chr10",66927120,66927439,"cg15150940_TC21","ICR_662"
"3025","chr10",68526195,68526196,"chr10",68526084,68526595,"cg15165054_BC21","ICR_663"
"3026","chr10",68526594,68526595,"chr10",68526084,68526595,"cg15165064_BC21","ICR_663"
"3027","chr10",71266447,71266448,"chr10",71266447,71266685,"cg15201066_TC21","ICR_664"
"3028","chr10",71266447,71266448,"chr10",71266447,71266685,"cg15201066_TC22","ICR_664"
"3029","chr10",71266452,71266453,"chr10",71266447,71266685,"cg15201067_TC21","ICR_664"
"3030","chr10",71266469,71266470,"chr10",71266447,71266685,"cg15201068_TC11","ICR_664"
"3031","chr10",71266477,71266478,"chr10",71266447,71266685,"cg15201069_BC11","ICR_664"
"3032","chr10",71266507,71266508,"chr10",71266447,71266685,"cg15201070_TC21","ICR_664"
"3033","chr10",71266507,71266508,"chr10",71266447,71266685,"cg15201070_TC22","ICR_664"
"3034","chr10",71266519,71266520,"chr10",71266447,71266685,"cg15201071_TC11","ICR_664"
"3035","chr10",71266519,71266520,"chr10",71266447,71266685,"cg15201071_TC12","ICR_664"
"3036","chr10",71266523,71266524,"chr10",71266447,71266685,"cg15201072_TC11","ICR_664"
"3037","chr10",71266542,71266543,"chr10",71266447,71266685,"cg15201073_TC11","ICR_664"
"3038","chr10",71266563,71266564,"chr10",71266447,71266685,"cg15201075_TO11","ICR_664"
"3039","chr10",71266684,71266685,"chr10",71266447,71266685,"cg15201076_BO11","ICR_664"
"3040","chr10",71279399,71279400,"chr10",71279399,71279528,"cg15201273_BC21","ICR_665"
"3041","chr10",71279420,71279421,"chr10",71279399,71279528,"cg15201274_TC21","ICR_665"
"3042","chr10",71279425,71279426,"chr10",71279399,71279528,"cg15201275_BC11","ICR_665"
"3043","chr10",71279452,71279453,"chr10",71279399,71279528,"cg15201276_TC11","ICR_665"
"3044","chr10",71279474,71279475,"chr10",71279399,71279528,"cg15201277_TC21","ICR_665"
"3045","chr10",71279515,71279516,"chr10",71279399,71279528,"cg15201278_TC21","ICR_665"
"3046","chr10",71279527,71279528,"chr10",71279399,71279528,"cg18317005_TC21","ICR_665"
"3047","chr10",78356393,78356394,"chr10",78356393,78357287,"cg15275893_TC21","ICR_666"
"3048","chr10",78356493,78356494,"chr10",78356393,78357287,"cg15275894_TC21","ICR_666"
"3049","chr10",78356809,78356810,"chr10",78356393,78357287,"cg15275897_BC21","ICR_666"
"3050","chr10",78356818,78356819,"chr10",78356393,78357287,"cg18391771_TC21","ICR_666"
"3051","chr10",78356865,78356866,"chr10",78356393,78357287,"cg09075948_BC21","ICR_666"
"3052","chr10",78356932,78356933,"chr10",78356393,78357287,"cg24865098_TC21","ICR_666"
"3053","chr10",78356932,78356933,"chr10",78356393,78357287,"cg24865098_TC22","ICR_666"
"3054","chr10",78356975,78356976,"chr10",78356393,78357287,"cg15275898_TC11","ICR_666"
"3055","chr10",78356998,78356999,"chr10",78356393,78357287,"cg15275899_BC11","ICR_666"
"3056","chr10",78357017,78357018,"chr10",78356393,78357287,"cg15275900_BC21","ICR_666"
"3057","chr10",78357101,78357102,"chr10",78356393,78357287,"cg15275901_BC21","ICR_666"
"3058","chr10",78357186,78357187,"chr10",78356393,78357287,"cg15275902_BC21","ICR_666"
"3059","chr10",78357268,78357269,"chr10",78356393,78357287,"cg15275903_TC21","ICR_666"
"3060","chr10",78357286,78357287,"chr10",78356393,78357287,"cg15275904_TC21","ICR_666"
"3061","chr10",80136120,80136121,"chr10",80136120,80136538,"cg15295924_TC21","ICR_667"
"3062","chr10",80136171,80136172,"chr10",80136120,80136538,"cg15295926_BC21","ICR_667"
"3063","chr10",80136276,80136277,"chr10",80136120,80136538,"cg15295930_TC21","ICR_667"
"3064","chr10",80136324,80136325,"chr10",80136120,80136538,"cg15295931_TC21","ICR_667"
"3065","chr10",80136450,80136451,"chr10",80136120,80136538,"cg15295932_BC21","ICR_667"
"3066","chr10",80136537,80136538,"chr10",80136120,80136538,"cg15295933_TC21","ICR_667"
"3067","chr10",86389036,86389037,"chr10",86388992,86389094,"cg15341706_TC11","ICR_668"
"3068","chr10",86389046,86389047,"chr10",86388992,86389094,"cg15341707_BC11","ICR_668"
"3069","chr10",86389052,86389053,"chr10",86388992,86389094,"cg15341709_TO11","ICR_668"
"3070","chr10",86389093,86389094,"chr10",86388992,86389094,"cg15341710_TO11","ICR_668"
"3071","chr10",91745082,91745083,"chr10",91745082,91745329,"cg25652294_BC21","ICR_669"
"3072","chr10",91745165,91745166,"chr10",91745082,91745329,"cg15382255_BC21","ICR_669"
"3073","chr10",91745205,91745206,"chr10",91745082,91745329,"cg15382256_TC21","ICR_669"
"3074","chr10",91745240,91745241,"chr10",91745082,91745329,"cg15382257_BC21","ICR_669"
"3075","chr10",91745251,91745252,"chr10",91745082,91745329,"cg15382259_BC21","ICR_669"
"3076","chr10",91745285,91745286,"chr10",91745082,91745329,"cg15382260_BO11","ICR_669"
"3077","chr10",91745302,91745303,"chr10",91745082,91745329,"cg15382261_BO11","ICR_669"
"3078","chr10",91745328,91745329,"chr10",91745082,91745329,"cg15382262_TC21","ICR_669"
"3079","chr10",92592232,92592233,"chr10",92592232,92592408,"cg15391407_BC11","ICR_670"
"3080","chr10",92592270,92592271,"chr10",92592232,92592408,"cg15391408_TC11","ICR_670"
"3081","chr10",92592285,92592286,"chr10",92592232,92592408,"cg15391410_BC11","ICR_670"
"3082","chr10",92592318,92592319,"chr10",92592232,92592408,"cg15391411_BC11","ICR_670"
"3083","chr10",92592358,92592359,"chr10",92592232,92592408,"cg15391412_TC21","ICR_670"
"3084","chr10",92592362,92592363,"chr10",92592232,92592408,"cg15391413_BC11","ICR_670"
"3085","chr10",92592364,92592365,"chr10",92592232,92592408,"cg15391414_BC11","ICR_670"
"3086","chr10",92592374,92592375,"chr10",92592232,92592408,"cg15391415_TC21","ICR_670"
"3087","chr10",93065338,93065339,"chr10",93065338,93065536,"cg15396389_BC21","ICR_671"
"3088","chr10",93065384,93065385,"chr10",93065338,93065536,"cg15396390_BC21","ICR_671"
"3089","chr10",93065412,93065413,"chr10",93065338,93065536,"cg15396391_TC21","ICR_671"
"3090","chr10",93065423,93065424,"chr10",93065338,93065536,"cg15396392_BC21","ICR_671"
"3091","chr10",93065495,93065496,"chr10",93065338,93065536,"cg15396393_TC21","ICR_671"
"3092","chr10",93065535,93065536,"chr10",93065338,93065536,"cg15396394_TC21","ICR_671"
"3093","chr10",95230521,95230522,"chr10",95230514,95230706,"cg15414842_TC11","ICR_672"
"3094","chr10",95230567,95230568,"chr10",95230514,95230706,"cg15414843_BC11","ICR_672"
"3095","chr10",95230604,95230605,"chr10",95230514,95230706,"cg15414844_BC21","ICR_672"
"3096","chr10",95230630,95230631,"chr10",95230514,95230706,"cg15414845_TC21","ICR_672"
"3097","chr10",95230660,95230661,"chr10",95230514,95230706,"cg15414846_BC21","ICR_672"
"3098","chr10",95230665,95230666,"chr10",95230514,95230706,"cg15414847_TC21","ICR_672"
"3099","chr10",97578471,97578472,"chr10",97578443,97578664,"cg15441087_TC21","ICR_673"
"3100","chr10",97578482,97578483,"chr10",97578443,97578664,"cg25397029_TC21","ICR_673"
"3101","chr10",97578589,97578590,"chr10",97578443,97578664,"cg15441090_TC21","ICR_673"
"3102","chr10",97578594,97578595,"chr10",97578443,97578664,"cg15441091_BC21","ICR_673"
"3103","chr10",97578598,97578599,"chr10",97578443,97578664,"cg15441092_TC21","ICR_673"
"3104","chr10",97578619,97578620,"chr10",97578443,97578664,"cg15441093_TC11","ICR_673"
"3105","chr10",97578659,97578660,"chr10",97578443,97578664,"cg15441094_TC21","ICR_673"
"3106","chr10",97578663,97578664,"chr10",97578443,97578664,"cg15441095_BC11","ICR_673"
"3107","chr10",97974158,97974159,"chr10",97974157,97974573,"cg15446646_TO21","ICR_674"
"3108","chr10",97974158,97974159,"chr10",97974157,97974573,"cg15446646_TO22","ICR_674"
"3109","chr10",97974218,97974219,"chr10",97974157,97974573,"cg15446647_TO11","ICR_674"
"3110","chr10",97974229,97974230,"chr10",97974157,97974573,"cg15446648_TO11","ICR_674"
"3111","chr10",97974314,97974315,"chr10",97974157,97974573,"cg15446652_TC11","ICR_674"
"3112","chr10",97974323,97974324,"chr10",97974157,97974573,"cg11946630_TC21","ICR_674"
"3113","chr10",97974378,97974379,"chr10",97974157,97974573,"cg15446653_BC21","ICR_674"
"3114","chr10",97974396,97974397,"chr10",97974157,97974573,"cg19479373_TC21","ICR_674"
"3115","chr10",97974403,97974404,"chr10",97974157,97974573,"cg15446654_BC21","ICR_674"
"3116","chr10",97974460,97974461,"chr10",97974157,97974573,"cg15446656_TC21","ICR_674"
"3117","chr10",97974467,97974468,"chr10",97974157,97974573,"cg15446657_TC21","ICR_674"
"3118","chr10",97974513,97974514,"chr10",97974157,97974573,"cg15446658_TC21","ICR_674"
"3119","chr10",97974572,97974573,"chr10",97974157,97974573,"cg15446659_BO11","ICR_674"
"3120","chr10",97974572,97974573,"chr10",97974157,97974573,"cg15446659_BO12","ICR_674"
"3121","chr10",100669021,100669022,"chr10",100669021,100669173,"cg15473611_TC21","ICR_675"
"3122","chr10",100669119,100669120,"chr10",100669021,100669173,"cg15473613_TC21","ICR_675"
"3123","chr10",100669127,100669128,"chr10",100669021,100669173,"cg15473614_TC21","ICR_675"
"3124","chr10",100669131,100669132,"chr10",100669021,100669173,"cg15473615_BC21","ICR_675"
"3125","chr10",100669153,100669154,"chr10",100669021,100669173,"cg15473616_TC11","ICR_675"
"3126","chr10",100669156,100669157,"chr10",100669021,100669173,"cg15473618_BC11","ICR_675"
"3127","chr10",100669156,100669157,"chr10",100669021,100669173,"cg15473618_BC12","ICR_675"
"3128","chr10",100669172,100669173,"chr10",100669021,100669173,"cg15473619_TC21","ICR_675"
"3129","chr10",102409677,102409678,"chr10",102409677,102409976,"cg15498962_BC11","ICR_676"
"3130","chr10",102409719,102409720,"chr10",102409677,102409976,"cg15498964_BC21","ICR_676"
"3131","chr10",102409731,102409732,"chr10",102409677,102409976,"cg15498965_BC11","ICR_676"
"3132","chr10",102409746,102409747,"chr10",102409677,102409976,"cg15498966_TO21","ICR_676"
"3133","chr10",102409843,102409844,"chr10",102409677,102409976,"cg15498967_TC21","ICR_676"
"3134","chr10",102409968,102409969,"chr10",102409677,102409976,"cg15498969_BC21","ICR_676"
"3135","chr10",102409971,102409972,"chr10",102409677,102409976,"cg15498970_TC21","ICR_676"
"3136","chr10",102433069,102433070,"chr10",102433069,102433216,"cg15499570_BC11","ICR_677"
"3137","chr10",102433069,102433070,"chr10",102433069,102433216,"cg15499570_BC12","ICR_677"
"3138","chr10",102433071,102433072,"chr10",102433069,102433216,"cg15499571_BC11","ICR_677"
"3139","chr10",102433073,102433074,"chr10",102433069,102433216,"cg15499572_TC11","ICR_677"
"3140","chr10",102433073,102433074,"chr10",102433069,102433216,"cg15499572_TC12","ICR_677"
"3141","chr10",102433081,102433082,"chr10",102433069,102433216,"cg15499573_BC11","ICR_677"
"3142","chr10",102433081,102433082,"chr10",102433069,102433216,"cg15499573_BC12","ICR_677"
"3143","chr10",102433213,102433214,"chr10",102433069,102433216,"cg15499578_BO11","ICR_677"
"3144","chr10",103585160,103585161,"chr10",103585097,103585172,"cg15516694_BC11","ICR_678"
"3145","chr10",103585160,103585161,"chr10",103585097,103585172,"cg15516694_BC12","ICR_678"
"3146","chr10",103585165,103585166,"chr10",103585097,103585172,"cg15516695_BC11","ICR_678"
"3147","chr10",103585171,103585172,"chr10",103585097,103585172,"cg15516696_TC11","ICR_678"
"3148","chr10",104275409,104275410,"chr10",104275409,104275792,"cg23659134_BC21","ICR_679"
"3149","chr10",104275451,104275452,"chr10",104275409,104275792,"cg15524694_TC21","ICR_679"
"3150","chr10",104275480,104275481,"chr10",104275409,104275792,"cg15524695_BC21","ICR_679"
"3151","chr10",104275512,104275513,"chr10",104275409,104275792,"cg15524697_BC11","ICR_679"
"3152","chr10",104275525,104275526,"chr10",104275409,104275792,"cg15524698_TC21","ICR_679"
"3153","chr10",104275532,104275533,"chr10",104275409,104275792,"cg15524699_BC21","ICR_679"
"3154","chr10",104275559,104275560,"chr10",104275409,104275792,"cg15524700_TC21","ICR_679"
"3155","chr10",116809588,116809589,"chr10",116809588,116809702,"cg15626142_BC21","ICR_680"
"3156","chr10",116809618,116809619,"chr10",116809588,116809702,"cg15626143_BC21","ICR_680"
"3157","chr10",116809621,116809622,"chr10",116809588,116809702,"cg15626144_TC11","ICR_680"
"3158","chr10",116809621,116809622,"chr10",116809588,116809702,"cg15626144_TC12","ICR_680"
"3159","chr10",116809624,116809625,"chr10",116809588,116809702,"cg15626145_TC11","ICR_680"
"3160","chr10",116809624,116809625,"chr10",116809588,116809702,"cg15626145_TC12","ICR_680"
"3161","chr10",116809637,116809638,"chr10",116809588,116809702,"cg15626146_BC21","ICR_680"
"3162","chr10",116809677,116809678,"chr10",116809588,116809702,"cg15626147_BC21","ICR_680"
"3163","chr10",116809701,116809702,"chr10",116809588,116809702,"cg15626148_TC21","ICR_680"
"3164","chr10",119817942,119817943,"chr10",119817942,119819030,"cg15661987_TC21","ICR_681"
"3165","chr10",119817986,119817987,"chr10",119817942,119819030,"cg15661988_TO11","ICR_681"
"3166","chr10",119818023,119818024,"chr10",119817942,119819030,"cg15661990_TC21","ICR_681"
"3167","chr10",119818042,119818043,"chr10",119817942,119819030,"cg15661992_TC21","ICR_681"
"3168","chr10",119818066,119818067,"chr10",119817942,119819030,"cg15661994_TC11","ICR_681"
"3169","chr10",119818066,119818067,"chr10",119817942,119819030,"cg15661994_TC12","ICR_681"
"3170","chr10",119818082,119818083,"chr10",119817942,119819030,"cg15661995_TC11","ICR_681"
"3171","chr10",119818086,119818087,"chr10",119817942,119819030,"cg15661996_BC11","ICR_681"
"3172","chr10",119818135,119818136,"chr10",119817942,119819030,"cg15661998_BC21","ICR_681"
"3173","chr10",119818159,119818160,"chr10",119817942,119819030,"cg15661999_TC21","ICR_681"
"3174","chr10",119818199,119818200,"chr10",119817942,119819030,"cg15662001_BC11","ICR_681"
"3175","chr10",119818199,119818200,"chr10",119817942,119819030,"cg15662001_BC12","ICR_681"
"3176","chr10",119818203,119818204,"chr10",119817942,119819030,"cg15662002_TC11","ICR_681"
"3177","chr10",119818209,119818210,"chr10",119817942,119819030,"cg15662003_BC11","ICR_681"
"3178","chr10",119818222,119818223,"chr10",119817942,119819030,"cg15662004_TC11","ICR_681"
"3179","chr10",119818222,119818223,"chr10",119817942,119819030,"cg15662004_TC12","ICR_681"
"3180","chr10",119818286,119818287,"chr10",119817942,119819030,"cg15662008_TC11","ICR_681"
"3181","chr10",119818291,119818292,"chr10",119817942,119819030,"cg15662009_BC11","ICR_681"
"3182","chr10",119818299,119818300,"chr10",119817942,119819030,"cg15662011_TC21","ICR_681"
"3183","chr10",119818330,119818331,"chr10",119817942,119819030,"cg15662012_BC11","ICR_681"
"3184","chr10",119818341,119818342,"chr10",119817942,119819030,"cg15662013_BC11","ICR_681"
"3185","chr10",119818341,119818342,"chr10",119817942,119819030,"cg15662013_BC12","ICR_681"
"3186","chr10",119818345,119818346,"chr10",119817942,119819030,"cg15662014_BC11","ICR_681"
"3187","chr10",119818345,119818346,"chr10",119817942,119819030,"cg15662014_BC12","ICR_681"
"3188","chr10",119818354,119818355,"chr10",119817942,119819030,"cg15662015_TC11","ICR_681"
"3189","chr10",119818394,119818395,"chr10",119817942,119819030,"cg15662017_TC11","ICR_681"
"3190","chr10",119818394,119818395,"chr10",119817942,119819030,"cg15662017_TC12","ICR_681"
"3191","chr10",119818421,119818422,"chr10",119817942,119819030,"cg15662019_BC21","ICR_681"
"3192","chr10",119818440,119818441,"chr10",119817942,119819030,"cg15662020_TC11","ICR_681"
"3193","chr10",119818440,119818441,"chr10",119817942,119819030,"cg15662020_TC12","ICR_681"
"3194","chr10",119818444,119818445,"chr10",119817942,119819030,"cg15662021_TC11","ICR_681"
"3195","chr10",119818458,119818459,"chr10",119817942,119819030,"cg11613559_TC11","ICR_681"
"3196","chr10",119818562,119818563,"chr10",119817942,119819030,"cg15662033_BO11","ICR_681"
"3197","chr10",119818565,119818566,"chr10",119817942,119819030,"cg15662034_BO11","ICR_681"
"3198","chr10",119818585,119818586,"chr10",119817942,119819030,"cg15662036_TO11","ICR_681"
"3199","chr10",119818616,119818617,"chr10",119817942,119819030,"cg26352088_TC11","ICR_681"
"3200","chr10",119818633,119818634,"chr10",119817942,119819030,"cg15662041_BC11","ICR_681"
"3201","chr10",119818684,119818685,"chr10",119817942,119819030,"cg15662047_BC11","ICR_681"
"3202","chr10",119818700,119818701,"chr10",119817942,119819030,"cg15662048_TC11","ICR_681"
"3203","chr10",119818714,119818715,"chr10",119817942,119819030,"cg15662051_TO11","ICR_681"
"3204","chr10",119818738,119818739,"chr10",119817942,119819030,"cg15662056_TO11","ICR_681"
"3205","chr10",119818740,119818741,"chr10",119817942,119819030,"cg15662057_TO11","ICR_681"
"3206","chr10",119818771,119818772,"chr10",119817942,119819030,"cg15662058_BC11","ICR_681"
"3207","chr10",119818779,119818780,"chr10",119817942,119819030,"cg15662059_TC21","ICR_681"
"3208","chr10",119818782,119818783,"chr10",119817942,119819030,"cg15662060_TC11","ICR_681"
"3209","chr10",119818782,119818783,"chr10",119817942,119819030,"cg15662060_TC12","ICR_681"
"3210","chr10",119818794,119818795,"chr10",119817942,119819030,"cg15662062_TC11","ICR_681"
"3211","chr10",119818818,119818819,"chr10",119817942,119819030,"cg15662066_TC11","ICR_681"
"3212","chr10",119818818,119818819,"chr10",119817942,119819030,"cg15662066_TC12","ICR_681"
"3213","chr10",119818862,119818863,"chr10",119817942,119819030,"cg15662072_TC11","ICR_681"
"3214","chr10",119818871,119818872,"chr10",119817942,119819030,"cg20365618_TC21","ICR_681"
"3215","chr10",119819018,119819019,"chr10",119817942,119819030,"cg15662074_TC21","ICR_681"
"3216","chr10",119819029,119819030,"chr10",119817942,119819030,"cg15662075_BC21","ICR_681"
"3217","chr10",124589549,124589550,"chr10",124589489,124589769,"cg15717539_TC21","ICR_682"
"3218","chr10",124589623,124589624,"chr10",124589489,124589769,"cg15717541_TC21","ICR_682"
"3219","chr10",124589653,124589654,"chr10",124589489,124589769,"cg15717542_BO11","ICR_682"
"3220","chr10",124589702,124589703,"chr10",124589489,124589769,"cg20566475_TC21","ICR_682"
"3221","chr10",124589729,124589730,"chr10",124589489,124589769,"cg16214693_BC21","ICR_682"
"3222","chr10",124589733,124589734,"chr10",124589489,124589769,"cg15717543_TC21","ICR_682"
"3223","chr10",124589739,124589740,"chr10",124589489,124589769,"cg15717544_BC11","ICR_682"
"3224","chr10",124589748,124589749,"chr10",124589489,124589769,"cg15717545_TO11","ICR_682"
"3225","chr10",124589768,124589769,"chr10",124589489,124589769,"cg15717546_BC11","ICR_682"
"3226","chr10",125370441,125370442,"chr10",125370441,125370643,"cg15730604_BC21","ICR_683"
"3227","chr10",125370526,125370527,"chr10",125370441,125370643,"cg15730605_TC21","ICR_683"
"3228","chr10",125370580,125370581,"chr10",125370441,125370643,"cg15730606_BC21","ICR_683"
"3229","chr10",125370599,125370600,"chr10",125370441,125370643,"cg15730607_BC21","ICR_683"
"3230","chr10",125370620,125370621,"chr10",125370441,125370643,"cg15730608_TC21","ICR_683"
"3231","chr10",125370642,125370643,"chr10",125370441,125370643,"cg15730609_BC21","ICR_683"
"3232","chr10",125773897,125773898,"chr10",125773897,125774247,"cg15734793_BC11","ICR_684"
"3233","chr10",125773900,125773901,"chr10",125773897,125774247,"cg15734795_TC11","ICR_684"
"3234","chr10",125773940,125773941,"chr10",125773897,125774247,"cg15734798_TO11","ICR_684"
"3235","chr10",125773950,125773951,"chr10",125773897,125774247,"cg15734800_BC11","ICR_684"
"3236","chr10",125773950,125773951,"chr10",125773897,125774247,"cg15734800_BC12","ICR_684"
"3237","chr10",125773980,125773981,"chr10",125773897,125774247,"cg15734802_BC11","ICR_684"
"3238","chr10",125774031,125774032,"chr10",125773897,125774247,"cg15734805_TO11","ICR_684"
"3239","chr10",125774142,125774143,"chr10",125773897,125774247,"cg15734821_BC11","ICR_684"
"3240","chr10",126882029,126882030,"chr10",126882019,126882047,"cg15746319_TC21","ICR_686"
"3241","chr10",126882031,126882032,"chr10",126882019,126882047,"cg15746320_BC11","ICR_686"
"3242","chr10",126882031,126882032,"chr10",126882019,126882047,"cg15746320_BC12","ICR_686"
"3243","chr10",127911379,127911380,"chr10",127911379,127911781,"cg15759257_TC21","ICR_687"
"3244","chr10",127911427,127911428,"chr10",127911379,127911781,"cg15759258_BC21","ICR_687"
"3245","chr10",127911621,127911622,"chr10",127911379,127911781,"cg15759259_TC21","ICR_687"
"3246","chr10",127911731,127911732,"chr10",127911379,127911781,"cg15759262_BC21","ICR_687"
"3247","chr10",127911780,127911781,"chr10",127911379,127911781,"cg15759263_TC21","ICR_687"
"3248","chr10",127911780,127911781,"chr10",127911379,127911781,"cg15759263_TC22","ICR_687"
"3249","chr10",129833440,129833441,"chr10",129833440,129834121,"cg15784707_TC11","ICR_688"
"3250","chr10",129833440,129833441,"chr10",129833440,129834121,"cg15784707_TC12","ICR_688"
"3251","chr10",129833448,129833449,"chr10",129833440,129834121,"cg15645203_BC11","ICR_688"
"3252","chr10",129833489,129833490,"chr10",129833440,129834121,"cg15784708_TC21","ICR_688"
"3253","chr10",129833559,129833560,"chr10",129833440,129834121,"cg15784710_BO11","ICR_688"
"3254","chr10",129833588,129833589,"chr10",129833440,129834121,"cg15784712_TO11","ICR_688"
"3255","chr10",129833690,129833691,"chr10",129833440,129834121,"cg15784713_BC21","ICR_688"
"3256","chr10",129833695,129833696,"chr10",129833440,129834121,"cg15784714_BC21","ICR_688"
"3257","chr10",129833703,129833704,"chr10",129833440,129834121,"cg15784715_BC21","ICR_688"
"3258","chr10",129833713,129833714,"chr10",129833440,129834121,"cg15784716_BC21","ICR_688"
"3259","chr10",129833773,129833774,"chr10",129833440,129834121,"cg15784717_TC21","ICR_688"
"3260","chr10",129833998,129833999,"chr10",129833440,129834121,"cg15784718_BC21","ICR_688"
"3261","chr10",129834086,129834087,"chr10",129833440,129834121,"cg15784719_TC21","ICR_688"
"3262","chr10",129834098,129834099,"chr10",129833440,129834121,"cg15784720_BC21","ICR_688"
"3263","chr10",129834120,129834121,"chr10",129833440,129834121,"cg15784721_BC21","ICR_688"
"3264","chr10",130301183,130301184,"chr10",130301061,130301272,"cg15793160_TC21","ICR_689"
"3265","chr10",131884685,131884686,"chr10",131884685,131885233,"cg15817844_BC21","ICR_690"
"3266","chr10",131884853,131884854,"chr10",131884685,131885233,"cg15817846_BC21","ICR_690"
"3267","chr10",131885022,131885023,"chr10",131884685,131885233,"cg15817848_BC21","ICR_690"
"3268","chr10",131885022,131885023,"chr10",131884685,131885233,"cg15817848_BC22","ICR_690"
"3269","chr10",132044185,132044186,"chr10",132044137,132044430,"cg15821427_BC21","ICR_691"
"3270","chr10",132044248,132044249,"chr10",132044137,132044430,"cg15821429_BC21","ICR_691"
"3271","chr10",132044267,132044268,"chr10",132044137,132044430,"cg15821430_BC21","ICR_691"
"3272","chr10",132044355,132044356,"chr10",132044137,132044430,"cg15821431_BC21","ICR_691"
"3273","chr10",132044398,132044399,"chr10",132044137,132044430,"cg15821432_BC21","ICR_691"
"3274","chr10",132044424,132044425,"chr10",132044137,132044430,"cg15821433_BC21","ICR_691"
"3275","chr10",132044429,132044430,"chr10",132044137,132044430,"cg15821434_TC21","ICR_691"
"3276","chr10",133099368,133099369,"chr10",133099320,133099567,"cg15851578_TC21","ICR_693"
"3277","chr10",133099394,133099395,"chr10",133099320,133099567,"cg15851579_BC21","ICR_693"
"3278","chr10",133099488,133099489,"chr10",133099320,133099567,"cg15851582_TC21","ICR_693"
"3279","chr10",133099504,133099505,"chr10",133099320,133099567,"cg15851583_BC21","ICR_693"
"3280","chr10",133099530,133099531,"chr10",133099320,133099567,"cg15851584_BC21","ICR_693"
"3281","chr10",133099566,133099567,"chr10",133099320,133099567,"cg15851585_TC21","ICR_693"
"3282","chr10",133246175,133246176,"chr10",133246175,133246423,"cg15856789_TC21","ICR_694"
"3283","chr10",133246214,133246215,"chr10",133246175,133246423,"cg15856790_TC21","ICR_694"
"3284","chr10",133246223,133246224,"chr10",133246175,133246423,"cg15856791_TC11","ICR_694"
"3285","chr10",133246260,133246261,"chr10",133246175,133246423,"cg15856792_TC11","ICR_694"
"3286","chr10",133246260,133246261,"chr10",133246175,133246423,"cg15856792_TC12","ICR_694"
"3287","chr10",133246291,133246292,"chr10",133246175,133246423,"cg15856794_TC21","ICR_694"
"3288","chr10",133246330,133246331,"chr10",133246175,133246423,"cg15656462_BC21","ICR_694"
"3289","chr10",133246354,133246355,"chr10",133246175,133246423,"cg15856795_TC11","ICR_694"
"3290","chr10",133246382,133246383,"chr10",133246175,133246423,"cg15856797_TO11","ICR_694"
"3291","chr10",133246422,133246423,"chr10",133246175,133246423,"cg15856798_TC11","ICR_694"
"3292","chr10",133246422,133246423,"chr10",133246175,133246423,"cg15856798_TC12","ICR_694"
"3293","chr10",133622558,133622559,"chr10",133622470,133622653,"cg14291745_TC21","ICR_696"
"3294","chr10",133622605,133622606,"chr10",133622470,133622653,"cg15865103_BC11","ICR_696"
"3295","chr10",133656332,133656333,"chr10",133655009,133656362,"cg15865353_BC21","ICR_697"
"3296","chr11",396654,396655,"chr11",396654,396870,"cg15871727_TC21","ICR_708"
"3297","chr11",396685,396686,"chr11",396654,396870,"cg17840408_TC21","ICR_708"
"3298","chr11",396692,396693,"chr11",396654,396870,"cg15871728_BC11","ICR_708"
"3299","chr11",396706,396707,"chr11",396654,396870,"cg15871729_BC11","ICR_708"
"3300","chr11",396715,396716,"chr11",396654,396870,"cg15871730_BC11","ICR_708"
"3301","chr11",396756,396757,"chr11",396654,396870,"cg15871731_BC11","ICR_708"
"3302","chr11",396793,396794,"chr11",396654,396870,"cg25258098_BC11","ICR_708"
"3303","chr11",396803,396804,"chr11",396654,396870,"cg15871734_BC21","ICR_708"
"3304","chr11",396819,396820,"chr11",396654,396870,"cg15871735_BC11","ICR_708"
"3305","chr11",396819,396820,"chr11",396654,396870,"cg15871735_BC12","ICR_708"
"3306","chr11",396827,396828,"chr11",396654,396870,"cg15871736_BC11","ICR_708"
"3307","chr11",396835,396836,"chr11",396654,396870,"cg15871737_BC11","ICR_708"
"3308","chr11",396864,396865,"chr11",396654,396870,"cg15871738_TC11","ICR_708"
"3309","chr11",397384,397385,"chr11",397384,397461,"cg15871780_TC11","ICR_709"
"3310","chr11",397388,397389,"chr11",397384,397461,"cg15871781_TC21","ICR_709"
"3311","chr11",397442,397443,"chr11",397384,397461,"cg15871784_TC11","ICR_709"
"3312","chr11",397460,397461,"chr11",397384,397461,"cg15871786_TC21","ICR_709"
"3313","chr11",400679,400680,"chr11",400576,400771,"cg15871970_TC11","ICR_710"
"3314","chr11",400743,400744,"chr11",400576,400771,"cg15871978_BC11","ICR_710"
"3315","chr11",400749,400750,"chr11",400576,400771,"cg15871979_TC11","ICR_710"
"3316","chr11",420603,420604,"chr11",420603,420662,"cg15872911_BC11","ICR_711"
"3317","chr11",420618,420619,"chr11",420603,420662,"cg15872912_TC11","ICR_711"
"3318","chr11",420620,420621,"chr11",420603,420662,"cg15872913_BC11","ICR_711"
"3319","chr11",420639,420640,"chr11",420603,420662,"cg15872914_TC21","ICR_711"
"3320","chr11",420642,420643,"chr11",420603,420662,"cg15872915_TC11","ICR_711"
"3321","chr11",420647,420648,"chr11",420603,420662,"cg15872916_TC11","ICR_711"
"3322","chr11",420661,420662,"chr11",420603,420662,"cg15872918_TC11","ICR_711"
"3323","chr11",424775,424776,"chr11",424775,424992,"cg15873031_BC21","ICR_712"
"3324","chr11",424868,424869,"chr11",424775,424992,"cg15873033_BC21","ICR_712"
"3325","chr11",424932,424933,"chr11",424775,424992,"cg15873034_TO21","ICR_712"
"3326","chr11",424938,424939,"chr11",424775,424992,"cg15873035_TO11","ICR_712"
"3327","chr11",425286,425287,"chr11",425253,425347,"cg15873088_BC21","ICR_713"
"3328","chr11",425288,425289,"chr11",425253,425347,"cg27420135_TC21","ICR_713"
"3329","chr11",425288,425289,"chr11",425253,425347,"cg27420135_TC22","ICR_713"
"3330","chr11",425335,425336,"chr11",425253,425347,"cg15873089_TC21","ICR_713"
"3331","chr11",425346,425347,"chr11",425253,425347,"cg15873090_TC21","ICR_713"
"3332","chr11",859643,859644,"chr11",859643,859722,"cg15888894_BC11","ICR_714"
"3333","chr11",859643,859644,"chr11",859643,859722,"cg15888894_BC12","ICR_714"
"3334","chr11",859669,859670,"chr11",859643,859722,"cg24134897_BC11","ICR_714"
"3335","chr11",859700,859701,"chr11",859643,859722,"cg15888896_TC21","ICR_714"
"3336","chr11",859706,859707,"chr11",859643,859722,"cg15888897_BC11","ICR_714"
"3337","chr11",1453510,1453511,"chr11",1453510,1453601,"cg15906111_BC11","ICR_715"
"3338","chr11",1453537,1453538,"chr11",1453510,1453601,"cg15906112_TC21","ICR_715"
"3339","chr11",1453540,1453541,"chr11",1453510,1453601,"cg15906113_BC11","ICR_715"
"3340","chr11",1453568,1453569,"chr11",1453510,1453601,"cg15906115_BO11","ICR_715"
"3341","chr11",1453600,1453601,"chr11",1453510,1453601,"cg15906116_BC11","ICR_715"
"3342","chr11",2698156,2698157,"chr11",2698156,2699485,"cg15933906_TC21","ICR_720"
"3343","chr11",2698156,2698157,"chr11",2698156,2699485,"cg15933906_TC22","ICR_720"
"3344","chr11",2698717,2698718,"chr11",2698156,2699485,"cg15933909_BC21","ICR_720"
"3345","chr11",2698725,2698726,"chr11",2698156,2699485,"cg15933910_BC21","ICR_720"
"3346","chr11",2698773,2698774,"chr11",2698156,2699485,"cg15933911_BC11","ICR_720"
"3347","chr11",2698773,2698774,"chr11",2698156,2699485,"cg15933911_BC12","ICR_720"
"3348","chr11",2698801,2698802,"chr11",2698156,2699485,"cg15933912_BO11","ICR_720"
"3349","chr11",2698843,2698844,"chr11",2698156,2699485,"cg15933913_BC21","ICR_720"
"3350","chr11",2698856,2698857,"chr11",2698156,2699485,"cg15933915_TC21","ICR_720"
"3351","chr11",2698929,2698930,"chr11",2698156,2699485,"cg15933916_TC21","ICR_720"
"3352","chr11",2698987,2698988,"chr11",2698156,2699485,"cg15933918_TC21","ICR_720"
"3353","chr11",2698998,2698999,"chr11",2698156,2699485,"cg27119222_BC21","ICR_720"
"3354","chr11",2699031,2699032,"chr11",2698156,2699485,"cg15933919_TC11","ICR_720"
"3355","chr11",2699048,2699049,"chr11",2698156,2699485,"cg15933921_TC11","ICR_720"
"3356","chr11",2699099,2699100,"chr11",2698156,2699485,"cg15933922_BC21","ICR_720"
"3357","chr11",2699101,2699102,"chr11",2698156,2699485,"cg15933923_TC21","ICR_720"
"3358","chr11",2699199,2699200,"chr11",2698156,2699485,"cg15933929_TC21","ICR_720"
"3359","chr11",2699201,2699202,"chr11",2698156,2699485,"cg15933930_BC11","ICR_720"
"3360","chr11",2699220,2699221,"chr11",2698156,2699485,"cg15933932_BC11","ICR_720"
"3361","chr11",2699220,2699221,"chr11",2698156,2699485,"cg15933932_BC12","ICR_720"
"3362","chr11",2699258,2699259,"chr11",2698156,2699485,"cg15933933_TC11","ICR_720"
"3363","chr11",2699288,2699289,"chr11",2698156,2699485,"cg15933934_TC21","ICR_720"
"3364","chr11",2699304,2699305,"chr11",2698156,2699485,"cg15933936_BC11","ICR_720"
"3365","chr11",2699308,2699309,"chr11",2698156,2699485,"cg15933937_BC11","ICR_720"
"3366","chr11",2699310,2699311,"chr11",2698156,2699485,"cg15933938_TC11","ICR_720"
"3367","chr11",2699349,2699350,"chr11",2698156,2699485,"cg15933940_TC11","ICR_720"
"3368","chr11",2699354,2699355,"chr11",2698156,2699485,"cg15933941_BC11","ICR_720"
"3369","chr11",2699356,2699357,"chr11",2698156,2699485,"cg15933942_TC11","ICR_720"
"3370","chr11",2699359,2699360,"chr11",2698156,2699485,"cg15933943_TC11","ICR_720"
"3371","chr11",2699363,2699364,"chr11",2698156,2699485,"cg15933944_BC11","ICR_720"
"3372","chr11",2699468,2699469,"chr11",2698156,2699485,"cg15933952_TC11","ICR_720"
"3373","chr11",2699468,2699469,"chr11",2698156,2699485,"cg15933952_TC12","ICR_720"
"3374","chr11",2699470,2699471,"chr11",2698156,2699485,"cg15933953_BC11","ICR_720"
"3375","chr11",2699850,2699851,"chr11",2699813,2701210,"cg15934001_BC11","ICR_721"
"3376","chr11",2699850,2699851,"chr11",2699813,2701210,"cg15934001_BC12","ICR_721"
"3377","chr11",2699864,2699865,"chr11",2699813,2701210,"cg15934003_TC11","ICR_721"
"3378","chr11",2699906,2699907,"chr11",2699813,2701210,"cg15934007_BC11","ICR_721"
"3379","chr11",2699915,2699916,"chr11",2699813,2701210,"cg15934008_TC11","ICR_721"
"3380","chr11",2699917,2699918,"chr11",2699813,2701210,"cg15934009_BC11","ICR_721"
"3381","chr11",2699927,2699928,"chr11",2699813,2701210,"cg15934010_BC11","ICR_721"
"3382","chr11",2699966,2699967,"chr11",2699813,2701210,"cg15934011_BC21","ICR_721"
"3383","chr11",2699976,2699977,"chr11",2699813,2701210,"cg14392746_BC21","ICR_721"
"3384","chr11",2699979,2699980,"chr11",2699813,2701210,"cg15934012_TC21","ICR_721"
"3385","chr11",2699981,2699982,"chr11",2699813,2701210,"cg15934013_TC11","ICR_721"
"3386","chr11",2699981,2699982,"chr11",2699813,2701210,"cg15934013_TC12","ICR_721"
"3387","chr11",2699984,2699985,"chr11",2699813,2701210,"cg15934014_BC11","ICR_721"
"3388","chr11",2699984,2699985,"chr11",2699813,2701210,"cg15934014_BC12","ICR_721"
"3389","chr11",2699988,2699989,"chr11",2699813,2701210,"cg15934015_BC11","ICR_721"
"3390","chr11",2699988,2699989,"chr11",2699813,2701210,"cg15934015_BC12","ICR_721"
"3391","chr11",2700012,2700013,"chr11",2699813,2701210,"cg12077660_TC11","ICR_721"
"3392","chr11",2700105,2700106,"chr11",2699813,2701210,"cg16739686_TC11","ICR_721"
"3393","chr11",2700105,2700106,"chr11",2699813,2701210,"cg16739686_TC12","ICR_721"
"3394","chr11",2700152,2700153,"chr11",2699813,2701210,"cg26104781_BC11","ICR_721"
"3395","chr11",2700152,2700153,"chr11",2699813,2701210,"cg26104781_BC12","ICR_721"
"3396","chr11",2700163,2700164,"chr11",2699813,2701210,"cg15934026_BC21","ICR_721"
"3397","chr11",2700239,2700240,"chr11",2699813,2701210,"cg15934028_TC21","ICR_721"
"3398","chr11",2700241,2700242,"chr11",2699813,2701210,"cg15934029_BC11","ICR_721"
"3399","chr11",2700246,2700247,"chr11",2699813,2701210,"cg15934030_TC11","ICR_721"
"3400","chr11",2700360,2700361,"chr11",2699813,2701210,"cg09518720_BC11","ICR_721"
"3401","chr11",2700360,2700361,"chr11",2699813,2701210,"cg09518720_BC12","ICR_721"
"3402","chr11",2700379,2700380,"chr11",2699813,2701210,"cg14958441_BC21","ICR_721"
"3403","chr11",2700388,2700389,"chr11",2699813,2701210,"cg27323091_TC11","ICR_721"
"3404","chr11",2700388,2700389,"chr11",2699813,2701210,"cg27323091_TC12","ICR_721"
"3405","chr11",2700461,2700462,"chr11",2699813,2701210,"cg15934045_TC21","ICR_721"
"3406","chr11",2700543,2700544,"chr11",2699813,2701210,"cg15934057_BO11","ICR_721"
"3407","chr11",2700550,2700551,"chr11",2699813,2701210,"cg15934059_TO11","ICR_721"
"3408","chr11",2700626,2700627,"chr11",2699813,2701210,"cg21137515_BC21","ICR_721"
"3409","chr11",2700685,2700686,"chr11",2699813,2701210,"cg15934060_BC21","ICR_721"
"3410","chr11",2700724,2700725,"chr11",2699813,2701210,"cg15934061_BC11","ICR_721"
"3411","chr11",2700831,2700832,"chr11",2699813,2701210,"cg11666921_TC11","ICR_721"
"3412","chr11",2700840,2700841,"chr11",2699813,2701210,"cg15934074_BC11","ICR_721"
"3413","chr11",2700842,2700843,"chr11",2699813,2701210,"cg26094482_BC11","ICR_721"
"3414","chr11",2700845,2700846,"chr11",2699813,2701210,"cg26908876_TC11","ICR_721"
"3415","chr11",2700853,2700854,"chr11",2699813,2701210,"cg15651941_TC21","ICR_721"
"3416","chr11",2700855,2700856,"chr11",2699813,2701210,"cg25306939_TC21","ICR_721"
"3417","chr11",2701027,2701028,"chr11",2699813,2701210,"cg27604721_TC21","ICR_721"
"3418","chr11",2701100,2701101,"chr11",2699813,2701210,"cg15934075_TC21","ICR_721"
"3419","chr11",2701109,2701110,"chr11",2699813,2701210,"cg12433386_TC11","ICR_721"
"3420","chr11",2701176,2701177,"chr11",2699813,2701210,"cg26963277_TC11","ICR_721"
"3421","chr11",2701209,2701210,"chr11",2699813,2701210,"cg11272547_TC21","ICR_721"
"3422","chr11",2870171,2870172,"chr11",2870171,2870432,"cg09998591_TC21","ICR_722"
"3423","chr11",2870190,2870191,"chr11",2870171,2870432,"cg15937780_BC21","ICR_722"
"3424","chr11",2870264,2870265,"chr11",2870171,2870432,"cg10503232_BC21","ICR_722"
"3425","chr11",2870267,2870268,"chr11",2870171,2870432,"cg15937781_TC21","ICR_722"
"3426","chr11",2870282,2870283,"chr11",2870171,2870432,"cg15937782_TC21","ICR_722"
"3427","chr11",2870354,2870355,"chr11",2870171,2870432,"cg15937783_TC21","ICR_722"
"3428","chr11",2870402,2870403,"chr11",2870171,2870432,"cg15937785_TC21","ICR_722"
"3429","chr11",2870426,2870427,"chr11",2870171,2870432,"cg15937786_TC21","ICR_722"
"3430","chr11",2870431,2870432,"chr11",2870171,2870432,"cg15937787_TC21","ICR_722"
"3431","chr11",2870431,2870432,"chr11",2870171,2870432,"cg15937787_TC22","ICR_722"
"3432","chr11",3513908,3513909,"chr11",3513881,3514062,"cg15949264_BC21","ICR_723"
"3433","chr11",7089047,7089048,"chr11",7088962,7089048,"cg15978856_TC11","ICR_724"
"3434","chr11",7089047,7089048,"chr11",7088962,7089048,"cg15978856_TC12","ICR_724"
"3435","chr11",8262179,8262180,"chr11",8262179,8262286,"cg15988412_BC21","ICR_725"
"3436","chr11",8262251,8262252,"chr11",8262179,8262286,"cg15988414_TC21","ICR_725"
"3437","chr11",8262251,8262252,"chr11",8262179,8262286,"cg15988414_TC22","ICR_725"
"3438","chr11",8262273,8262274,"chr11",8262179,8262286,"cg15988415_BC21","ICR_725"
"3439","chr11",8262285,8262286,"chr11",8262179,8262286,"cg15988418_TC21","ICR_725"
"3440","chr11",14259047,14259048,"chr11",14259047,14259382,"cg16044699_BC21","ICR_726"
"3441","chr11",14259047,14259048,"chr11",14259047,14259382,"cg16044699_BC22","ICR_726"
"3442","chr11",14259195,14259196,"chr11",14259047,14259382,"cg23387056_BC21","ICR_726"
"3443","chr11",14259201,14259202,"chr11",14259047,14259382,"cg16044700_BC21","ICR_726"
"3444","chr11",14259201,14259202,"chr11",14259047,14259382,"cg16044700_BC22","ICR_726"
"3445","chr11",14259215,14259216,"chr11",14259047,14259382,"cg16044701_BC11","ICR_726"
"3446","chr11",14259215,14259216,"chr11",14259047,14259382,"cg16044701_BC12","ICR_726"
"3447","chr11",14259217,14259218,"chr11",14259047,14259382,"cg16044702_TC11","ICR_726"
"3448","chr11",14259217,14259218,"chr11",14259047,14259382,"cg16044702_TC12","ICR_726"
"3449","chr11",14259231,14259232,"chr11",14259047,14259382,"cg16044703_BC11","ICR_726"
"3450","chr11",14259243,14259244,"chr11",14259047,14259382,"cg16044704_TC11","ICR_726"
"3451","chr11",14259258,14259259,"chr11",14259047,14259382,"cg16044705_TC11","ICR_726"
"3452","chr11",14259266,14259267,"chr11",14259047,14259382,"cg22961513_BC21","ICR_726"
"3453","chr11",14259280,14259281,"chr11",14259047,14259382,"cg16044706_BC21","ICR_726"
"3454","chr11",14259280,14259281,"chr11",14259047,14259382,"cg16044706_BC22","ICR_726"
"3455","chr11",14259301,14259302,"chr11",14259047,14259382,"cg16044707_TC11","ICR_726"
"3456","chr11",14259318,14259319,"chr11",14259047,14259382,"cg16044708_TC21","ICR_726"
"3457","chr11",14259318,14259319,"chr11",14259047,14259382,"cg16044708_TC22","ICR_726"
"3458","chr11",14259381,14259382,"chr11",14259047,14259382,"cg16044711_BC11","ICR_726"
"3459","chr11",15651002,15651003,"chr11",15651002,15651264,"cg16054915_TO11","ICR_727"
"3460","chr11",15651071,15651072,"chr11",15651002,15651264,"cg16054918_BC21","ICR_727"
"3461","chr11",15651071,15651072,"chr11",15651002,15651264,"cg16054918_BC22","ICR_727"
"3462","chr11",15651121,15651122,"chr11",15651002,15651264,"cg16054919_TC11","ICR_727"
"3463","chr11",15651165,15651166,"chr11",15651002,15651264,"cg16054920_TC21","ICR_727"
"3464","chr11",15651165,15651166,"chr11",15651002,15651264,"cg16054920_TC22","ICR_727"
"3465","chr11",15651167,15651168,"chr11",15651002,15651264,"cg16054921_BC21","ICR_727"
"3466","chr11",15651176,15651177,"chr11",15651002,15651264,"cg16054922_BC21","ICR_727"
"3467","chr11",15651221,15651222,"chr11",15651002,15651264,"cg16054924_TC21","ICR_727"
"3468","chr11",15651230,15651231,"chr11",15651002,15651264,"cg16054925_BC21","ICR_727"
"3469","chr11",15651251,15651252,"chr11",15651002,15651264,"cg16054926_TC11","ICR_727"
"3470","chr11",15651255,15651256,"chr11",15651002,15651264,"cg16054927_BC11","ICR_727"
"3471","chr11",15651263,15651264,"chr11",15651002,15651264,"cg16054928_BC11","ICR_727"
"3472","chr11",18455847,18455848,"chr11",18455847,18455995,"cg16079908_BC11","ICR_729"
"3473","chr11",18455960,18455961,"chr11",18455847,18455995,"cg16079913_TO11","ICR_729"
"3474","chr11",18455967,18455968,"chr11",18455847,18455995,"cg16079915_TO11","ICR_729"
"3475","chr11",18455986,18455987,"chr11",18455847,18455995,"cg15463284_BC11","ICR_729"
"3476","chr11",18455991,18455992,"chr11",18455847,18455995,"cg16079916_BC11","ICR_729"
"3477","chr11",18455994,18455995,"chr11",18455847,18455995,"cg16079917_TC11","ICR_729"
"3478","chr11",18455994,18455995,"chr11",18455847,18455995,"cg16079917_TC12","ICR_729"
"3479","chr11",44328442,44328443,"chr11",44328418,44329478,"cg16262136_TC11","ICR_730"
"3480","chr11",44328442,44328443,"chr11",44328418,44329478,"cg16262136_TC12","ICR_730"
"3481","chr11",44328611,44328612,"chr11",44328418,44329478,"cg16262138_TC21","ICR_730"
"3482","chr11",44328650,44328651,"chr11",44328418,44329478,"cg16262139_TC21","ICR_730"
"3483","chr11",44329222,44329223,"chr11",44328418,44329478,"cg16262141_BC21","ICR_730"
"3484","chr11",44329338,44329339,"chr11",44328418,44329478,"cg16262142_BC21","ICR_730"
"3485","chr11",44329408,44329409,"chr11",44328418,44329478,"cg16262143_BC21","ICR_730"
"3486","chr11",44329477,44329478,"chr11",44328418,44329478,"cg16262144_TC21","ICR_730"
"3487","chr11",49050075,49050076,"chr11",49050002,49050137,"cg16319655_TC21","ICR_731"
"3488","chr11",49050077,49050078,"chr11",49050002,49050137,"cg16319656_BC11","ICR_731"
"3489","chr11",49851832,49851833,"chr11",49851832,49852120,"cg16324488_BC21","ICR_732"
"3490","chr11",49851841,49851842,"chr11",49851832,49852120,"cg16324490_TC21","ICR_732"
"3491","chr11",49851843,49851844,"chr11",49851832,49852120,"cg16324491_BC21","ICR_732"
"3492","chr11",49851849,49851850,"chr11",49851832,49852120,"cg16324492_TC21","ICR_732"
"3493","chr11",49851854,49851855,"chr11",49851832,49852120,"cg16324493_BC11","ICR_732"
"3494","chr11",49851878,49851879,"chr11",49851832,49852120,"cg16324495_BC21","ICR_732"
"3495","chr11",49851883,49851884,"chr11",49851832,49852120,"cg16324496_TC21","ICR_732"
"3496","chr11",49851929,49851930,"chr11",49851832,49852120,"cg16324498_BC11","ICR_732"
"3497","chr11",49851997,49851998,"chr11",49851832,49852120,"cg16324501_TO11","ICR_732"
"3498","chr11",49852038,49852039,"chr11",49851832,49852120,"cg16324504_TC21","ICR_732"
"3499","chr11",49852041,49852042,"chr11",49851832,49852120,"cg16324505_BC11","ICR_732"
"3500","chr11",49852041,49852042,"chr11",49851832,49852120,"cg16324505_BC12","ICR_732"
"3501","chr11",49852119,49852120,"chr11",49851832,49852120,"cg16324511_TC11","ICR_732"
"3502","chr11",55580527,55580528,"chr11",55580527,55582100,"cg16350990_TC21","ICR_733"
"3503","chr11",55581050,55581051,"chr11",55580527,55582100,"cg16350993_BC21","ICR_733"
"3504","chr11",55581083,55581084,"chr11",55580527,55582100,"cg16350994_BC11","ICR_733"
"3505","chr11",55581733,55581734,"chr11",55580527,55582100,"cg16350996_BC21","ICR_733"
"3506","chr11",55581733,55581734,"chr11",55580527,55582100,"cg16350996_BC22","ICR_733"
"3507","chr11",58963345,58963346,"chr11",58963345,58963429,"cg16376909_BC21","ICR_734"
"3508","chr11",58963349,58963350,"chr11",58963345,58963429,"cg16376910_TC21","ICR_734"
"3509","chr11",58963425,58963426,"chr11",58963345,58963429,"cg16376913_TC11","ICR_734"
"3510","chr11",59063033,59063034,"chr11",59063031,59063174,"cg16377625_TC21","ICR_735"
"3511","chr11",59063121,59063122,"chr11",59063031,59063174,"cg16377626_TO11","ICR_735"
"3512","chr11",59063136,59063137,"chr11",59063031,59063174,"cg24985772_BC21","ICR_735"
"3513","chr11",59063150,59063151,"chr11",59063031,59063174,"cg16377628_TC21","ICR_735"
"3514","chr11",59063150,59063151,"chr11",59063031,59063174,"cg16377628_TC22","ICR_735"
"3515","chr11",59063152,59063153,"chr11",59063031,59063174,"cg16377629_BC11","ICR_735"
"3516","chr11",59063152,59063153,"chr11",59063031,59063174,"cg16377629_BC12","ICR_735"
"3517","chr11",60907187,60907188,"chr11",60907136,60907586,"cg16393663_TC21","ICR_736"
"3518","chr11",60907262,60907263,"chr11",60907136,60907586,"cg16393664_TC21","ICR_736"
"3519","chr11",60907285,60907286,"chr11",60907136,60907586,"cg16393665_TC21","ICR_736"
"3520","chr11",60907410,60907411,"chr11",60907136,60907586,"cg16393666_TO21","ICR_736"
"3521","chr11",60907573,60907574,"chr11",60907136,60907586,"cg16393667_TC11","ICR_736"
"3522","chr11",60907585,60907586,"chr11",60907136,60907586,"cg16393668_TC21","ICR_736"
"3523","chr11",62371152,62371153,"chr11",62371152,62371400,"cg16417885_BO11","ICR_737"
"3524","chr11",62371158,62371159,"chr11",62371152,62371400,"cg16417886_TO11","ICR_737"
"3525","chr11",62371215,62371216,"chr11",62371152,62371400,"cg16417890_TC11","ICR_737"
"3526","chr11",62371294,62371295,"chr11",62371152,62371400,"cg16417900_BC11","ICR_737"
"3527","chr11",62371300,62371301,"chr11",62371152,62371400,"cg16417901_TC11","ICR_737"
"3528","chr11",62371312,62371313,"chr11",62371152,62371400,"cg16417902_TC11","ICR_737"
"3529","chr11",62371315,62371316,"chr11",62371152,62371400,"cg16417903_TC11","ICR_737"
"3530","chr11",62371372,62371373,"chr11",62371152,62371400,"cg09347134_BC11","ICR_737"
"3531","chr11",62371377,62371378,"chr11",62371152,62371400,"cg16417910_BC11","ICR_737"
"3532","chr11",62371390,62371391,"chr11",62371152,62371400,"cg16417912_TC21","ICR_737"
"3533","chr11",62371393,62371394,"chr11",62371152,62371400,"cg16417913_BC21","ICR_737"
"3534","chr11",62371399,62371400,"chr11",62371152,62371400,"cg16417914_BC11","ICR_737"
"3535","chr11",64714303,64714304,"chr11",64714282,64714884,"cg16458152_TC21","ICR_738"
"3536","chr11",64714443,64714444,"chr11",64714282,64714884,"cg16458155_TO11","ICR_738"
"3537","chr11",64714588,64714589,"chr11",64714282,64714884,"cg16458158_TC21","ICR_738"
"3538","chr11",64714588,64714589,"chr11",64714282,64714884,"cg16458158_TC22","ICR_738"
"3539","chr11",64714859,64714860,"chr11",64714282,64714884,"cg19691659_TC21","ICR_738"
"3540","chr11",64714862,64714863,"chr11",64714282,64714884,"cg16458160_BC21","ICR_738"
"3541","chr11",67607612,67607613,"chr11",67607612,67607749,"cg16519234_TC21","ICR_739"
"3542","chr11",67607612,67607613,"chr11",67607612,67607749,"cg16519234_TC22","ICR_739"
"3543","chr11",67607699,67607700,"chr11",67607612,67607749,"cg16519236_BO11","ICR_739"
"3544","chr11",67607722,67607723,"chr11",67607612,67607749,"cg16519237_BC21","ICR_739"
"3545","chr11",67607748,67607749,"chr11",67607612,67607749,"cg16519238_TC21","ICR_739"
"3546","chr11",67607748,67607749,"chr11",67607612,67607749,"cg16519238_TC22","ICR_739"
"3547","chr11",68755016,68755017,"chr11",68755016,68755448,"cg16539892_BC21","ICR_740"
"3548","chr11",68755303,68755304,"chr11",68755016,68755448,"cg16539894_TC21","ICR_740"
"3549","chr11",68755306,68755307,"chr11",68755016,68755448,"cg16539895_BC21","ICR_740"
"3550","chr11",68755323,68755324,"chr11",68755016,68755448,"cg16539896_BC21","ICR_740"
"3551","chr11",77040528,77040529,"chr11",77040372,77040529,"cg16653707_TC11","ICR_741"
"3552","chr11",77588834,77588835,"chr11",77588834,77589141,"cg16660018_TC21","ICR_742"
"3553","chr11",77588874,77588875,"chr11",77588834,77589141,"cg16660019_BC11","ICR_742"
"3554","chr11",77588874,77588875,"chr11",77588834,77589141,"cg16660019_BC12","ICR_742"
"3555","chr11",77588897,77588898,"chr11",77588834,77589141,"cg16660020_TC11","ICR_742"
"3556","chr11",77588897,77588898,"chr11",77588834,77589141,"cg16660020_TC12","ICR_742"
"3557","chr11",77588910,77588911,"chr11",77588834,77589141,"cg16660021_BC11","ICR_742"
"3558","chr11",77588910,77588911,"chr11",77588834,77589141,"cg16660021_BC12","ICR_742"
"3559","chr11",77588928,77588929,"chr11",77588834,77589141,"cg16660022_BC21","ICR_742"
"3560","chr11",77588928,77588929,"chr11",77588834,77589141,"cg16660022_BC22","ICR_742"
"3561","chr11",77588968,77588969,"chr11",77588834,77589141,"cg16660024_BC21","ICR_742"
"3562","chr11",77588968,77588969,"chr11",77588834,77589141,"cg16660024_BC22","ICR_742"
"3563","chr11",77589027,77589028,"chr11",77588834,77589141,"cg16660025_TC21","ICR_742"
"3564","chr11",77589071,77589072,"chr11",77588834,77589141,"cg15441833_BC21","ICR_742"
"3565","chr11",77589140,77589141,"chr11",77588834,77589141,"cg16660026_TC21","ICR_742"
"3566","chr11",78196843,78196844,"chr11",78196832,78196990,"cg16667056_BC11","ICR_743"
"3567","chr11",78196856,78196857,"chr11",78196832,78196990,"cg16667057_TC21","ICR_743"
"3568","chr11",78196856,78196857,"chr11",78196832,78196990,"cg16667057_TC22","ICR_743"
"3569","chr11",78196868,78196869,"chr11",78196832,78196990,"cg16667059_TC11","ICR_743"
"3570","chr11",78196942,78196943,"chr11",78196832,78196990,"cg16667065_TC11","ICR_743"
"3571","chr11",78196969,78196970,"chr11",78196832,78196990,"cg16667068_BC11","ICR_743"
"3572","chr11",78196969,78196970,"chr11",78196832,78196990,"cg16667068_BC12","ICR_743"
"3573","chr11",78196989,78196990,"chr11",78196832,78196990,"cg16667069_TC11","ICR_743"
"3574","chr11",78196989,78196990,"chr11",78196832,78196990,"cg16667069_TC12","ICR_743"
"3575","chr11",96341423,96341424,"chr11",96341423,96341836,"cg16787672_TC21","ICR_744"
"3576","chr11",96341423,96341424,"chr11",96341423,96341836,"cg16787672_TC22","ICR_744"
"3577","chr11",96341427,96341428,"chr11",96341423,96341836,"cg16787673_BC21","ICR_744"
"3578","chr11",96341427,96341428,"chr11",96341423,96341836,"cg16787673_BC22","ICR_744"
"3579","chr11",96341441,96341442,"chr11",96341423,96341836,"cg16787674_BC21","ICR_744"
"3580","chr11",96341441,96341442,"chr11",96341423,96341836,"cg16787674_BC22","ICR_744"
"3581","chr11",96341553,96341554,"chr11",96341423,96341836,"cg16787676_BC21","ICR_744"
"3582","chr11",96341607,96341608,"chr11",96341423,96341836,"cg16787678_TO21","ICR_744"
"3583","chr11",96341692,96341693,"chr11",96341423,96341836,"cg16787679_BC21","ICR_744"
"3584","chr11",96341692,96341693,"chr11",96341423,96341836,"cg16787679_BC22","ICR_744"
"3585","chr11",96341705,96341706,"chr11",96341423,96341836,"cg16787680_TC21","ICR_744"
"3586","chr11",96341716,96341717,"chr11",96341423,96341836,"cg16787681_TC11","ICR_744"
"3587","chr11",96341767,96341768,"chr11",96341423,96341836,"cg16787685_BC11","ICR_744"
"3588","chr11",96341767,96341768,"chr11",96341423,96341836,"cg16787685_BC12","ICR_744"
"3589","chr11",96341773,96341774,"chr11",96341423,96341836,"cg16787686_TC11","ICR_744"
"3590","chr11",96341773,96341774,"chr11",96341423,96341836,"cg16787686_TC12","ICR_744"
"3591","chr11",96341786,96341787,"chr11",96341423,96341836,"cg16787687_TC21","ICR_744"
"3592","chr11",96341805,96341806,"chr11",96341423,96341836,"cg16787688_BC21","ICR_744"
"3593","chr11",96341805,96341806,"chr11",96341423,96341836,"cg16787688_BC22","ICR_744"
"3594","chr11",96341835,96341836,"chr11",96341423,96341836,"cg16787689_BC11","ICR_744"
"3595","chr11",102808049,102808050,"chr11",102808049,102808297,"cg16829598_TC11","ICR_746"
"3596","chr11",102808054,102808055,"chr11",102808049,102808297,"cg16829599_TC21","ICR_746"
"3597","chr11",102808116,102808117,"chr11",102808049,102808297,"cg16829602_TC21","ICR_746"
"3598","chr11",102808168,102808169,"chr11",102808049,102808297,"cg16829603_BC21","ICR_746"
"3599","chr11",102808168,102808169,"chr11",102808049,102808297,"cg16829603_BC22","ICR_746"
"3600","chr11",102808171,102808172,"chr11",102808049,102808297,"cg16829604_BC21","ICR_746"
"3601","chr11",102808219,102808220,"chr11",102808049,102808297,"cg16829605_TC21","ICR_746"
"3602","chr11",102808293,102808294,"chr11",102808049,102808297,"cg16829607_TC11","ICR_746"
"3603","chr11",102808296,102808297,"chr11",102808049,102808297,"cg16829608_BC11","ICR_746"
"3604","chr11",102808296,102808297,"chr11",102808049,102808297,"cg16829608_BC12","ICR_746"
"3605","chr11",116459009,116459010,"chr11",116459009,116459314,"cg16934171_BC11","ICR_748"
"3606","chr11",116459013,116459014,"chr11",116459009,116459314,"cg16934172_TC21","ICR_748"
"3607","chr11",116459031,116459032,"chr11",116459009,116459314,"cg16934173_TC21","ICR_748"
"3608","chr11",116459102,116459103,"chr11",116459009,116459314,"cg16934175_TC21","ICR_748"
"3609","chr11",116459199,116459200,"chr11",116459009,116459314,"cg16934176_BC21","ICR_748"
"3610","chr11",116459246,116459247,"chr11",116459009,116459314,"cg16934177_BC11","ICR_748"
"3611","chr11",116459256,116459257,"chr11",116459009,116459314,"cg16934179_TC11","ICR_748"
"3612","chr11",116459280,116459281,"chr11",116459009,116459314,"cg16934180_TC11","ICR_748"
"3613","chr11",116459280,116459281,"chr11",116459009,116459314,"cg16934180_TC12","ICR_748"
"3614","chr11",116459313,116459314,"chr11",116459009,116459314,"cg16934182_TC21","ICR_748"
"3615","chr11",118721569,118721570,"chr11",118721379,118721604,"cg16963306_TC21","ICR_749"
"3616","chr11",118721569,118721570,"chr11",118721379,118721604,"cg16963306_TC22","ICR_749"
"3617","chr11",118721581,118721582,"chr11",118721379,118721604,"cg16963307_TC21","ICR_749"
"3618","chr11",119475094,119475095,"chr11",119475094,119475642,"cg16975945_TC21","ICR_750"
"3619","chr11",119475146,119475147,"chr11",119475094,119475642,"cg16975946_BC21","ICR_750"
"3620","chr11",119475268,119475269,"chr11",119475094,119475642,"cg16975947_TO21","ICR_750"
"3621","chr11",119475502,119475503,"chr11",119475094,119475642,"cg16975948_TC21","ICR_750"
"3622","chr11",119475641,119475642,"chr11",119475094,119475642,"cg16975950_TC21","ICR_750"
"3623","chr11",119942218,119942219,"chr11",119942218,119942412,"cg16982187_BC21","ICR_751"
"3624","chr11",119942218,119942219,"chr11",119942218,119942412,"cg16982187_BC22","ICR_751"
"3625","chr11",119942242,119942243,"chr11",119942218,119942412,"cg16982188_BC21","ICR_751"
"3626","chr11",119942244,119942245,"chr11",119942218,119942412,"cg16982189_BC21","ICR_751"
"3627","chr11",119942248,119942249,"chr11",119942218,119942412,"cg16982190_TC21","ICR_751"
"3628","chr11",119942276,119942277,"chr11",119942218,119942412,"cg16982191_BC21","ICR_751"
"3629","chr11",119942300,119942301,"chr11",119942218,119942412,"cg16982192_TC21","ICR_751"
"3630","chr11",119942305,119942306,"chr11",119942218,119942412,"cg16982193_TC21","ICR_751"
"3631","chr11",119942369,119942370,"chr11",119942218,119942412,"cg16982194_BC21","ICR_751"
"3632","chr11",119942411,119942412,"chr11",119942218,119942412,"cg16982195_BC21","ICR_751"
"3633","chr11",119982973,119982974,"chr11",119982973,119983610,"cg16982606_BC21","ICR_752"
"3634","chr11",119982991,119982992,"chr11",119982973,119983610,"cg16982607_TC21","ICR_752"
"3635","chr11",119983130,119983131,"chr11",119982973,119983610,"cg16982608_TC11","ICR_752"
"3636","chr11",119983136,119983137,"chr11",119982973,119983610,"cg16982610_BC21","ICR_752"
"3637","chr11",119983141,119983142,"chr11",119982973,119983610,"cg14772321_BC21","ICR_752"
"3638","chr11",119983175,119983176,"chr11",119982973,119983610,"cg16982611_BC21","ICR_752"
"3639","chr11",119983458,119983459,"chr11",119982973,119983610,"cg16982612_TC21","ICR_752"
"3640","chr11",119983523,119983524,"chr11",119982973,119983610,"cg16982613_TC21","ICR_752"
"3641","chr11",119983543,119983544,"chr11",119982973,119983610,"cg16982614_TC21","ICR_752"
"3642","chr11",119983572,119983573,"chr11",119982973,119983610,"cg16982615_BO11","ICR_752"
"3643","chr11",119983609,119983610,"chr11",119982973,119983610,"cg16982616_BC11","ICR_752"
"3644","chr11",122556815,122556816,"chr11",122556793,122557198,"cg09965508_TC11","ICR_753"
"3645","chr11",122556847,122556848,"chr11",122556793,122557198,"cg17008264_TC11","ICR_753"
"3646","chr11",122556908,122556909,"chr11",122556793,122557198,"cg17008275_TO11","ICR_753"
"3647","chr11",122556963,122556964,"chr11",122556793,122557198,"cg17008278_TC21","ICR_753"
"3648","chr11",122556976,122556977,"chr11",122556793,122557198,"cg17008279_BC21","ICR_753"
"3649","chr11",122557014,122557015,"chr11",122556793,122557198,"cg17008280_TC21","ICR_753"
"3650","chr11",122557031,122557032,"chr11",122556793,122557198,"cg17008281_TC21","ICR_753"
"3651","chr11",122557078,122557079,"chr11",122556793,122557198,"cg17008282_BC21","ICR_753"
"3652","chr11",122557197,122557198,"chr11",122556793,122557198,"cg17008283_BC21","ICR_753"
"3653","chr11",128451853,128451854,"chr11",128451853,128452036,"cg10334741_TC11","ICR_754"
"3654","chr11",128451856,128451857,"chr11",128451853,128452036,"cg17068681_BC11","ICR_754"
"3655","chr11",128451886,128451887,"chr11",128451853,128452036,"cg17068682_BC11","ICR_754"
"3656","chr11",128451904,128451905,"chr11",128451853,128452036,"cg17068684_TC21","ICR_754"
"3657","chr11",128451904,128451905,"chr11",128451853,128452036,"cg17068684_TC22","ICR_754"
"3658","chr11",128451925,128451926,"chr11",128451853,128452036,"cg17068685_BC11","ICR_754"
"3659","chr11",128451962,128451963,"chr11",128451853,128452036,"cg17068686_BO11","ICR_754"
"3660","chr11",128451967,128451968,"chr11",128451853,128452036,"cg17068687_BC11","ICR_754"
"3661","chr11",128451967,128451968,"chr11",128451853,128452036,"cg17068687_BC12","ICR_754"
"3662","chr11",128451974,128451975,"chr11",128451853,128452036,"cg17068688_BC11","ICR_754"
"3663","chr11",128451984,128451985,"chr11",128451853,128452036,"cg08750439_BC21","ICR_754"
"3664","chr11",128451998,128451999,"chr11",128451853,128452036,"cg17068689_TC21","ICR_754"
"3665","chr11",128452035,128452036,"chr11",128451853,128452036,"cg17068690_BO11","ICR_754"
"3666","chr11",128452035,128452036,"chr11",128451853,128452036,"cg17068690_BO12","ICR_754"
"3667","chr11",132792717,132792718,"chr11",132792675,132793068,"cg17115253_BC21","ICR_755"
"3668","chr11",132792719,132792720,"chr11",132792675,132793068,"cg17115254_BC21","ICR_755"
"3669","chr11",132792754,132792755,"chr11",132792675,132793068,"cg17115255_TC21","ICR_755"
"3670","chr11",132792848,132792849,"chr11",132792675,132793068,"cg17115257_TC21","ICR_755"
"3671","chr11",132792857,132792858,"chr11",132792675,132793068,"cg17115260_BC21","ICR_755"
"3672","chr11",132792872,132792873,"chr11",132792675,132793068,"cg17115261_TC21","ICR_755"
"3673","chr11",132792923,132792924,"chr11",132792675,132793068,"cg17115262_BC21","ICR_755"
"3674","chr11",132792961,132792962,"chr11",132792675,132793068,"cg17115263_TC21","ICR_755"
"3675","chr11",132792970,132792971,"chr11",132792675,132793068,"cg12156287_BC21","ICR_755"
"3676","chr11",132793011,132793012,"chr11",132792675,132793068,"cg17115264_BC21","ICR_755"
"3677","chr11",132793016,132793017,"chr11",132792675,132793068,"cg17115265_TC21","ICR_755"
"3678","chr11",132793023,132793024,"chr11",132792675,132793068,"cg17115266_TC21","ICR_755"
"3679","chr11",132793023,132793024,"chr11",132792675,132793068,"cg17115266_TC22","ICR_755"
"3680","chr11",132793026,132793027,"chr11",132792675,132793068,"cg17115267_BC21","ICR_755"
"3681","chr11",132793056,132793057,"chr11",132792675,132793068,"cg17115268_TC11","ICR_755"
"3682","chr11",133081885,133081886,"chr11",133081839,133082221,"cg17118385_BO11","ICR_756"
"3683","chr11",133081891,133081892,"chr11",133081839,133082221,"cg17118386_TO11","ICR_756"
"3684","chr11",133081942,133081943,"chr11",133081839,133082221,"cg24829292_TC21","ICR_756"
"3685","chr11",133081948,133081949,"chr11",133081839,133082221,"cg17118387_BC11","ICR_756"
"3686","chr11",133081948,133081949,"chr11",133081839,133082221,"cg17118387_BC12","ICR_756"
"3687","chr11",133081950,133081951,"chr11",133081839,133082221,"cg17118388_TC21","ICR_756"
"3688","chr11",133081965,133081966,"chr11",133081839,133082221,"cg22629528_TC21","ICR_756"
"3689","chr11",133081965,133081966,"chr11",133081839,133082221,"cg22629528_TC22","ICR_756"
"3690","chr11",133081981,133081982,"chr11",133081839,133082221,"cg17118389_TC11","ICR_756"
"3691","chr11",133082003,133082004,"chr11",133081839,133082221,"cg17118390_TC11","ICR_756"
"3692","chr11",133082003,133082004,"chr11",133081839,133082221,"cg17118390_TC12","ICR_756"
"3693","chr11",133082024,133082025,"chr11",133081839,133082221,"cg17118392_TC11","ICR_756"
"3694","chr11",133082039,133082040,"chr11",133081839,133082221,"cg17118394_TC11","ICR_756"
"3695","chr11",133082041,133082042,"chr11",133081839,133082221,"cg17118395_TC11","ICR_756"
"3696","chr11",133082098,133082099,"chr11",133081839,133082221,"cg17118398_BC11","ICR_756"
"3697","chr11",133082215,133082216,"chr11",133081839,133082221,"cg17118406_BC21","ICR_756"
"3698","chr11",133222418,133222419,"chr11",133222317,133222823,"cg17120014_BC21","ICR_757"
"3699","chr11",133222457,133222458,"chr11",133222317,133222823,"cg17120015_TC21","ICR_757"
"3700","chr11",133222470,133222471,"chr11",133222317,133222823,"cg17120016_BC21","ICR_757"
"3701","chr11",133222526,133222527,"chr11",133222317,133222823,"cg17120017_TC21","ICR_757"
"3702","chr11",133222638,133222639,"chr11",133222317,133222823,"cg17120018_BC21","ICR_757"
"3703","chr11",133222788,133222789,"chr11",133222317,133222823,"cg17120019_TO21","ICR_757"
"3704","chr11",133222817,133222818,"chr11",133222317,133222823,"cg17120020_TC21","ICR_757"
"3705","chr11",133222822,133222823,"chr11",133222317,133222823,"cg17120021_BC21","ICR_757"
"3706","chr11",134466597,134466598,"chr11",134466581,134466996,"cg17137313_TC11","ICR_758"
"3707","chr11",134466600,134466601,"chr11",134466581,134466996,"cg17137314_TC11","ICR_758"
"3708","chr11",134466604,134466605,"chr11",134466581,134466996,"cg17137315_BC11","ICR_758"
"3709","chr11",134466606,134466607,"chr11",134466581,134466996,"cg17137316_BC11","ICR_758"
"3710","chr11",134466642,134466643,"chr11",134466581,134466996,"cg17137317_BC21","ICR_758"
"3711","chr11",134466724,134466725,"chr11",134466581,134466996,"cg17137318_BC21","ICR_758"
"3712","chr11",134466732,134466733,"chr11",134466581,134466996,"cg17137319_BC21","ICR_758"
"3713","chr11",134466812,134466813,"chr11",134466581,134466996,"cg17137321_TO11","ICR_758"
"3714","chr11",134466842,134466843,"chr11",134466581,134466996,"cg17137322_TC21","ICR_758"
"3715","chr11",134852119,134852120,"chr11",134851894,134852132,"cg17142563_TC11","ICR_759"
"3716","chr11",134852131,134852132,"chr11",134851894,134852132,"cg17142564_BC21","ICR_759"
"3717","chr12",199249,199250,"chr12",199249,199841,"cg17148337_BC21","ICR_760"
"3718","chr12",199405,199406,"chr12",199249,199841,"cg17148338_TC21","ICR_760"
"3719","chr12",199496,199497,"chr12",199249,199841,"cg17148340_BC11","ICR_760"
"3720","chr12",199500,199501,"chr12",199249,199841,"cg17148341_BC11","ICR_760"
"3721","chr12",199508,199509,"chr12",199249,199841,"cg17148342_TC11","ICR_760"
"3722","chr12",199555,199556,"chr12",199249,199841,"cg10941635_BC21","ICR_760"
"3723","chr12",199558,199559,"chr12",199249,199841,"cg17148343_TC21","ICR_760"
"3724","chr12",199590,199591,"chr12",199249,199841,"cg17148344_TC21","ICR_760"
"3725","chr12",199654,199655,"chr12",199249,199841,"cg21528927_BC21","ICR_760"
"3726","chr12",199691,199692,"chr12",199249,199841,"cg17148345_BC21","ICR_760"
"3727","chr12",199738,199739,"chr12",199249,199841,"cg17148346_BC21","ICR_760"
"3728","chr12",199840,199841,"chr12",199249,199841,"cg17148347_TC21","ICR_760"
"3729","chr12",3420936,3420937,"chr12",3420936,3421557,"cg17195447_BC21","ICR_761"
"3730","chr12",3420969,3420970,"chr12",3420936,3421557,"cg17195448_TC21","ICR_761"
"3731","chr12",3421027,3421028,"chr12",3420936,3421557,"cg17195449_TC21","ICR_761"
"3732","chr12",3421193,3421194,"chr12",3420936,3421557,"cg17195451_BC21","ICR_761"
"3733","chr12",3421219,3421220,"chr12",3420936,3421557,"cg17195452_BC21","ICR_761"
"3734","chr12",3421228,3421229,"chr12",3420936,3421557,"cg17195453_TC21","ICR_761"
"3735","chr12",3421315,3421316,"chr12",3420936,3421557,"cg17195454_BC21","ICR_761"
"3736","chr12",3421343,3421344,"chr12",3420936,3421557,"cg17195455_BC21","ICR_761"
"3737","chr12",3421493,3421494,"chr12",3420936,3421557,"cg17195457_TC21","ICR_761"
"3738","chr12",3421524,3421525,"chr12",3420936,3421557,"cg17195458_BC21","ICR_761"
"3739","chr12",3421556,3421557,"chr12",3420936,3421557,"cg17195459_TC21","ICR_761"
"3740","chr12",7639922,7639923,"chr12",7639802,7640300,"cg17248159_BC11","ICR_762"
"3741","chr12",7640252,7640253,"chr12",7639802,7640300,"cg17248193_TC11","ICR_762"
"3742","chr12",7640252,7640253,"chr12",7639802,7640300,"cg17248193_TC12","ICR_762"
"3743","chr12",7640299,7640300,"chr12",7639802,7640300,"cg17248194_TC21","ICR_762"
"3744","chr12",8227144,8227145,"chr12",8227097,8227983,"cg17257371_TC21","ICR_763"
"3745","chr12",8227221,8227222,"chr12",8227097,8227983,"cg17257372_TO11","ICR_763"
"3746","chr12",8227221,8227222,"chr12",8227097,8227983,"cg17257372_TO12","ICR_763"
"3747","chr12",8227313,8227314,"chr12",8227097,8227983,"cg17257375_TC21","ICR_763"
"3748","chr12",8227394,8227395,"chr12",8227097,8227983,"cg17257379_TC21","ICR_763"
"3749","chr12",8227404,8227405,"chr12",8227097,8227983,"cg10983929_BC21","ICR_763"
"3750","chr12",8227415,8227416,"chr12",8227097,8227983,"cg17257380_BC21","ICR_763"
"3751","chr12",8227453,8227454,"chr12",8227097,8227983,"cg09079252_TC11","ICR_763"
"3752","chr12",8227457,8227458,"chr12",8227097,8227983,"cg17257381_BC21","ICR_763"
"3753","chr12",8227530,8227531,"chr12",8227097,8227983,"cg21787889_BC21","ICR_763"
"3754","chr12",8227530,8227531,"chr12",8227097,8227983,"cg21787889_BC22","ICR_763"
"3755","chr12",8227566,8227567,"chr12",8227097,8227983,"cg17257384_TC21","ICR_763"
"3756","chr12",8227596,8227597,"chr12",8227097,8227983,"cg17257385_BC21","ICR_763"
"3757","chr12",8227596,8227597,"chr12",8227097,8227983,"cg17257385_BC22","ICR_763"
"3758","chr12",8227689,8227690,"chr12",8227097,8227983,"cg15878909_TC21","ICR_763"
"3759","chr12",8227875,8227876,"chr12",8227097,8227983,"cg19341992_TC21","ICR_763"
"3760","chr12",8227875,8227876,"chr12",8227097,8227983,"cg19341992_TC22","ICR_763"
"3761","chr12",8227877,8227878,"chr12",8227097,8227983,"cg17257390_TC11","ICR_763"
"3762","chr12",9943259,9943260,"chr12",9943208,9943571,"cg17275565_BC21","ICR_764"
"3763","chr12",9943259,9943260,"chr12",9943208,9943571,"cg17275565_BC22","ICR_764"
"3764","chr12",9943320,9943321,"chr12",9943208,9943571,"cg17275567_BC21","ICR_764"
"3765","chr12",9943320,9943321,"chr12",9943208,9943571,"cg17275567_BC22","ICR_764"
"3766","chr12",9943395,9943396,"chr12",9943208,9943571,"cg17275569_TC21","ICR_764"
"3767","chr12",9943452,9943453,"chr12",9943208,9943571,"cg17275571_BC21","ICR_764"
"3768","chr12",9943460,9943461,"chr12",9943208,9943571,"cg17275572_TC11","ICR_764"
"3769","chr12",9943484,9943485,"chr12",9943208,9943571,"cg17275574_BC11","ICR_764"
"3770","chr12",9943484,9943485,"chr12",9943208,9943571,"cg17275574_BC12","ICR_764"
"3771","chr12",9943498,9943499,"chr12",9943208,9943571,"cg17275575_BC21","ICR_764"
"3772","chr12",9943512,9943513,"chr12",9943208,9943571,"cg13944507_TC21","ICR_764"
"3773","chr12",9943518,9943519,"chr12",9943208,9943571,"cg19651757_TC21","ICR_764"
"3774","chr12",9943543,9943544,"chr12",9943208,9943571,"cg17275576_BC21","ICR_764"
"3775","chr12",31119177,31119178,"chr12",31119106,31120320,"cg17292337_TC21","ICR_766"
"3776","chr12",31119177,31119178,"chr12",31119106,31120320,"cg17292337_TC22","ICR_766"
"3777","chr12",31119179,31119180,"chr12",31119106,31120320,"cg10317314_BC11","ICR_766"
"3778","chr12",31119179,31119180,"chr12",31119106,31120320,"cg10317314_BC12","ICR_766"
"3779","chr12",31119417,31119418,"chr12",31119106,31120320,"cg17437896_TO11","ICR_766"
"3780","chr12",31119473,31119474,"chr12",31119106,31120320,"cg17437899_TC11","ICR_766"
"3781","chr12",31119659,31119660,"chr12",31119106,31120320,"cg17437910_BO11","ICR_766"
"3782","chr12",31119713,31119714,"chr12",31119106,31120320,"cg17437912_TC11","ICR_766"
"3783","chr12",31119713,31119714,"chr12",31119106,31120320,"cg17437912_TC12","ICR_766"
"3784","chr12",31119949,31119950,"chr12",31119106,31120320,"cg17437926_BC11","ICR_766"
"3785","chr12",31120055,31120056,"chr12",31119106,31120320,"cg17437931_TC11","ICR_766"
"3786","chr12",31120055,31120056,"chr12",31119106,31120320,"cg17437931_TC12","ICR_766"
"3787","chr12",31120064,31120065,"chr12",31119106,31120320,"cg17437932_BC11","ICR_766"
"3788","chr12",31120064,31120065,"chr12",31119106,31120320,"cg17437932_BC12","ICR_766"
"3789","chr12",31120129,31120130,"chr12",31119106,31120320,"cg17437935_BO11","ICR_766"
"3790","chr12",31120207,31120208,"chr12",31119106,31120320,"cg17437940_TO11","ICR_766"
"3791","chr12",31120513,31120514,"chr12",31120458,31120874,"cg17437962_BC21","ICR_767"
"3792","chr12",31120589,31120590,"chr12",31120458,31120874,"cg17437964_TC11","ICR_767"
"3793","chr12",31120589,31120590,"chr12",31120458,31120874,"cg17437964_TC12","ICR_767"
"3794","chr12",31120592,31120593,"chr12",31120458,31120874,"cg17437965_TC21","ICR_767"
"3795","chr12",31120592,31120593,"chr12",31120458,31120874,"cg17437965_TC22","ICR_767"
"3796","chr12",31120624,31120625,"chr12",31120458,31120874,"cg17437967_TC21","ICR_767"
"3797","chr12",31120624,31120625,"chr12",31120458,31120874,"cg17437967_TC22","ICR_767"
"3798","chr12",31120671,31120672,"chr12",31120458,31120874,"cg17437969_TO11","ICR_767"
"3799","chr12",31120692,31120693,"chr12",31120458,31120874,"cg17437970_TC21","ICR_767"
"3800","chr12",31120692,31120693,"chr12",31120458,31120874,"cg17437970_TC22","ICR_767"
"3801","chr12",31120714,31120715,"chr12",31120458,31120874,"cg17437971_BC21","ICR_767"
"3802","chr12",31120742,31120743,"chr12",31120458,31120874,"cg17437972_BO11","ICR_767"
"3803","chr12",34331949,34331950,"chr12",34331949,34332139,"cg17470089_TC21","ICR_768"
"3804","chr12",34332032,34332033,"chr12",34331949,34332139,"cg17470092_BC11","ICR_768"
"3805","chr12",34332032,34332033,"chr12",34331949,34332139,"cg17470092_BC12","ICR_768"
"3806","chr12",34332064,34332065,"chr12",34331949,34332139,"cg17470093_TC11","ICR_768"
"3807","chr12",34332072,34332073,"chr12",34331949,34332139,"cg17470094_TC11","ICR_768"
"3808","chr12",34332107,34332108,"chr12",34331949,34332139,"cg17470097_TC11","ICR_768"
"3809","chr12",34342776,34342777,"chr12",34342776,34342848,"cg17470663_TC21","ICR_770"
"3810","chr12",34342776,34342777,"chr12",34342776,34342848,"cg17470663_TC22","ICR_770"
"3811","chr12",34342778,34342779,"chr12",34342776,34342848,"cg17470664_BC11","ICR_770"
"3812","chr12",34342778,34342779,"chr12",34342776,34342848,"cg17470664_BC12","ICR_770"
"3813","chr12",34342847,34342848,"chr12",34342776,34342848,"cg17470669_BC11","ICR_770"
"3814","chr12",34346734,34346735,"chr12",34346703,34346757,"cg17470919_TO11","ICR_771"
"3815","chr12",34346750,34346751,"chr12",34346703,34346757,"cg17470922_TO11","ICR_771"
"3816","chr12",34353478,34353479,"chr12",34353478,34353547,"cg17471287_TO11","ICR_772"
"3817","chr12",34353486,34353487,"chr12",34353478,34353547,"cg17471288_TC11","ICR_772"
"3818","chr12",34353486,34353487,"chr12",34353478,34353547,"cg17471288_TC12","ICR_772"
"3819","chr12",34353538,34353539,"chr12",34353478,34353547,"cg17471290_BC21","ICR_772"
"3820","chr12",34353538,34353539,"chr12",34353478,34353547,"cg17471290_BC22","ICR_772"
"3821","chr12",34353544,34353545,"chr12",34353478,34353547,"cg17471291_TO11","ICR_772"
"3822","chr12",34353546,34353547,"chr12",34353478,34353547,"cg17471292_BC11","ICR_772"
"3823","chr12",34353546,34353547,"chr12",34353478,34353547,"cg17471292_BC12","ICR_772"
"3824","chr12",34354583,34354584,"chr12",34354540,34354645,"cg17471346_TC11","ICR_773"
"3825","chr12",34354617,34354618,"chr12",34354540,34354645,"cg17471348_TO11","ICR_773"
"3826","chr12",34374082,34374083,"chr12",34374082,34374112,"cg17472270_TC21","ICR_774"
"3827","chr12",34374090,34374091,"chr12",34374082,34374112,"cg17472272_BC11","ICR_774"
"3828","chr12",34374107,34374108,"chr12",34374082,34374112,"cg17472273_TC11","ICR_774"
"3829","chr12",34374107,34374108,"chr12",34374082,34374112,"cg17472273_TC12","ICR_774"
"3830","chr12",34374111,34374112,"chr12",34374082,34374112,"cg17472274_TO11","ICR_774"
"3831","chr12",34602012,34602013,"chr12",34602002,34602191,"cg19839698_BC21","ICR_775"
"3832","chr12",34602072,34602073,"chr12",34602002,34602191,"cg17474685_TC21","ICR_775"
"3833","chr12",34602072,34602073,"chr12",34602002,34602191,"cg17474685_TC22","ICR_775"
"3834","chr12",34602087,34602088,"chr12",34602002,34602191,"cg17474686_TC21","ICR_775"
"3835","chr12",34602113,34602114,"chr12",34602002,34602191,"cg18047890_BC21","ICR_775"
"3836","chr12",34602146,34602147,"chr12",34602002,34602191,"cg17474687_BC21","ICR_775"
"3837","chr12",34602172,34602173,"chr12",34602002,34602191,"cg17474688_TC21","ICR_775"
"3838","chr12",34602190,34602191,"chr12",34602002,34602191,"cg22538757_BC11","ICR_775"
"3839","chr12",37323138,37323139,"chr12",37323064,37323465,"cg17488630_BC21","ICR_776"
"3840","chr12",37323234,37323235,"chr12",37323064,37323465,"cg17488631_BC21","ICR_776"
"3841","chr12",37323414,37323415,"chr12",37323064,37323465,"cg17488633_TC21","ICR_776"
"3842","chr12",37568771,37568772,"chr12",37568771,37569243,"cg17490883_TC21","ICR_777"
"3843","chr12",37569242,37569243,"chr12",37568771,37569243,"cg17490888_BC21","ICR_777"
"3844","chr12",37569242,37569243,"chr12",37568771,37569243,"cg17490888_BC22","ICR_777"
"3845","chr12",38053777,38053778,"chr12",38053777,38053848,"cg17493881_TO11","ICR_778"
"3846","chr12",38053833,38053834,"chr12",38053777,38053848,"cg23668907_BC11","ICR_778"
"3847","chr12",38053837,38053838,"chr12",38053777,38053848,"cg17493886_TC11","ICR_778"
"3848","chr12",38053847,38053848,"chr12",38053777,38053848,"cg17493887_TC21","ICR_778"
"3849","chr12",38053847,38053848,"chr12",38053777,38053848,"cg17493887_TC22","ICR_778"
"3850","chr12",49543393,49543394,"chr12",49543393,49543481,"cg17584677_TC21","ICR_779"
"3851","chr12",49543448,49543449,"chr12",49543393,49543481,"cg17584679_TC21","ICR_779"
"3852","chr12",49543462,49543463,"chr12",49543393,49543481,"cg17584680_TC21","ICR_779"
"3853","chr12",49543466,49543467,"chr12",49543393,49543481,"cg17584681_TC11","ICR_779"
"3854","chr12",49543480,49543481,"chr12",49543393,49543481,"cg17584684_TO11","ICR_779"
"3855","chr12",51888212,51888213,"chr12",51888212,51888322,"cg17424856_BC21","ICR_780"
"3856","chr12",51888212,51888213,"chr12",51888212,51888322,"cg17424856_BC22","ICR_780"
"3857","chr12",51888273,51888274,"chr12",51888212,51888322,"cg17615060_TC21","ICR_780"
"3858","chr12",51888273,51888274,"chr12",51888212,51888322,"cg17615060_TC22","ICR_780"
"3859","chr12",51888275,51888276,"chr12",51888212,51888322,"cg17615062_TC21","ICR_780"
"3860","chr12",51888275,51888276,"chr12",51888212,51888322,"cg17615062_TC22","ICR_780"
"3861","chr12",51888296,51888297,"chr12",51888212,51888322,"cg17615064_TC11","ICR_780"
"3862","chr12",51888296,51888297,"chr12",51888212,51888322,"cg17615064_TC12","ICR_780"
"3863","chr12",52193632,52193633,"chr12",52193632,52194445,"cg17620455_BO11","ICR_781"
"3864","chr12",52193677,52193678,"chr12",52193632,52194445,"cg17620456_TC21","ICR_781"
"3865","chr12",52193856,52193857,"chr12",52193632,52194445,"cg17620458_TC21","ICR_781"
"3866","chr12",52193999,52194000,"chr12",52193632,52194445,"cg17620460_BC21","ICR_781"
"3867","chr12",52194015,52194016,"chr12",52193632,52194445,"cg17620461_TC21","ICR_781"
"3868","chr12",52194021,52194022,"chr12",52193632,52194445,"cg17620462_BC11","ICR_781"
"3869","chr12",52194025,52194026,"chr12",52193632,52194445,"cg17620463_TC11","ICR_781"
"3870","chr12",52194025,52194026,"chr12",52193632,52194445,"cg17620463_TC12","ICR_781"
"3871","chr12",52194198,52194199,"chr12",52193632,52194445,"cg11199066_TC21","ICR_781"
"3872","chr12",52194296,52194297,"chr12",52193632,52194445,"cg17620464_TC21","ICR_781"
"3873","chr12",52321265,52321266,"chr12",52321079,52321266,"cg16160105_TC21","ICR_782"
"3874","chr12",54133178,54133179,"chr12",54133067,54133783,"cg17647692_TC21","ICR_783"
"3875","chr12",54133383,54133384,"chr12",54133067,54133783,"cg17647694_BC21","ICR_783"
"3876","chr12",54133407,54133408,"chr12",54133067,54133783,"cg17647695_BO11","ICR_783"
"3877","chr12",54133436,54133437,"chr12",54133067,54133783,"cg17647696_BC21","ICR_783"
"3878","chr12",54133450,54133451,"chr12",54133067,54133783,"cg17647697_TC21","ICR_783"
"3879","chr12",54133700,54133701,"chr12",54133067,54133783,"cg17647699_BC21","ICR_783"
"3880","chr12",55996579,55996580,"chr12",55996579,55996638,"cg17664963_BC11","ICR_784"
"3881","chr12",55996579,55996580,"chr12",55996579,55996638,"cg17664963_BC12","ICR_784"
"3882","chr12",55996588,55996589,"chr12",55996579,55996638,"cg17664964_BC11","ICR_784"
"3883","chr12",55996601,55996602,"chr12",55996579,55996638,"cg17664965_TC11","ICR_784"
"3884","chr12",67719537,67719538,"chr12",67719458,67719604,"cg17761457_TC11","ICR_785"
"3885","chr12",79710740,79710741,"chr12",79710740,79711075,"cg17841504_TC21","ICR_787"
"3886","chr12",79710770,79710771,"chr12",79710740,79711075,"cg17841505_TC21","ICR_787"
"3887","chr12",79710797,79710798,"chr12",79710740,79711075,"cg17841506_BC11","ICR_787"
"3888","chr12",79710813,79710814,"chr12",79710740,79711075,"cg17841507_TC11","ICR_787"
"3889","chr12",79710815,79710816,"chr12",79710740,79711075,"cg17841508_TC21","ICR_787"
"3890","chr12",79710836,79710837,"chr12",79710740,79711075,"cg17841509_TC11","ICR_787"
"3891","chr12",79711018,79711019,"chr12",79710740,79711075,"cg22171314_BC11","ICR_787"
"3892","chr12",79711018,79711019,"chr12",79710740,79711075,"cg22171314_BC12","ICR_787"
"3893","chr12",80513005,80513006,"chr12",80513005,80513314,"cg17846759_TC21","ICR_788"
"3894","chr12",80513058,80513059,"chr12",80513005,80513314,"cg17846760_TC21","ICR_788"
"3895","chr12",80513135,80513136,"chr12",80513005,80513314,"cg17846763_TC21","ICR_788"
"3896","chr12",80513200,80513201,"chr12",80513005,80513314,"cg17846765_TC21","ICR_788"
"3897","chr12",80513217,80513218,"chr12",80513005,80513314,"cg17846766_BC21","ICR_788"
"3898","chr12",92503488,92503489,"chr12",92503488,92504056,"cg17914925_TC21","ICR_789"
"3899","chr12",92503542,92503543,"chr12",92503488,92504056,"cg17914926_TC21","ICR_789"
"3900","chr12",92503558,92503559,"chr12",92503488,92504056,"cg17914928_TC21","ICR_789"
"3901","chr12",92503622,92503623,"chr12",92503488,92504056,"cg17914929_BC21","ICR_789"
"3902","chr12",92503672,92503673,"chr12",92503488,92504056,"cg17914930_BC21","ICR_789"
"3903","chr12",92503693,92503694,"chr12",92503488,92504056,"cg17914931_TC21","ICR_789"
"3904","chr12",92503872,92503873,"chr12",92503488,92504056,"cg17914932_TC21","ICR_789"
"3905","chr12",92504008,92504009,"chr12",92503488,92504056,"cg17914933_BC21","ICR_789"
"3906","chr12",92504055,92504056,"chr12",92503488,92504056,"cg15319402_TC21","ICR_789"
"3907","chr12",93894576,93894577,"chr12",93894576,93894889,"cg17926831_TC21","ICR_790"
"3908","chr12",93894576,93894577,"chr12",93894576,93894889,"cg17926831_TC22","ICR_790"
"3909","chr12",93894585,93894586,"chr12",93894576,93894889,"cg17926832_TC21","ICR_790"
"3910","chr12",93894585,93894586,"chr12",93894576,93894889,"cg17926832_TC22","ICR_790"
"3911","chr12",93894597,93894598,"chr12",93894576,93894889,"cg17926833_TC21","ICR_790"
"3912","chr12",93894633,93894634,"chr12",93894576,93894889,"cg17926834_TC21","ICR_790"
"3913","chr12",93894713,93894714,"chr12",93894576,93894889,"cg17926835_BO21","ICR_790"
"3914","chr12",93894724,93894725,"chr12",93894576,93894889,"cg17926836_TO11","ICR_790"
"3915","chr12",93894724,93894725,"chr12",93894576,93894889,"cg17926836_TO12","ICR_790"
"3916","chr12",93894776,93894777,"chr12",93894576,93894889,"cg25006194_TC21","ICR_790"
"3917","chr12",93894782,93894783,"chr12",93894576,93894889,"cg17926839_BC21","ICR_790"
"3918","chr12",93894790,93894791,"chr12",93894576,93894889,"cg17926840_BC21","ICR_790"
"3919","chr12",93894832,93894833,"chr12",93894576,93894889,"cg17926842_BC21","ICR_790"
"3920","chr12",94261975,94261976,"chr12",94261975,94262639,"cg17930312_BC21","ICR_791"
"3921","chr12",94262015,94262016,"chr12",94261975,94262639,"cg17930313_BO11","ICR_791"
"3922","chr12",94262275,94262276,"chr12",94261975,94262639,"cg17930314_BC21","ICR_791"
"3923","chr12",94262473,94262474,"chr12",94261975,94262639,"cg12224375_TC21","ICR_791"
"3924","chr12",94262538,94262539,"chr12",94261975,94262639,"cg17930315_BC21","ICR_791"
"3925","chr12",94262543,94262544,"chr12",94261975,94262639,"cg17930316_TC21","ICR_791"
"3926","chr12",94262567,94262568,"chr12",94261975,94262639,"cg17930317_BC11","ICR_791"
"3927","chr12",94262572,94262573,"chr12",94261975,94262639,"cg17930318_BC11","ICR_791"
"3928","chr12",94262577,94262578,"chr12",94261975,94262639,"cg17930319_TC11","ICR_791"
"3929","chr12",94262605,94262606,"chr12",94261975,94262639,"cg17930320_BC11","ICR_791"
"3930","chr12",94262608,94262609,"chr12",94261975,94262639,"cg17930321_TC21","ICR_791"
"3931","chr12",94262608,94262609,"chr12",94261975,94262639,"cg17930321_TC22","ICR_791"
"3932","chr12",94262638,94262639,"chr12",94261975,94262639,"cg17930322_BC21","ICR_791"
"3933","chr12",104506678,104506679,"chr12",104506678,104507259,"cg18015605_BC21","ICR_792"
"3934","chr12",104506678,104506679,"chr12",104506678,104507259,"cg18015605_BC22","ICR_792"
"3935","chr12",104506696,104506697,"chr12",104506678,104507259,"cg18015606_TC21","ICR_792"
"3936","chr12",104506716,104506717,"chr12",104506678,104507259,"cg18015607_TC21","ICR_792"
"3937","chr12",104506716,104506717,"chr12",104506678,104507259,"cg18015607_TC22","ICR_792"
"3938","chr12",104506757,104506758,"chr12",104506678,104507259,"cg18015608_TC21","ICR_792"
"3939","chr12",104506811,104506812,"chr12",104506678,104507259,"cg18015609_BC21","ICR_792"
"3940","chr12",104506880,104506881,"chr12",104506678,104507259,"cg18015610_BC21","ICR_792"
"3941","chr12",104507012,104507013,"chr12",104506678,104507259,"cg18015611_BC21","ICR_792"
"3942","chr12",104507012,104507013,"chr12",104506678,104507259,"cg18015611_BC22","ICR_792"
"3943","chr12",104507155,104507156,"chr12",104506678,104507259,"cg18015613_TC11","ICR_792"
"3944","chr12",104507168,104507169,"chr12",104506678,104507259,"cg18015614_BC21","ICR_792"
"3945","chr12",104507184,104507185,"chr12",104506678,104507259,"cg18015615_TC21","ICR_792"
"3946","chr12",104507184,104507185,"chr12",104506678,104507259,"cg18015615_TC22","ICR_792"
"3947","chr12",104507208,104507209,"chr12",104506678,104507259,"cg18015616_TC21","ICR_792"
"3948","chr12",104507223,104507224,"chr12",104506678,104507259,"cg18015617_TC21","ICR_792"
"3949","chr12",104507223,104507224,"chr12",104506678,104507259,"cg18015617_TC22","ICR_792"
"3950","chr12",104507258,104507259,"chr12",104506678,104507259,"cg18015618_BC21","ICR_792"
"3951","chr12",108768487,108768488,"chr12",108768487,108768569,"cg18055349_BC21","ICR_793"
"3952","chr12",108768487,108768488,"chr12",108768487,108768569,"cg18055349_BC22","ICR_793"
"3953","chr12",108768498,108768499,"chr12",108768487,108768569,"cg18055350_TC21","ICR_793"
"3954","chr12",108768549,108768550,"chr12",108768487,108768569,"cg18055351_TO11","ICR_793"
"3955","chr12",108768549,108768550,"chr12",108768487,108768569,"cg18055351_TO12","ICR_793"
"3956","chr12",108768556,108768557,"chr12",108768487,108768569,"cg18055352_TO11","ICR_793"
"3957","chr12",108768568,108768569,"chr12",108768487,108768569,"cg18055353_BO11","ICR_793"
"3958","chr12",108768568,108768569,"chr12",108768487,108768569,"cg18055353_BO12","ICR_793"
"3959","chr12",110247426,110247427,"chr12",110247426,110248050,"cg18076462_BC21","ICR_794"
"3960","chr12",110247484,110247485,"chr12",110247426,110248050,"cg18076463_TC21","ICR_794"
"3961","chr12",110247632,110247633,"chr12",110247426,110248050,"cg09579989_TC21","ICR_794"
"3962","chr12",110247658,110247659,"chr12",110247426,110248050,"cg18076464_BC21","ICR_794"
"3963","chr12",110247815,110247816,"chr12",110247426,110248050,"cg18076467_TC21","ICR_794"
"3964","chr12",110247944,110247945,"chr12",110247426,110248050,"cg18076468_TC21","ICR_794"
"3965","chr12",110247944,110247945,"chr12",110247426,110248050,"cg18076468_TC22","ICR_794"
"3966","chr12",110247989,110247990,"chr12",110247426,110248050,"cg18076469_TC21","ICR_794"
"3967","chr12",110248020,110248021,"chr12",110247426,110248050,"cg18076470_BC21","ICR_794"
"3968","chr12",110248049,110248050,"chr12",110247426,110248050,"cg18076471_BC21","ICR_794"
"3969","chr12",110501125,110501126,"chr12",110501048,110501164,"cg18080695_BC11","ICR_795"
"3970","chr12",110501125,110501126,"chr12",110501048,110501164,"cg18080695_BC12","ICR_795"
"3971","chr12",110501131,110501132,"chr12",110501048,110501164,"cg18080696_TC11","ICR_795"
"3972","chr12",110501133,110501134,"chr12",110501048,110501164,"cg18080697_BC11","ICR_795"
"3973","chr12",110501133,110501134,"chr12",110501048,110501164,"cg18080697_BC12","ICR_795"
"3974","chr12",110501155,110501156,"chr12",110501048,110501164,"cg18080698_TC11","ICR_795"
"3975","chr12",110501163,110501164,"chr12",110501048,110501164,"cg18080699_TC21","ICR_795"
"3976","chr12",111037274,111037275,"chr12",111037274,111037366,"cg18088303_BC11","ICR_796"
"3977","chr12",111037274,111037275,"chr12",111037274,111037366,"cg18088303_BC12","ICR_796"
"3978","chr12",111037288,111037289,"chr12",111037274,111037366,"cg18088304_BC11","ICR_796"
"3979","chr12",111037294,111037295,"chr12",111037274,111037366,"cg18088305_BC21","ICR_796"
"3980","chr12",111037314,111037315,"chr12",111037274,111037366,"cg18088306_BC21","ICR_796"
"3981","chr12",111037317,111037318,"chr12",111037274,111037366,"cg18088307_BC21","ICR_796"
"3982","chr12",111037323,111037324,"chr12",111037274,111037366,"cg16289485_BC21","ICR_796"
"3983","chr12",111037323,111037324,"chr12",111037274,111037366,"cg16289485_BC22","ICR_796"
"3984","chr12",111037365,111037366,"chr12",111037274,111037366,"cg18088308_TC11","ICR_796"
"3985","chr12",113766061,113766062,"chr12",113766061,113766194,"cg18125515_TC21","ICR_797"
"3986","chr12",113766061,113766062,"chr12",113766061,113766194,"cg18125515_TC22","ICR_797"
"3987","chr12",113766091,113766092,"chr12",113766061,113766194,"cg18125516_BC21","ICR_797"
"3988","chr12",113766155,113766156,"chr12",113766061,113766194,"cg20736031_BC11","ICR_797"
"3989","chr12",113766171,113766172,"chr12",113766061,113766194,"cg18125523_TC11","ICR_797"
"3990","chr12",118106391,118106392,"chr12",118106391,118106759,"cg18175971_TC21","ICR_798"
"3991","chr12",118106684,118106685,"chr12",118106391,118106759,"cg18175975_BC21","ICR_798"
"3992","chr12",124259430,124259431,"chr12",124259430,124259804,"cg18272955_TC21","ICR_799"
"3993","chr12",124259694,124259695,"chr12",124259430,124259804,"cg18272956_TC21","ICR_799"
"3994","chr12",124259714,124259715,"chr12",124259430,124259804,"cg19781462_TC21","ICR_799"
"3995","chr12",124259767,124259768,"chr12",124259430,124259804,"cg18272961_TO11","ICR_799"
"3996","chr12",124369461,124369462,"chr12",124369461,124369821,"cg18275612_TC11","ICR_800"
"3997","chr12",124369474,124369475,"chr12",124369461,124369821,"cg18275613_BC21","ICR_800"
"3998","chr12",124369478,124369479,"chr12",124369461,124369821,"cg18275614_TC21","ICR_800"
"3999","chr12",124369614,124369615,"chr12",124369461,124369821,"cg18275630_TC21","ICR_800"
"4000","chr12",124369614,124369615,"chr12",124369461,124369821,"cg18275630_TC22","ICR_800"
"4001","chr12",124369645,124369646,"chr12",124369461,124369821,"cg18275631_BC11","ICR_800"
"4002","chr12",124369678,124369679,"chr12",124369461,124369821,"cg18275632_TC11","ICR_800"
"4003","chr12",124369696,124369697,"chr12",124369461,124369821,"cg18275633_BC21","ICR_800"
"4004","chr12",124369705,124369706,"chr12",124369461,124369821,"cg18275634_TC21","ICR_800"
"4005","chr12",124369705,124369706,"chr12",124369461,124369821,"cg18275634_TC22","ICR_800"
"4006","chr12",124369735,124369736,"chr12",124369461,124369821,"cg16496462_BC11","ICR_800"
"4007","chr12",124369751,124369752,"chr12",124369461,124369821,"cg18275635_BO11","ICR_800"
"4008","chr12",124369787,124369788,"chr12",124369461,124369821,"cg18275636_BC21","ICR_800"
"4009","chr12",124369787,124369788,"chr12",124369461,124369821,"cg18275636_BC22","ICR_800"
"4010","chr12",124369791,124369792,"chr12",124369461,124369821,"cg18275637_TC21","ICR_800"
"4011","chr12",124369805,124369806,"chr12",124369461,124369821,"cg18275638_TC21","ICR_800"
"4012","chr12",124369805,124369806,"chr12",124369461,124369821,"cg18275638_TC22","ICR_800"
"4013","chr12",124423209,124423210,"chr12",124423209,124423379,"cg18277222_TO11","ICR_801"
"4014","chr12",124423227,124423228,"chr12",124423209,124423379,"cg18277223_TO21","ICR_801"
"4015","chr12",124423294,124423295,"chr12",124423209,124423379,"cg18277224_BC21","ICR_801"
"4016","chr12",124423302,124423303,"chr12",124423209,124423379,"cg18277226_TC11","ICR_801"
"4017","chr12",124423305,124423306,"chr12",124423209,124423379,"cg18277227_TC11","ICR_801"
"4018","chr12",124423378,124423379,"chr12",124423209,124423379,"cg18277230_TC21","ICR_801"
"4019","chr12",124759332,124759333,"chr12",124759332,124759536,"cg18284355_TC11","ICR_802"
"4020","chr12",124759344,124759345,"chr12",124759332,124759536,"cg18284356_BC21","ICR_802"
"4021","chr12",124759409,124759410,"chr12",124759332,124759536,"cg18284357_BC21","ICR_802"
"4022","chr12",124759441,124759442,"chr12",124759332,124759536,"cg18284358_TC11","ICR_802"
"4023","chr12",124759469,124759470,"chr12",124759332,124759536,"cg18284359_TC21","ICR_802"
"4024","chr12",124759519,124759520,"chr12",124759332,124759536,"cg18284360_TC11","ICR_802"
"4025","chr12",124759535,124759536,"chr12",124759332,124759536,"cg18284361_BC21","ICR_802"
"4026","chr12",125314147,125314148,"chr12",125314147,125314524,"cg18294926_TC21","ICR_803"
"4027","chr12",125314196,125314197,"chr12",125314147,125314524,"cg18294927_BC21","ICR_803"
"4028","chr12",125314223,125314224,"chr12",125314147,125314524,"cg18294928_BC11","ICR_803"
"4029","chr12",125314244,125314245,"chr12",125314147,125314524,"cg18294929_TC21","ICR_803"
"4030","chr12",125314260,125314261,"chr12",125314147,125314524,"cg18294930_BC21","ICR_803"
"4031","chr12",125314308,125314309,"chr12",125314147,125314524,"cg18294932_TC21","ICR_803"
"4032","chr12",125314341,125314342,"chr12",125314147,125314524,"cg18294933_BC21","ICR_803"
"4033","chr12",125314348,125314349,"chr12",125314147,125314524,"cg18294934_TC21","ICR_803"
"4034","chr12",125314421,125314422,"chr12",125314147,125314524,"cg18294935_TC21","ICR_803"
"4035","chr12",125314442,125314443,"chr12",125314147,125314524,"cg18294936_BC21","ICR_803"
"4036","chr12",125314523,125314524,"chr12",125314147,125314524,"cg18294937_TC21","ICR_803"
"4037","chr12",130686681,130686682,"chr12",130686670,130687021,"cg18356918_BC11","ICR_805"
"4038","chr12",130686703,130686704,"chr12",130686670,130687021,"cg18356920_TC11","ICR_805"
"4039","chr12",130686884,130686885,"chr12",130686670,130687021,"cg18356933_BC21","ICR_805"
"4040","chr12",130686898,130686899,"chr12",130686670,130687021,"cg18356934_TC21","ICR_805"
"4041","chr12",130686911,130686912,"chr12",130686670,130687021,"cg18356936_TC11","ICR_805"
"4042","chr12",130686911,130686912,"chr12",130686670,130687021,"cg18356936_TC12","ICR_805"
"4043","chr12",130686939,130686940,"chr12",130686670,130687021,"cg18356938_BC11","ICR_805"
"4044","chr12",130686954,130686955,"chr12",130686670,130687021,"cg18356941_BC11","ICR_805"
"4045","chr12",130686984,130686985,"chr12",130686670,130687021,"cg15732107_BC21","ICR_805"
"4046","chr12",130686989,130686990,"chr12",130686670,130687021,"cg18356942_TC21","ICR_805"
"4047","chr12",130687001,130687002,"chr12",130686670,130687021,"cg18356943_BC21","ICR_805"
"4048","chr12",131928301,131928302,"chr12",131928301,131928452,"cg18380712_BC11","ICR_806"
"4049","chr12",131928347,131928348,"chr12",131928301,131928452,"cg09996211_BC21","ICR_806"
"4050","chr12",132437013,132437014,"chr12",132436943,132437228,"cg26352652_TC21","ICR_807"
"4051","chr12",132437136,132437137,"chr12",132436943,132437228,"cg18395402_BC21","ICR_807"
"4052","chr12",132437168,132437169,"chr12",132436943,132437228,"cg18395403_TC21","ICR_807"
"4053","chr12",132437178,132437179,"chr12",132436943,132437228,"cg08634598_BC21","ICR_807"
"4054","chr12",132437227,132437228,"chr12",132436943,132437228,"cg18395405_BC21","ICR_807"
"4055","chr12",132514077,132514078,"chr12",132514077,132514147,"cg18398186_BC11","ICR_808"
"4056","chr12",132514103,132514104,"chr12",132514077,132514147,"cg18398187_BC11","ICR_808"
"4057","chr12",132514103,132514104,"chr12",132514077,132514147,"cg18398187_BC12","ICR_808"
"4058","chr12",132514113,132514114,"chr12",132514077,132514147,"cg18398188_TC21","ICR_808"
"4059","chr12",132514125,132514126,"chr12",132514077,132514147,"cg18398189_TC11","ICR_808"
"4060","chr12",132514127,132514128,"chr12",132514077,132514147,"cg18398190_BC11","ICR_808"
"4061","chr12",132514127,132514128,"chr12",132514077,132514147,"cg18398190_BC12","ICR_808"
"4062","chr12",132603391,132603392,"chr12",132603391,132603498,"cg27537570_BC21","ICR_809"
"4063","chr12",132603431,132603432,"chr12",132603391,132603498,"cg18401506_TO11","ICR_809"
"4064","chr12",132603442,132603443,"chr12",132603391,132603498,"cg18401507_TO11","ICR_809"
"4065","chr12",132603458,132603459,"chr12",132603391,132603498,"cg10036920_BC11","ICR_809"
"4066","chr12",132603460,132603461,"chr12",132603391,132603498,"cg18401510_BC11","ICR_809"
"4067","chr13",16211053,16211054,"chr13",16211037,16211596,"cg18416711_BC21","ICR_810"
"4068","chr13",16211056,16211057,"chr13",16211037,16211596,"cg18416712_BC21","ICR_810"
"4069","chr13",18662687,18662688,"chr13",18662578,18665131,"cg18442090_BC21","ICR_811"
"4070","chr13",19382386,19382387,"chr13",19382307,19382395,"cg16622613_TC11","ICR_812"
"4071","chr13",19382386,19382387,"chr13",19382307,19382395,"cg16622613_TC12","ICR_812"
"4072","chr13",20129220,20129221,"chr13",20129220,20129276,"cg18458177_BC21","ICR_813"
"4073","chr13",20129229,20129230,"chr13",20129220,20129276,"cg18458178_TC21","ICR_813"
"4074","chr13",20129249,20129250,"chr13",20129220,20129276,"cg15694585_TC21","ICR_813"
"4075","chr13",20129275,20129276,"chr13",20129220,20129276,"cg21554895_BC11","ICR_813"
"4076","chr13",20129275,20129276,"chr13",20129220,20129276,"cg21554895_BC12","ICR_813"
"4077","chr13",20142817,20142818,"chr13",20142810,20142911,"cg18458458_BC11","ICR_814"
"4078","chr13",20142840,20142841,"chr13",20142810,20142911,"cg18458459_BC11","ICR_814"
"4079","chr13",20142848,20142849,"chr13",20142810,20142911,"cg18458460_TC21","ICR_814"
"4080","chr13",20142856,20142857,"chr13",20142810,20142911,"cg18458461_TC11","ICR_814"
"4081","chr13",20142861,20142862,"chr13",20142810,20142911,"cg18458462_BC11","ICR_814"
"4082","chr13",20142869,20142870,"chr13",20142810,20142911,"cg18458463_TC11","ICR_814"
"4083","chr13",20142885,20142886,"chr13",20142810,20142911,"cg18458466_TO11","ICR_814"
"4084","chr13",20142892,20142893,"chr13",20142810,20142911,"cg18458468_TO11","ICR_814"
"4085","chr13",20394571,20394572,"chr13",20394545,20394785,"cg18462053_TC21","ICR_815"
"4086","chr13",20394589,20394590,"chr13",20394545,20394785,"cg18462054_TC11","ICR_815"
"4087","chr13",20394636,20394637,"chr13",20394545,20394785,"cg18462056_TC21","ICR_815"
"4088","chr13",20394638,20394639,"chr13",20394545,20394785,"cg18462057_TC21","ICR_815"
"4089","chr13",20394640,20394641,"chr13",20394545,20394785,"cg18462058_BC21","ICR_815"
"4090","chr13",20394640,20394641,"chr13",20394545,20394785,"cg18462058_BC22","ICR_815"
"4091","chr13",20394716,20394717,"chr13",20394545,20394785,"cg18462067_TC11","ICR_815"
"4092","chr13",20415440,20415441,"chr13",20415399,20415596,"cg18462404_TC11","ICR_816"
"4093","chr13",20415440,20415441,"chr13",20415399,20415596,"cg18462404_TC12","ICR_816"
"4094","chr13",20415460,20415461,"chr13",20415399,20415596,"cg18462406_TC11","ICR_816"
"4095","chr13",20415517,20415518,"chr13",20415399,20415596,"cg18462411_TC11","ICR_816"
"4096","chr13",20415529,20415530,"chr13",20415399,20415596,"cg18462413_TC11","ICR_816"
"4097","chr13",20415529,20415530,"chr13",20415399,20415596,"cg18462413_TC12","ICR_816"
"4098","chr13",20415535,20415536,"chr13",20415399,20415596,"cg18462414_TC21","ICR_816"
"4099","chr13",20415562,20415563,"chr13",20415399,20415596,"cg18462415_BC11","ICR_816"
"4100","chr13",20415564,20415565,"chr13",20415399,20415596,"cg18462416_TC11","ICR_816"
"4101","chr13",20415590,20415591,"chr13",20415399,20415596,"cg18462417_TC11","ICR_816"
"4102","chr13",20415595,20415596,"chr13",20415399,20415596,"cg18462418_TC11","ICR_816"
"4103","chr13",20436021,20436022,"chr13",20436021,20436118,"cg18462787_BC11","ICR_817"
"4104","chr13",20436083,20436084,"chr13",20436021,20436118,"cg19870370_TC21","ICR_817"
"4105","chr13",20436093,20436094,"chr13",20436021,20436118,"cg18462788_TC21","ICR_817"
"4106","chr13",20436106,20436107,"chr13",20436021,20436118,"cg18462789_BC21","ICR_817"
"4107","chr13",20436117,20436118,"chr13",20436021,20436118,"cg18462790_TC11","ICR_817"
"4108","chr13",21242470,21242471,"chr13",21242470,21243094,"cg18473860_BC21","ICR_818"
"4109","chr13",21242535,21242536,"chr13",21242470,21243094,"cg18473861_TC21","ICR_818"
"4110","chr13",21242576,21242577,"chr13",21242470,21243094,"cg21424106_BC21","ICR_818"
"4111","chr13",21242585,21242586,"chr13",21242470,21243094,"cg18473862_TC21","ICR_818"
"4112","chr13",21242802,21242803,"chr13",21242470,21243094,"cg18473864_BC21","ICR_818"
"4113","chr13",21243093,21243094,"chr13",21242470,21243094,"cg18473865_BC21","ICR_818"
"4114","chr13",22735652,22735653,"chr13",22735652,22735791,"cg18489167_BC21","ICR_819"
"4115","chr13",22735663,22735664,"chr13",22735652,22735791,"cg18489168_BC21","ICR_819"
"4116","chr13",22735746,22735747,"chr13",22735652,22735791,"cg18489169_BO11","ICR_819"
"4117","chr13",22735765,22735766,"chr13",22735652,22735791,"cg18489170_TC21","ICR_819"
"4118","chr13",22735768,22735769,"chr13",22735652,22735791,"cg18489171_BC21","ICR_819"
"4119","chr13",22736378,22736379,"chr13",22736378,22736701,"cg18489187_BC21","ICR_820"
"4120","chr13",22736393,22736394,"chr13",22736378,22736701,"cg18489188_BC21","ICR_820"
"4121","chr13",22736466,22736467,"chr13",22736378,22736701,"cg18489189_BC21","ICR_820"
"4122","chr13",22736498,22736499,"chr13",22736378,22736701,"cg18489191_BC11","ICR_820"
"4123","chr13",22736518,22736519,"chr13",22736378,22736701,"cg18489192_TC21","ICR_820"
"4124","chr13",22736533,22736534,"chr13",22736378,22736701,"cg18489193_TC11","ICR_820"
"4125","chr13",22736535,22736536,"chr13",22736378,22736701,"cg17136073_TC21","ICR_820"
"4126","chr13",22736535,22736536,"chr13",22736378,22736701,"cg17136073_TC22","ICR_820"
"4127","chr13",22736602,22736603,"chr13",22736378,22736701,"cg18489194_TO21","ICR_820"
"4128","chr13",22736627,22736628,"chr13",22736378,22736701,"cg18489199_BC11","ICR_820"
"4129","chr13",22736636,22736637,"chr13",22736378,22736701,"cg18489200_BC21","ICR_820"
"4130","chr13",22736639,22736640,"chr13",22736378,22736701,"cg18489201_TC21","ICR_820"
"4131","chr13",22736663,22736664,"chr13",22736378,22736701,"cg18489202_BC21","ICR_820"
"4132","chr13",22736684,22736685,"chr13",22736378,22736701,"cg18489203_TC21","ICR_820"
"4133","chr13",22736700,22736701,"chr13",22736378,22736701,"cg18489204_TC21","ICR_820"
"4134","chr13",22736700,22736701,"chr13",22736378,22736701,"cg18489204_TC22","ICR_820"
"4135","chr13",23945646,23945647,"chr13",23945646,23946368,"cg18502374_BC11","ICR_821"
"4136","chr13",23945648,23945649,"chr13",23945646,23946368,"cg18502375_TC11","ICR_821"
"4137","chr13",23945664,23945665,"chr13",23945646,23946368,"cg18502376_TC21","ICR_821"
"4138","chr13",23945764,23945765,"chr13",23945646,23946368,"cg18502380_BC11","ICR_821"
"4139","chr13",23945780,23945781,"chr13",23945646,23946368,"cg11450541_BC11","ICR_821"
"4140","chr13",23945789,23945790,"chr13",23945646,23946368,"cg18502381_BC11","ICR_821"
"4141","chr13",23945799,23945800,"chr13",23945646,23946368,"cg18502382_TC11","ICR_821"
"4142","chr13",23945812,23945813,"chr13",23945646,23946368,"cg18502384_TC11","ICR_821"
"4143","chr13",23945909,23945910,"chr13",23945646,23946368,"cg18976044_BC11","ICR_821"
"4144","chr13",23945915,23945916,"chr13",23945646,23946368,"cg18502395_TC11","ICR_821"
"4145","chr13",23945917,23945918,"chr13",23945646,23946368,"cg18502396_TC21","ICR_821"
"4146","chr13",23945924,23945925,"chr13",23945646,23946368,"cg18502398_TC21","ICR_821"
"4147","chr13",23945930,23945931,"chr13",23945646,23946368,"cg18502399_TC21","ICR_821"
"4148","chr13",23945974,23945975,"chr13",23945646,23946368,"cg18502400_TC21","ICR_821"
"4149","chr13",23946140,23946141,"chr13",23945646,23946368,"cg18502405_BC11","ICR_821"
"4150","chr13",23946142,23946143,"chr13",23945646,23946368,"cg18502406_TC11","ICR_821"
"4151","chr13",23946173,23946174,"chr13",23945646,23946368,"cg18502408_BC11","ICR_821"
"4152","chr13",23946175,23946176,"chr13",23945646,23946368,"cg18502409_TC21","ICR_821"
"4153","chr13",23946185,23946186,"chr13",23945646,23946368,"cg18502410_TC11","ICR_821"
"4154","chr13",23946262,23946263,"chr13",23945646,23946368,"cg17105557_TC21","ICR_821"
"4155","chr13",23946282,23946283,"chr13",23945646,23946368,"cg18502415_TC11","ICR_821"
"4156","chr13",23946282,23946283,"chr13",23945646,23946368,"cg18502415_TC12","ICR_821"
"4157","chr13",23946293,23946294,"chr13",23945646,23946368,"cg18502417_TC21","ICR_821"
"4158","chr13",23946367,23946368,"chr13",23945646,23946368,"cg16014862_BC21","ICR_821"
"4159","chr13",23946367,23946368,"chr13",23945646,23946368,"cg16014862_BC22","ICR_821"
"4160","chr13",24637782,24637783,"chr13",24637782,24637864,"cg18510603_BC11","ICR_822"
"4161","chr13",24637792,24637793,"chr13",24637782,24637864,"cg18510604_BC11","ICR_822"
"4162","chr13",24637822,24637823,"chr13",24637782,24637864,"cg18510605_BC11","ICR_822"
"4163","chr13",26187187,26187188,"chr13",26187177,26187354,"cg18527826_TC21","ICR_823"
"4164","chr13",26187199,26187200,"chr13",26187177,26187354,"cg11787508_BC21","ICR_823"
"4165","chr13",26187244,26187245,"chr13",26187177,26187354,"cg18527831_BC21","ICR_823"
"4166","chr13",26187262,26187263,"chr13",26187177,26187354,"cg18527832_TC21","ICR_823"
"4167","chr13",26187297,26187298,"chr13",26187177,26187354,"cg18527833_TO11","ICR_823"
"4168","chr13",26187353,26187354,"chr13",26187177,26187354,"cg18527835_BO11","ICR_823"
"4169","chr13",46437982,46437983,"chr13",46437982,46438129,"cg18704751_BC21","ICR_824"
"4170","chr13",46437995,46437996,"chr13",46437982,46438129,"cg18704752_BC11","ICR_824"
"4171","chr13",46438018,46438019,"chr13",46437982,46438129,"cg18704753_TC21","ICR_824"
"4172","chr13",46438028,46438029,"chr13",46437982,46438129,"cg18704754_BC11","ICR_824"
"4173","chr13",46438028,46438029,"chr13",46437982,46438129,"cg18704754_BC12","ICR_824"
"4174","chr13",46438037,46438038,"chr13",46437982,46438129,"cg18704755_BC11","ICR_824"
"4175","chr13",46438089,46438090,"chr13",46437982,46438129,"cg18704760_TC11","ICR_824"
"4176","chr13",48317387,48317388,"chr13",48317372,48317679,"cg18718480_BO11","ICR_825"
"4177","chr13",48317407,48317408,"chr13",48317372,48317679,"cg24342013_BC11","ICR_825"
"4178","chr13",48317481,48317482,"chr13",48317372,48317679,"cg18718483_BC21","ICR_825"
"4179","chr13",48317488,48317489,"chr13",48317372,48317679,"cg18718484_TC11","ICR_825"
"4180","chr13",48317521,48317522,"chr13",48317372,48317679,"cg18718485_BC11","ICR_825"
"4181","chr13",48317527,48317528,"chr13",48317372,48317679,"cg18718486_BC21","ICR_825"
"4182","chr13",48317534,48317535,"chr13",48317372,48317679,"cg18718487_TC21","ICR_825"
"4183","chr13",48317534,48317535,"chr13",48317372,48317679,"cg18718487_TC22","ICR_825"
"4184","chr13",48317584,48317585,"chr13",48317372,48317679,"cg18718488_TC21","ICR_825"
"4185","chr13",48317592,48317593,"chr13",48317372,48317679,"cg18718489_BC21","ICR_825"
"4186","chr13",48317598,48317599,"chr13",48317372,48317679,"cg18718490_TC21","ICR_825"
"4187","chr13",48317633,48317634,"chr13",48317372,48317679,"cg18718491_TC21","ICR_825"
"4188","chr13",48317633,48317634,"chr13",48317372,48317679,"cg18718491_TC22","ICR_825"
"4189","chr13",48317650,48317651,"chr13",48317372,48317679,"cg18718492_BC21","ICR_825"
"4190","chr13",48317678,48317679,"chr13",48317372,48317679,"cg18718493_BC11","ICR_825"
"4191","chr13",48317893,48317894,"chr13",48317893,48321417,"cg18718506_TC21","ICR_826"
"4192","chr13",48317952,48317953,"chr13",48317893,48321417,"cg18718507_TC21","ICR_826"
"4193","chr13",48317978,48317979,"chr13",48317893,48321417,"cg18718508_BC11","ICR_826"
"4194","chr13",48317987,48317988,"chr13",48317893,48321417,"cg18718509_BC21","ICR_826"
"4195","chr13",48318011,48318012,"chr13",48317893,48321417,"cg18718510_BC21","ICR_826"
"4196","chr13",48318081,48318082,"chr13",48317893,48321417,"cg18718512_BC21","ICR_826"
"4197","chr13",48318093,48318094,"chr13",48317893,48321417,"cg18718513_TC11","ICR_826"
"4198","chr13",48318107,48318108,"chr13",48317893,48321417,"cg11408952_TC11","ICR_826"
"4199","chr13",48318121,48318122,"chr13",48317893,48321417,"cg18718515_BC11","ICR_826"
"4200","chr13",48318151,48318152,"chr13",48317893,48321417,"cg18718517_BC21","ICR_826"
"4201","chr13",48318204,48318205,"chr13",48317893,48321417,"cg18718519_TC21","ICR_826"
"4202","chr13",48318247,48318248,"chr13",48317893,48321417,"cg18718521_TC11","ICR_826"
"4203","chr13",48318250,48318251,"chr13",48317893,48321417,"cg18718522_BC11","ICR_826"
"4204","chr13",48318250,48318251,"chr13",48317893,48321417,"cg18718522_BC12","ICR_826"
"4205","chr13",48318274,48318275,"chr13",48317893,48321417,"cg18718523_TC21","ICR_826"
"4206","chr13",48318282,48318283,"chr13",48317893,48321417,"cg18718524_TC21","ICR_826"
"4207","chr13",48318337,48318338,"chr13",48317893,48321417,"cg18718525_TC21","ICR_826"
"4208","chr13",48318374,48318375,"chr13",48317893,48321417,"cg18718526_BC21","ICR_826"
"4209","chr13",48318400,48318401,"chr13",48317893,48321417,"cg18718527_BC21","ICR_826"
"4210","chr13",48318414,48318415,"chr13",48317893,48321417,"cg27182551_BC21","ICR_826"
"4211","chr13",48318444,48318445,"chr13",48317893,48321417,"cg18718528_TC11","ICR_826"
"4212","chr13",48318459,48318460,"chr13",48317893,48321417,"cg18718529_BC11","ICR_826"
"4213","chr13",48318477,48318478,"chr13",48317893,48321417,"cg18718530_TC11","ICR_826"
"4214","chr13",48318607,48318608,"chr13",48317893,48321417,"cg18718542_BC11","ICR_826"
"4215","chr13",48318607,48318608,"chr13",48317893,48321417,"cg18718542_BC12","ICR_826"
"4216","chr13",48318667,48318668,"chr13",48317893,48321417,"cg18718546_TC11","ICR_826"
"4217","chr13",48318673,48318674,"chr13",48317893,48321417,"cg18718547_BC11","ICR_826"
"4218","chr13",48318673,48318674,"chr13",48317893,48321417,"cg18718547_BC12","ICR_826"
"4219","chr13",48318693,48318694,"chr13",48317893,48321417,"cg18718549_TO11","ICR_826"
"4220","chr13",48318784,48318785,"chr13",48317893,48321417,"cg18718553_TC21","ICR_826"
"4221","chr13",48318811,48318812,"chr13",48317893,48321417,"cg19427472_TC21","ICR_826"
"4222","chr13",48318844,48318845,"chr13",48317893,48321417,"cg18718554_TC11","ICR_826"
"4223","chr13",48318844,48318845,"chr13",48317893,48321417,"cg18718554_TC12","ICR_826"
"4224","chr13",48318867,48318868,"chr13",48317893,48321417,"cg18718555_BC11","ICR_826"
"4225","chr13",48318884,48318885,"chr13",48317893,48321417,"cg18718556_TC21","ICR_826"
"4226","chr13",48318893,48318894,"chr13",48317893,48321417,"cg18718557_TC21","ICR_826"
"4227","chr13",48318896,48318897,"chr13",48317893,48321417,"cg18718558_TC21","ICR_826"
"4228","chr13",48318905,48318906,"chr13",48317893,48321417,"cg18718559_TC11","ICR_826"
"4229","chr13",48318917,48318918,"chr13",48317893,48321417,"cg18718560_TC11","ICR_826"
"4230","chr13",48318920,48318921,"chr13",48317893,48321417,"cg18718561_BC11","ICR_826"
"4231","chr13",48318938,48318939,"chr13",48317893,48321417,"cg18718563_TC11","ICR_826"
"4232","chr13",48318955,48318956,"chr13",48317893,48321417,"cg18718564_BC11","ICR_826"
"4233","chr13",48318999,48319000,"chr13",48317893,48321417,"cg18718565_BC21","ICR_826"
"4234","chr13",48319035,48319036,"chr13",48317893,48321417,"cg18718566_TC21","ICR_826"
"4235","chr13",48319037,48319038,"chr13",48317893,48321417,"cg13431205_TC21","ICR_826"
"4236","chr13",48319039,48319040,"chr13",48317893,48321417,"cg18718567_BC21","ICR_826"
"4237","chr13",48319041,48319042,"chr13",48317893,48321417,"cg18718568_TC11","ICR_826"
"4238","chr13",48319052,48319053,"chr13",48317893,48321417,"cg18718569_BC11","ICR_826"
"4239","chr13",48319056,48319057,"chr13",48317893,48321417,"cg18718570_TC11","ICR_826"
"4240","chr13",48319078,48319079,"chr13",48317893,48321417,"cg18718572_TO11","ICR_826"
"4241","chr13",48319091,48319092,"chr13",48317893,48321417,"cg18718573_BC11","ICR_826"
"4242","chr13",48319110,48319111,"chr13",48317893,48321417,"cg18718575_TC11","ICR_826"
"4243","chr13",48319119,48319120,"chr13",48317893,48321417,"cg18718576_TO11","ICR_826"
"4244","chr13",48319137,48319138,"chr13",48317893,48321417,"cg18718577_TC11","ICR_826"
"4245","chr13",48319161,48319162,"chr13",48317893,48321417,"cg18718578_TC21","ICR_826"
"4246","chr13",48319174,48319175,"chr13",48317893,48321417,"cg18718579_BC21","ICR_826"
"4247","chr13",48319174,48319175,"chr13",48317893,48321417,"cg18718579_BC22","ICR_826"
"4248","chr13",48319241,48319242,"chr13",48317893,48321417,"cg18718580_BC21","ICR_826"
"4249","chr13",48319261,48319262,"chr13",48317893,48321417,"cg18718581_BC21","ICR_826"
"4250","chr13",48319279,48319280,"chr13",48317893,48321417,"cg18718582_TC21","ICR_826"
"4251","chr13",48319289,48319290,"chr13",48317893,48321417,"cg18718583_BC21","ICR_826"
"4252","chr13",48319304,48319305,"chr13",48317893,48321417,"cg18718584_TC11","ICR_826"
"4253","chr13",48319332,48319333,"chr13",48317893,48321417,"cg18718586_TC21","ICR_826"
"4254","chr13",48319346,48319347,"chr13",48317893,48321417,"cg18718587_TC21","ICR_826"
"4255","chr13",48319355,48319356,"chr13",48317893,48321417,"cg18718588_TC11","ICR_826"
"4256","chr13",48319389,48319390,"chr13",48317893,48321417,"cg18718589_BC11","ICR_826"
"4257","chr13",48319392,48319393,"chr13",48317893,48321417,"cg18718590_BC11","ICR_826"
"4258","chr13",48319411,48319412,"chr13",48317893,48321417,"cg18718591_TC21","ICR_826"
"4259","chr13",48319420,48319421,"chr13",48317893,48321417,"cg18718593_BC11","ICR_826"
"4260","chr13",48319461,48319462,"chr13",48317893,48321417,"cg18718596_TC11","ICR_826"
"4261","chr13",48319461,48319462,"chr13",48317893,48321417,"cg18718596_TC12","ICR_826"
"4262","chr13",48319467,48319468,"chr13",48317893,48321417,"cg18718597_TC21","ICR_826"
"4263","chr13",48319482,48319483,"chr13",48317893,48321417,"cg18718598_TC21","ICR_826"
"4264","chr13",48319531,48319532,"chr13",48317893,48321417,"cg18718599_TC21","ICR_826"
"4265","chr13",48319558,48319559,"chr13",48317893,48321417,"cg18718600_BC21","ICR_826"
"4266","chr13",48319590,48319591,"chr13",48317893,48321417,"cg18481241_BC21","ICR_826"
"4267","chr13",48319594,48319595,"chr13",48317893,48321417,"cg18718601_TC21","ICR_826"
"4268","chr13",48319607,48319608,"chr13",48317893,48321417,"cg18718602_TC21","ICR_826"
"4269","chr13",48319619,48319620,"chr13",48317893,48321417,"cg18718603_TC11","ICR_826"
"4270","chr13",48319619,48319620,"chr13",48317893,48321417,"cg18718603_TC12","ICR_826"
"4271","chr13",48319626,48319627,"chr13",48317893,48321417,"cg18718604_TC11","ICR_826"
"4272","chr13",48319641,48319642,"chr13",48317893,48321417,"cg18718605_BC11","ICR_826"
"4273","chr13",48319658,48319659,"chr13",48317893,48321417,"cg18718606_TC11","ICR_826"
"4274","chr13",48319658,48319659,"chr13",48317893,48321417,"cg18718606_TC12","ICR_826"
"4275","chr13",48319663,48319664,"chr13",48317893,48321417,"cg18718607_BC11","ICR_826"
"4276","chr13",48319674,48319675,"chr13",48317893,48321417,"cg18718608_BC21","ICR_826"
"4277","chr13",48319686,48319687,"chr13",48317893,48321417,"cg18718609_BC11","ICR_826"
"4278","chr13",48319711,48319712,"chr13",48317893,48321417,"cg18718610_BC11","ICR_826"
"4279","chr13",48319719,48319720,"chr13",48317893,48321417,"cg18718611_TC11","ICR_826"
"4280","chr13",48319766,48319767,"chr13",48317893,48321417,"cg18718612_TC21","ICR_826"
"4281","chr13",48319805,48319806,"chr13",48317893,48321417,"cg18718614_TC21","ICR_826"
"4282","chr13",48319822,48319823,"chr13",48317893,48321417,"cg18718615_BC21","ICR_826"
"4283","chr13",48319841,48319842,"chr13",48317893,48321417,"cg18718616_BC21","ICR_826"
"4284","chr13",48319850,48319851,"chr13",48317893,48321417,"cg18718617_BC21","ICR_826"
"4285","chr13",48319937,48319938,"chr13",48317893,48321417,"cg18718618_BC21","ICR_826"
"4286","chr13",48319944,48319945,"chr13",48317893,48321417,"cg18718619_BC21","ICR_826"
"4287","chr13",48319955,48319956,"chr13",48317893,48321417,"cg18718620_TC21","ICR_826"
"4288","chr13",48320015,48320016,"chr13",48317893,48321417,"cg18718621_BC21","ICR_826"
"4289","chr13",48320048,48320049,"chr13",48317893,48321417,"cg18718623_BC11","ICR_826"
"4290","chr13",48320077,48320078,"chr13",48317893,48321417,"cg25676335_TC21","ICR_826"
"4291","chr13",48320088,48320089,"chr13",48317893,48321417,"cg18718624_TC21","ICR_826"
"4292","chr13",48320098,48320099,"chr13",48317893,48321417,"cg18718625_TC21","ICR_826"
"4293","chr13",48320105,48320106,"chr13",48317893,48321417,"cg18718626_BC21","ICR_826"
"4294","chr13",48320132,48320133,"chr13",48317893,48321417,"cg18718627_BO11","ICR_826"
"4295","chr13",48320203,48320204,"chr13",48317893,48321417,"cg18718628_TC21","ICR_826"
"4296","chr13",48320221,48320222,"chr13",48317893,48321417,"cg18718629_TC21","ICR_826"
"4297","chr13",48320272,48320273,"chr13",48317893,48321417,"cg18718630_TC21","ICR_826"
"4298","chr13",48320274,48320275,"chr13",48317893,48321417,"cg18718631_BC11","ICR_826"
"4299","chr13",48320307,48320308,"chr13",48317893,48321417,"cg18718636_TC11","ICR_826"
"4300","chr13",48320315,48320316,"chr13",48317893,48321417,"cg18718637_TC11","ICR_826"
"4301","chr13",48320368,48320369,"chr13",48317893,48321417,"cg18718642_TC21","ICR_826"
"4302","chr13",48320368,48320369,"chr13",48317893,48321417,"cg18718642_TC22","ICR_826"
"4303","chr13",48320378,48320379,"chr13",48317893,48321417,"cg18718643_TC21","ICR_826"
"4304","chr13",48320389,48320390,"chr13",48317893,48321417,"cg18718644_BC21","ICR_826"
"4305","chr13",48320458,48320459,"chr13",48317893,48321417,"cg26119796_BC21","ICR_826"
"4306","chr13",48320493,48320494,"chr13",48317893,48321417,"cg18718645_BC11","ICR_826"
"4307","chr13",48320495,48320496,"chr13",48317893,48321417,"cg18718646_TC11","ICR_826"
"4308","chr13",48320508,48320509,"chr13",48317893,48321417,"cg18718649_BC21","ICR_826"
"4309","chr13",48320552,48320553,"chr13",48317893,48321417,"cg18718650_TC21","ICR_826"
"4310","chr13",48320573,48320574,"chr13",48317893,48321417,"cg18718651_BC21","ICR_826"
"4311","chr13",48320606,48320607,"chr13",48317893,48321417,"cg18718654_TC11","ICR_826"
"4312","chr13",48320611,48320612,"chr13",48317893,48321417,"cg18718655_BC11","ICR_826"
"4313","chr13",48320611,48320612,"chr13",48317893,48321417,"cg18718655_BC12","ICR_826"
"4314","chr13",48320613,48320614,"chr13",48317893,48321417,"cg18718656_TC21","ICR_826"
"4315","chr13",48320658,48320659,"chr13",48317893,48321417,"cg18718659_BC11","ICR_826"
"4316","chr13",48320690,48320691,"chr13",48317893,48321417,"cg18718661_BC11","ICR_826"
"4317","chr13",48320912,48320913,"chr13",48317893,48321417,"cg18718668_BC11","ICR_826"
"4318","chr13",48320915,48320916,"chr13",48317893,48321417,"cg18718669_TC21","ICR_826"
"4319","chr13",48320938,48320939,"chr13",48317893,48321417,"cg18718670_TC11","ICR_826"
"4320","chr13",48320941,48320942,"chr13",48317893,48321417,"cg18718671_BC11","ICR_826"
"4321","chr13",48320946,48320947,"chr13",48317893,48321417,"cg18718672_TC11","ICR_826"
"4322","chr13",48320974,48320975,"chr13",48317893,48321417,"cg18718673_BC21","ICR_826"
"4323","chr13",48321036,48321037,"chr13",48317893,48321417,"cg19254235_TC21","ICR_826"
"4324","chr13",48321064,48321065,"chr13",48317893,48321417,"cg18718675_TO11","ICR_826"
"4325","chr13",48321064,48321065,"chr13",48317893,48321417,"cg18718675_TO12","ICR_826"
"4326","chr13",48321067,48321068,"chr13",48317893,48321417,"cg18718676_TO11","ICR_826"
"4327","chr13",48321104,48321105,"chr13",48317893,48321417,"cg26740195_TC21","ICR_826"
"4328","chr13",48321127,48321128,"chr13",48317893,48321417,"cg18718677_TC11","ICR_826"
"4329","chr13",48321129,48321130,"chr13",48317893,48321417,"cg18718678_BO11","ICR_826"
"4330","chr13",48321181,48321182,"chr13",48317893,48321417,"cg27026713_BC21","ICR_826"
"4331","chr13",48321187,48321188,"chr13",48317893,48321417,"cg18718686_TC21","ICR_826"
"4332","chr13",48321348,48321349,"chr13",48317893,48321417,"cg18718687_TC21","ICR_826"
"4333","chr13",48321350,48321351,"chr13",48317893,48321417,"cg18718688_TC11","ICR_826"
"4334","chr13",48321402,48321403,"chr13",48317893,48321417,"cg18718697_TO11","ICR_826"
"4335","chr13",48321411,48321412,"chr13",48317893,48321417,"cg18718698_BO11","ICR_826"
"4336","chr13",60267611,60267612,"chr13",60267611,60268519,"cg18803340_BC21","ICR_827"
"4337","chr13",60267670,60267671,"chr13",60267611,60268519,"cg18803341_TC21","ICR_827"
"4338","chr13",60267683,60267684,"chr13",60267611,60268519,"cg18803342_BC21","ICR_827"
"4339","chr13",60267700,60267701,"chr13",60267611,60268519,"cg18803343_TC21","ICR_827"
"4340","chr13",60267769,60267770,"chr13",60267611,60268519,"cg18803345_BC21","ICR_827"
"4341","chr13",60267781,60267782,"chr13",60267611,60268519,"cg18803346_TC21","ICR_827"
"4342","chr13",60267843,60267844,"chr13",60267611,60268519,"cg18803348_TC21","ICR_827"
"4343","chr13",60267850,60267851,"chr13",60267611,60268519,"cg26356683_TC11","ICR_827"
"4344","chr13",60267859,60267860,"chr13",60267611,60268519,"cg18803349_BC21","ICR_827"
"4345","chr13",60267884,60267885,"chr13",60267611,60268519,"cg18803350_TC21","ICR_827"
"4346","chr13",60267884,60267885,"chr13",60267611,60268519,"cg18803350_TC22","ICR_827"
"4347","chr13",60267941,60267942,"chr13",60267611,60268519,"cg18803352_TC21","ICR_827"
"4348","chr13",60267961,60267962,"chr13",60267611,60268519,"cg18803353_TC21","ICR_827"
"4349","chr13",60267998,60267999,"chr13",60267611,60268519,"cg19745934_TC21","ICR_827"
"4350","chr13",60267998,60267999,"chr13",60267611,60268519,"cg19745934_TC22","ICR_827"
"4351","chr13",60268061,60268062,"chr13",60267611,60268519,"cg18803355_TC21","ICR_827"
"4352","chr13",60268061,60268062,"chr13",60267611,60268519,"cg18803355_TC22","ICR_827"
"4353","chr13",60268066,60268067,"chr13",60267611,60268519,"cg18803356_TC21","ICR_827"
"4354","chr13",60268102,60268103,"chr13",60267611,60268519,"cg18803357_BC21","ICR_827"
"4355","chr13",60268146,60268147,"chr13",60267611,60268519,"cg18803358_TC21","ICR_827"
"4356","chr13",60268225,60268226,"chr13",60267611,60268519,"cg18803359_BC21","ICR_827"
"4357","chr13",60268232,60268233,"chr13",60267611,60268519,"cg18803360_BC21","ICR_827"
"4358","chr13",60268338,60268339,"chr13",60267611,60268519,"cg18803362_BC21","ICR_827"
"4359","chr13",60268474,60268475,"chr13",60267611,60268519,"cg18803363_TC21","ICR_827"
"4360","chr13",60268518,60268519,"chr13",60267611,60268519,"cg18803364_BC21","ICR_827"
"4361","chr13",80140975,80140976,"chr13",80140975,80141757,"cg18925384_BC21","ICR_828"
"4362","chr13",80141125,80141126,"chr13",80140975,80141757,"cg18925385_TC21","ICR_828"
"4363","chr13",80141149,80141150,"chr13",80140975,80141757,"cg18925386_TO11","ICR_828"
"4364","chr13",80141423,80141424,"chr13",80140975,80141757,"cg18925387_TC21","ICR_828"
"4365","chr13",80141442,80141443,"chr13",80140975,80141757,"cg18925388_TC21","ICR_828"
"4366","chr13",80141447,80141448,"chr13",80140975,80141757,"cg25596783_TC21","ICR_828"
"4367","chr13",80141756,80141757,"chr13",80140975,80141757,"cg18925389_BC21","ICR_828"
"4368","chr13",80654681,80654682,"chr13",80654681,80655272,"cg18929445_TC21","ICR_829"
"4369","chr13",80654705,80654706,"chr13",80654681,80655272,"cg18929446_TC21","ICR_829"
"4370","chr13",80654871,80654872,"chr13",80654681,80655272,"cg18929453_BC11","ICR_829"
"4371","chr13",80654871,80654872,"chr13",80654681,80655272,"cg18929453_BC12","ICR_829"
"4372","chr13",80655222,80655223,"chr13",80654681,80655272,"cg21482472_TC11","ICR_829"
"4373","chr13",80655228,80655229,"chr13",80654681,80655272,"cg18929476_TC21","ICR_829"
"4374","chr13",80655243,80655244,"chr13",80654681,80655272,"cg18929477_TC21","ICR_829"
"4375","chr13",80655271,80655272,"chr13",80654681,80655272,"cg18929478_TC21","ICR_829"
"4376","chr13",98977627,98977628,"chr13",98977627,98977816,"cg19055206_BC21","ICR_830"
"4377","chr13",98977706,98977707,"chr13",98977627,98977816,"cg19055207_TC21","ICR_830"
"4378","chr13",98977723,98977724,"chr13",98977627,98977816,"cg19055208_BC21","ICR_830"
"4379","chr13",98977769,98977770,"chr13",98977627,98977816,"cg19055209_TC21","ICR_830"
"4380","chr13",98977783,98977784,"chr13",98977627,98977816,"cg19055210_TC21","ICR_830"
"4381","chr13",98977795,98977796,"chr13",98977627,98977816,"cg19055211_BC11","ICR_830"
"4382","chr13",98977815,98977816,"chr13",98977627,98977816,"cg19055212_BC21","ICR_830"
"4383","chr13",100521892,100521893,"chr13",100521892,100522472,"cg19074893_TC21","ICR_831"
"4384","chr13",100522022,100522023,"chr13",100521892,100522472,"cg19074894_BC21","ICR_831"
"4385","chr13",100522050,100522051,"chr13",100521892,100522472,"cg19074895_BC21","ICR_831"
"4386","chr13",100522061,100522062,"chr13",100521892,100522472,"cg19074896_TC21","ICR_831"
"4387","chr13",100522099,100522100,"chr13",100521892,100522472,"cg19074897_TC21","ICR_831"
"4388","chr13",100522109,100522110,"chr13",100521892,100522472,"cg12436019_BC21","ICR_831"
"4389","chr13",100522165,100522166,"chr13",100521892,100522472,"cg21805940_BC21","ICR_831"
"4390","chr13",100522193,100522194,"chr13",100521892,100522472,"cg25041838_TC21","ICR_831"
"4391","chr13",100522251,100522252,"chr13",100521892,100522472,"cg19074898_TC21","ICR_831"
"4392","chr13",100522272,100522273,"chr13",100521892,100522472,"cg19074899_TC21","ICR_831"
"4393","chr13",100522277,100522278,"chr13",100521892,100522472,"cg19074900_TC21","ICR_831"
"4394","chr13",100522471,100522472,"chr13",100521892,100522472,"cg19074901_BC21","ICR_831"
"4395","chr13",106490936,106490937,"chr13",106490936,106491301,"cg19121416_TC21","ICR_832"
"4396","chr13",106491077,106491078,"chr13",106490936,106491301,"cg19121417_BC11","ICR_832"
"4397","chr13",106491112,106491113,"chr13",106490936,106491301,"cg19121418_BC21","ICR_832"
"4398","chr13",106491187,106491188,"chr13",106490936,106491301,"cg19121419_BC21","ICR_832"
"4399","chr13",106491199,106491200,"chr13",106490936,106491301,"cg19121420_BC21","ICR_832"
"4400","chr13",106491202,106491203,"chr13",106490936,106491301,"cg19121422_TC21","ICR_832"
"4401","chr13",106491243,106491244,"chr13",106490936,106491301,"cg19121423_TC21","ICR_832"
"4402","chr13",106491281,106491282,"chr13",106490936,106491301,"cg19121424_BC21","ICR_832"
"4403","chr13",106491287,106491288,"chr13",106490936,106491301,"cg19121425_TC21","ICR_832"
"4404","chr13",106491300,106491301,"chr13",106490936,106491301,"cg19121426_TC11","ICR_832"
"4405","chr13",109869773,109869774,"chr13",109869773,109870166,"cg19151751_BC11","ICR_833"
"4406","chr13",109869797,109869798,"chr13",109869773,109870166,"cg19151752_TC11","ICR_833"
"4407","chr13",109869797,109869798,"chr13",109869773,109870166,"cg19151752_TC12","ICR_833"
"4408","chr13",109869801,109869802,"chr13",109869773,109870166,"cg22721998_BC11","ICR_833"
"4409","chr13",109869801,109869802,"chr13",109869773,109870166,"cg22721998_BC12","ICR_833"
"4410","chr13",109869814,109869815,"chr13",109869773,109870166,"cg19151753_BC11","ICR_833"
"4411","chr13",109869852,109869853,"chr13",109869773,109870166,"cg19151755_TC21","ICR_833"
"4412","chr13",109869865,109869866,"chr13",109869773,109870166,"cg19151756_TC11","ICR_833"
"4413","chr13",109869874,109869875,"chr13",109869773,109870166,"cg19151757_TC11","ICR_833"
"4414","chr13",109869874,109869875,"chr13",109869773,109870166,"cg19151757_TC12","ICR_833"
"4415","chr13",109869883,109869884,"chr13",109869773,109870166,"cg19151758_BC11","ICR_833"
"4416","chr13",109869883,109869884,"chr13",109869773,109870166,"cg19151758_BC12","ICR_833"
"4417","chr13",109869900,109869901,"chr13",109869773,109870166,"cg19151759_BC21","ICR_833"
"4418","chr13",109869907,109869908,"chr13",109869773,109870166,"cg19151760_BC11","ICR_833"
"4419","chr13",109869917,109869918,"chr13",109869773,109870166,"cg18865445_BC11","ICR_833"
"4420","chr13",109869949,109869950,"chr13",109869773,109870166,"cg17797229_BC21","ICR_833"
"4421","chr13",109869961,109869962,"chr13",109869773,109870166,"cg19151761_TC21","ICR_833"
"4422","chr13",109870001,109870002,"chr13",109869773,109870166,"cg19151763_TC21","ICR_833"
"4423","chr13",109870024,109870025,"chr13",109869773,109870166,"cg19151764_BC21","ICR_833"
"4424","chr13",109870057,109870058,"chr13",109869773,109870166,"cg19151765_TC21","ICR_833"
"4425","chr13",109870107,109870108,"chr13",109869773,109870166,"cg19151766_TC21","ICR_833"
"4426","chr13",109870136,109870137,"chr13",109869773,109870166,"cg19151767_TC21","ICR_833"
"4427","chr13",109870165,109870166,"chr13",109869773,109870166,"cg19151768_BC21","ICR_833"
"4428","chr13",110813192,110813193,"chr13",110813151,110813255,"cg23904161_BC11","ICR_834"
"4429","chr13",110813206,110813207,"chr13",110813151,110813255,"cg19166356_BC11","ICR_834"
"4430","chr13",110813209,110813210,"chr13",110813151,110813255,"cg19166357_BC11","ICR_834"
"4431","chr13",110813577,110813578,"chr13",110813577,110813640,"cg19166398_BC11","ICR_835"
"4432","chr13",111411605,111411606,"chr13",111411594,111411773,"cg19175139_BC11","ICR_836"
"4433","chr13",111411605,111411606,"chr13",111411594,111411773,"cg19175139_BC12","ICR_836"
"4434","chr13",111411608,111411609,"chr13",111411594,111411773,"cg19175140_TC11","ICR_836"
"4435","chr13",111411655,111411656,"chr13",111411594,111411773,"cg19175144_BO11","ICR_836"
"4436","chr13",111411659,111411660,"chr13",111411594,111411773,"cg19175145_BO11","ICR_836"
"4437","chr13",111411661,111411662,"chr13",111411594,111411773,"cg19175146_TO11","ICR_836"
"4438","chr13",111411663,111411664,"chr13",111411594,111411773,"cg19175147_TC21","ICR_836"
"4439","chr13",111411673,111411674,"chr13",111411594,111411773,"cg14238891_BC21","ICR_836"
"4440","chr13",111411766,111411767,"chr13",111411594,111411773,"cg19175148_TC21","ICR_836"
"4441","chr13",111411769,111411770,"chr13",111411594,111411773,"cg19175149_TC21","ICR_836"
"4442","chr13",111411772,111411773,"chr13",111411594,111411773,"cg19175150_BC11","ICR_836"
"4443","chr13",111411772,111411773,"chr13",111411594,111411773,"cg19175150_BC12","ICR_836"
"4444","chr13",113050799,113050800,"chr13",113050719,113050828,"cg19204701_TO11","ICR_837"
"4445","chr13",113050824,113050825,"chr13",113050719,113050828,"cg19204702_TC11","ICR_837"
"4446","chr13",113050827,113050828,"chr13",113050719,113050828,"cg19204703_BC11","ICR_837"
"4447","chr13",113729640,113729641,"chr13",113729640,113730537,"cg19220345_BC21","ICR_838"
"4448","chr13",113729705,113729706,"chr13",113729640,113730537,"cg19220346_TC21","ICR_838"
"4449","chr13",113729722,113729723,"chr13",113729640,113730537,"cg19220347_BC21","ICR_838"
"4450","chr13",113729747,113729748,"chr13",113729640,113730537,"cg19220348_TC21","ICR_838"
"4451","chr13",113729773,113729774,"chr13",113729640,113730537,"cg19220349_BC11","ICR_838"
"4452","chr13",113729802,113729803,"chr13",113729640,113730537,"cg19220350_TC11","ICR_838"
"4453","chr13",113729816,113729817,"chr13",113729640,113730537,"cg19220351_BC21","ICR_838"
"4454","chr13",113729832,113729833,"chr13",113729640,113730537,"cg19220352_TC11","ICR_838"
"4455","chr13",113729845,113729846,"chr13",113729640,113730537,"cg19220353_TC11","ICR_838"
"4456","chr13",113729943,113729944,"chr13",113729640,113730537,"cg19220359_BC11","ICR_838"
"4457","chr13",113729945,113729946,"chr13",113729640,113730537,"cg19220360_TC11","ICR_838"
"4458","chr13",113729951,113729952,"chr13",113729640,113730537,"cg19220361_BC21","ICR_838"
"4459","chr13",113729961,113729962,"chr13",113729640,113730537,"cg19220362_BC21","ICR_838"
"4460","chr13",113729988,113729989,"chr13",113729640,113730537,"cg19220363_BC21","ICR_838"
"4461","chr13",113730080,113730081,"chr13",113729640,113730537,"cg19220368_TC11","ICR_838"
"4462","chr13",113730131,113730132,"chr13",113729640,113730537,"cg19220372_BC11","ICR_838"
"4463","chr13",113730233,113730234,"chr13",113729640,113730537,"cg19220381_TC11","ICR_838"
"4464","chr13",113730333,113730334,"chr13",113729640,113730537,"cg19220387_TC11","ICR_838"
"4465","chr13",113730376,113730377,"chr13",113729640,113730537,"cg19220390_BC11","ICR_838"
"4466","chr13",113730378,113730379,"chr13",113729640,113730537,"cg19220391_TC21","ICR_838"
"4467","chr13",113730462,113730463,"chr13",113729640,113730537,"cg19220392_BC11","ICR_838"
"4468","chr13",113730464,113730465,"chr13",113729640,113730537,"cg19220393_TC11","ICR_838"
"4469","chr13",113730480,113730481,"chr13",113729640,113730537,"cg19220394_TC21","ICR_838"
"4470","chr13",113730493,113730494,"chr13",113729640,113730537,"cg19220395_TC11","ICR_838"
"4471","chr13",113730505,113730506,"chr13",113729640,113730537,"cg19220396_BC11","ICR_838"
"4472","chr13",113802774,113802775,"chr13",113802774,113802965,"cg19222450_BC21","ICR_839"
"4473","chr13",113802836,113802837,"chr13",113802774,113802965,"cg19222451_BC21","ICR_839"
"4474","chr13",113802836,113802837,"chr13",113802774,113802965,"cg19222451_BC22","ICR_839"
"4475","chr13",113802840,113802841,"chr13",113802774,113802965,"cg19222452_TC21","ICR_839"
"4476","chr13",113802899,113802900,"chr13",113802774,113802965,"cg19222454_BC21","ICR_839"
"4477","chr13",113802917,113802918,"chr13",113802774,113802965,"cg19222456_TC11","ICR_839"
"4478","chr13",113802955,113802956,"chr13",113802774,113802965,"cg19222459_TC11","ICR_839"
"4479","chr13",113802955,113802956,"chr13",113802774,113802965,"cg19222459_TC12","ICR_839"
"4480","chr13",113802964,113802965,"chr13",113802774,113802965,"cg19222461_TC11","ICR_839"
"4481","chr13",113937748,113937749,"chr13",113937748,113938169,"cg19226081_TC21","ICR_840"
"4482","chr13",113937748,113937749,"chr13",113937748,113938169,"cg19226081_TC22","ICR_840"
"4483","chr13",113937769,113937770,"chr13",113937748,113938169,"cg19226082_BC21","ICR_840"
"4484","chr13",113937803,113937804,"chr13",113937748,113938169,"cg19226083_BC21","ICR_840"
"4485","chr13",113937887,113937888,"chr13",113937748,113938169,"cg19226084_TC21","ICR_840"
"4486","chr13",113937887,113937888,"chr13",113937748,113938169,"cg19226084_TC22","ICR_840"
"4487","chr13",113937898,113937899,"chr13",113937748,113938169,"cg19226085_BC21","ICR_840"
"4488","chr13",113937898,113937899,"chr13",113937748,113938169,"cg19226085_BC22","ICR_840"
"4489","chr13",113937966,113937967,"chr13",113937748,113938169,"cg19226086_TC21","ICR_840"
"4490","chr13",113937977,113937978,"chr13",113937748,113938169,"cg19226088_BC21","ICR_840"
"4491","chr13",113938079,113938080,"chr13",113937748,113938169,"cg19226089_BC21","ICR_840"
"4492","chr13",113938092,113938093,"chr13",113937748,113938169,"cg19226090_BC21","ICR_840"
"4493","chr13",113938154,113938155,"chr13",113937748,113938169,"cg19226091_BC21","ICR_840"
"4494","chr13",113938168,113938169,"chr13",113937748,113938169,"cg19226092_BC21","ICR_840"
"4495","chr13",114198820,114198821,"chr13",114198820,114199079,"cg19233507_BC11","ICR_841"
"4496","chr13",114198820,114198821,"chr13",114198820,114199079,"cg19233507_BC12","ICR_841"
"4497","chr13",114198828,114198829,"chr13",114198820,114199079,"cg19233508_BC11","ICR_841"
"4498","chr13",114198828,114198829,"chr13",114198820,114199079,"cg19233508_BC12","ICR_841"
"4499","chr13",114198992,114198993,"chr13",114198820,114199079,"cg19233532_TC11","ICR_841"
"4500","chr13",114200006,114200007,"chr13",114199983,114200221,"cg19233711_TO11","ICR_843"
"4501","chr13",114200008,114200009,"chr13",114199983,114200221,"cg19233712_TC11","ICR_843"
"4502","chr13",114200022,114200023,"chr13",114199983,114200221,"cg19233713_BO11","ICR_843"
"4503","chr13",114200022,114200023,"chr13",114199983,114200221,"cg19233713_BO12","ICR_843"
"4504","chr13",114200029,114200030,"chr13",114199983,114200221,"cg19233714_TO11","ICR_843"
"4505","chr13",114200068,114200069,"chr13",114199983,114200221,"cg19233715_BC21","ICR_843"
"4506","chr13",114200081,114200082,"chr13",114199983,114200221,"cg19233716_TC21","ICR_843"
"4507","chr13",114200084,114200085,"chr13",114199983,114200221,"cg12406108_BC21","ICR_843"
"4508","chr13",114200092,114200093,"chr13",114199983,114200221,"cg19233717_BC11","ICR_843"
"4509","chr13",114200133,114200134,"chr13",114199983,114200221,"cg19233722_BO11","ICR_843"
"4510","chr13",114200139,114200140,"chr13",114199983,114200221,"cg19233724_BO11","ICR_843"
"4511","chr13",114200154,114200155,"chr13",114199983,114200221,"cg19233725_TO11","ICR_843"
"4512","chr13",114200178,114200179,"chr13",114199983,114200221,"cg19233726_TC11","ICR_843"
"4513","chr13",114200185,114200186,"chr13",114199983,114200221,"cg19233727_BC11","ICR_843"
"4514","chr13",114200193,114200194,"chr13",114199983,114200221,"cg19233728_BC21","ICR_843"
"4515","chr13",114200201,114200202,"chr13",114199983,114200221,"cg19233729_BC11","ICR_843"
"4516","chr13",114200207,114200208,"chr13",114199983,114200221,"cg19233730_BC11","ICR_843"
"4517","chr13",114200207,114200208,"chr13",114199983,114200221,"cg19233730_BC12","ICR_843"
"4518","chr13",114200210,114200211,"chr13",114199983,114200221,"cg19233731_TC21","ICR_843"
"4519","chr13",114200220,114200221,"chr13",114199983,114200221,"cg19233732_BC11","ICR_843"
"4520","chr14",19729936,19729937,"chr14",19729936,19732258,"cg19247944_BC21","ICR_845"
"4521","chr14",19730541,19730542,"chr14",19729936,19732258,"cg19247946_BC21","ICR_845"
"4522","chr14",19731797,19731798,"chr14",19729936,19732258,"cg19247948_BC21","ICR_845"
"4523","chr14",19732257,19732258,"chr14",19729936,19732258,"cg19247950_BC21","ICR_845"
"4524","chr14",20624008,20624009,"chr14",20624008,20624207,"cg19255322_TC11","ICR_846"
"4525","chr14",20624017,20624018,"chr14",20624008,20624207,"cg19255323_BC21","ICR_846"
"4526","chr14",20624024,20624025,"chr14",20624008,20624207,"cg19255324_TC21","ICR_846"
"4527","chr14",20624084,20624085,"chr14",20624008,20624207,"cg19255326_TC11","ICR_846"
"4528","chr14",20624144,20624145,"chr14",20624008,20624207,"cg19255327_BO11","ICR_846"
"4529","chr14",20660008,20660009,"chr14",20660008,20660687,"cg19255927_TC11","ICR_847"
"4530","chr14",20660025,20660026,"chr14",20660008,20660687,"cg19255928_TC21","ICR_847"
"4531","chr14",20660045,20660046,"chr14",20660008,20660687,"cg19255929_BC21","ICR_847"
"4532","chr14",20660045,20660046,"chr14",20660008,20660687,"cg19255929_BC22","ICR_847"
"4533","chr14",20660132,20660133,"chr14",20660008,20660687,"cg19255930_TC11","ICR_847"
"4534","chr14",20660151,20660152,"chr14",20660008,20660687,"cg19255931_TC11","ICR_847"
"4535","chr14",20660171,20660172,"chr14",20660008,20660687,"cg19255932_BC11","ICR_847"
"4536","chr14",20660171,20660172,"chr14",20660008,20660687,"cg19255932_BC12","ICR_847"
"4537","chr14",20660174,20660175,"chr14",20660008,20660687,"cg19255933_TC11","ICR_847"
"4538","chr14",20660186,20660187,"chr14",20660008,20660687,"cg19255934_TC11","ICR_847"
"4539","chr14",20660235,20660236,"chr14",20660008,20660687,"cg19255937_TC11","ICR_847"
"4540","chr14",20660246,20660247,"chr14",20660008,20660687,"cg19255938_BC21","ICR_847"
"4541","chr14",20660249,20660250,"chr14",20660008,20660687,"cg19255939_BC11","ICR_847"
"4542","chr14",20660307,20660308,"chr14",20660008,20660687,"cg19255942_BC21","ICR_847"
"4543","chr14",20660366,20660367,"chr14",20660008,20660687,"cg19255943_TO11","ICR_847"
"4544","chr14",20660455,20660456,"chr14",20660008,20660687,"cg19255945_TC21","ICR_847"
"4545","chr14",20660487,20660488,"chr14",20660008,20660687,"cg19255946_BC21","ICR_847"
"4546","chr14",20660571,20660572,"chr14",20660008,20660687,"cg19255947_TC11","ICR_847"
"4547","chr14",20660578,20660579,"chr14",20660008,20660687,"cg19255948_BC21","ICR_847"
"4548","chr14",20660580,20660581,"chr14",20660008,20660687,"cg19255949_BC21","ICR_847"
"4549","chr14",24331723,24331724,"chr14",24331723,24331907,"cg19298197_BC21","ICR_849"
"4550","chr14",24331751,24331752,"chr14",24331723,24331907,"cg19298198_BC11","ICR_849"
"4551","chr14",24331756,24331757,"chr14",24331723,24331907,"cg19298199_BC21","ICR_849"
"4552","chr14",24331812,24331813,"chr14",24331723,24331907,"cg19298202_TC11","ICR_849"
"4553","chr14",24331850,24331851,"chr14",24331723,24331907,"cg19298206_BC11","ICR_849"
"4554","chr14",24331857,24331858,"chr14",24331723,24331907,"cg19298207_TC11","ICR_849"
"4555","chr14",24331864,24331865,"chr14",24331723,24331907,"cg19298208_TC11","ICR_849"
"4556","chr14",24331866,24331867,"chr14",24331723,24331907,"cg18846074_TC21","ICR_849"
"4557","chr14",24331877,24331878,"chr14",24331723,24331907,"cg19298210_BC21","ICR_849"
"4558","chr14",24331900,24331901,"chr14",24331723,24331907,"cg19298211_TC21","ICR_849"
"4559","chr14",24331906,24331907,"chr14",24331723,24331907,"cg19298212_TC21","ICR_849"
"4560","chr14",24335619,24335620,"chr14",24335543,24336183,"cg19298389_TO11","ICR_850"
"4561","chr14",24335648,24335649,"chr14",24335543,24336183,"cg19298390_BC21","ICR_850"
"4562","chr14",24335652,24335653,"chr14",24335543,24336183,"cg19298391_TC21","ICR_850"
"4563","chr14",24335691,24335692,"chr14",24335543,24336183,"cg19298392_BC21","ICR_850"
"4564","chr14",24335777,24335778,"chr14",24335543,24336183,"cg19298393_BC21","ICR_850"
"4565","chr14",24335865,24335866,"chr14",24335543,24336183,"cg19298394_TC21","ICR_850"
"4566","chr14",32484786,32484787,"chr14",32484786,32484965,"cg19352892_BC11","ICR_852"
"4567","chr14",32484790,32484791,"chr14",32484786,32484965,"cg19352893_BC21","ICR_852"
"4568","chr14",32484793,32484794,"chr14",32484786,32484965,"cg19352894_TC21","ICR_852"
"4569","chr14",32484934,32484935,"chr14",32484786,32484965,"cg19352896_TC21","ICR_852"
"4570","chr14",32484946,32484947,"chr14",32484786,32484965,"cg19352897_BC21","ICR_852"
"4571","chr14",32484961,32484962,"chr14",32484786,32484965,"cg19352898_TC11","ICR_852"
"4572","chr14",33799785,33799786,"chr14",33799785,33799948,"cg19362556_BO11","ICR_853"
"4573","chr14",33799793,33799794,"chr14",33799785,33799948,"cg19362557_BO11","ICR_853"
"4574","chr14",33799793,33799794,"chr14",33799785,33799948,"cg19362557_BO12","ICR_853"
"4575","chr14",33799821,33799822,"chr14",33799785,33799948,"cg19362561_BC11","ICR_853"
"4576","chr14",33799823,33799824,"chr14",33799785,33799948,"cg19362562_TC11","ICR_853"
"4577","chr14",33799833,33799834,"chr14",33799785,33799948,"cg19362563_BC11","ICR_853"
"4578","chr14",33799848,33799849,"chr14",33799785,33799948,"cg19362564_TC11","ICR_853"
"4579","chr14",33799851,33799852,"chr14",33799785,33799948,"cg19362565_BC11","ICR_853"
"4580","chr14",33799851,33799852,"chr14",33799785,33799948,"cg19362565_BC12","ICR_853"
"4581","chr14",33799854,33799855,"chr14",33799785,33799948,"cg19362566_TC11","ICR_853"
"4582","chr14",33799874,33799875,"chr14",33799785,33799948,"cg19362567_BO11","ICR_853"
"4583","chr14",33799882,33799883,"chr14",33799785,33799948,"cg19362568_BO11","ICR_853"
"4584","chr14",33799884,33799885,"chr14",33799785,33799948,"cg19362569_TC11","ICR_853"
"4585","chr14",33799947,33799948,"chr14",33799785,33799948,"cg19362578_BO11","ICR_853"
"4586","chr14",35825390,35825391,"chr14",35825390,35825732,"cg17563995_BC11","ICR_854"
"4587","chr14",35825442,35825443,"chr14",35825390,35825732,"cg19385268_BC11","ICR_854"
"4588","chr14",35825447,35825448,"chr14",35825390,35825732,"cg19385269_TC11","ICR_854"
"4589","chr14",35825452,35825453,"chr14",35825390,35825732,"cg09270514_TC11","ICR_854"
"4590","chr14",35825731,35825732,"chr14",35825390,35825732,"cg19385280_TC21","ICR_854"
"4591","chr14",53976902,53976903,"chr14",53976836,53976954,"cg19511377_TC11","ICR_855"
"4592","chr14",53976902,53976903,"chr14",53976836,53976954,"cg19511377_TC12","ICR_855"
"4593","chr14",54804853,54804854,"chr14",54804851,54805123,"cg19518801_BC11","ICR_856"
"4594","chr14",54804902,54804903,"chr14",54804851,54805123,"cg19518802_BC21","ICR_856"
"4595","chr14",54804946,54804947,"chr14",54804851,54805123,"cg19518805_BC21","ICR_856"
"4596","chr14",54804948,54804949,"chr14",54804851,54805123,"cg19518806_TC21","ICR_856"
"4597","chr14",54805043,54805044,"chr14",54804851,54805123,"cg19518807_TC21","ICR_856"
"4598","chr14",54805065,54805066,"chr14",54804851,54805123,"cg19518808_BC21","ICR_856"
"4599","chr14",59965738,59965739,"chr14",59965738,59965861,"cg19562454_TC11","ICR_857"
"4600","chr14",59965742,59965743,"chr14",59965738,59965861,"cg19562455_BC11","ICR_857"
"4601","chr14",59965754,59965755,"chr14",59965738,59965861,"cg19562457_BC11","ICR_857"
"4602","chr14",59965860,59965861,"chr14",59965738,59965861,"cg19562463_BC11","ICR_857"
"4603","chr14",70360271,70360272,"chr14",70360208,70360280,"cg19656656_TC21","ICR_858"
"4604","chr14",70360279,70360280,"chr14",70360208,70360280,"cg20262330_BC21","ICR_858"
"4605","chr14",70360279,70360280,"chr14",70360208,70360280,"cg20262330_BC22","ICR_858"
"4606","chr14",74265568,74265569,"chr14",74265553,74265792,"cg19699049_TC21","ICR_859"
"4607","chr14",74265648,74265649,"chr14",74265553,74265792,"cg19699050_TO11","ICR_859"
"4608","chr14",74265712,74265713,"chr14",74265553,74265792,"cg19699051_TC21","ICR_859"
"4609","chr14",74265734,74265735,"chr14",74265553,74265792,"cg19699052_TC21","ICR_859"
"4610","chr14",74265791,74265792,"chr14",74265553,74265792,"cg19699053_TC21","ICR_859"
"4611","chr14",75429702,75429703,"chr14",75429702,75430673,"cg19714112_TC21","ICR_860"
"4612","chr14",75430212,75430213,"chr14",75429702,75430673,"cg19714113_TC21","ICR_860"
"4613","chr14",75430248,75430249,"chr14",75429702,75430673,"cg19714114_BC21","ICR_860"
"4614","chr14",75430291,75430292,"chr14",75429702,75430673,"cg19714115_BC21","ICR_860"
"4615","chr14",75430294,75430295,"chr14",75429702,75430673,"cg19714116_TC21","ICR_860"
"4616","chr14",75430305,75430306,"chr14",75429702,75430673,"cg19714117_BC21","ICR_860"
"4617","chr14",75430424,75430425,"chr14",75429702,75430673,"cg19714118_BC21","ICR_860"
"4618","chr14",75430445,75430446,"chr14",75429702,75430673,"cg19714119_BC11","ICR_860"
"4619","chr14",75430633,75430634,"chr14",75429702,75430673,"cg19714120_TC11","ICR_860"
"4620","chr14",75430633,75430634,"chr14",75429702,75430673,"cg19714120_TC12","ICR_860"
"4621","chr14",75430652,75430653,"chr14",75429702,75430673,"cg19714121_TC21","ICR_860"
"4622","chr14",75430672,75430673,"chr14",75429702,75430673,"cg18372896_TC11","ICR_860"
"4623","chr14",93036181,93036182,"chr14",93036163,93036693,"cg19870808_TC21","ICR_862"
"4624","chr14",93036201,93036202,"chr14",93036163,93036693,"cg19870809_BC21","ICR_862"
"4625","chr14",93036218,93036219,"chr14",93036163,93036693,"cg19870810_TC21","ICR_862"
"4626","chr14",93036236,93036237,"chr14",93036163,93036693,"cg19870811_TC21","ICR_862"
"4627","chr14",93036236,93036237,"chr14",93036163,93036693,"cg19870811_TC22","ICR_862"
"4628","chr14",93036308,93036309,"chr14",93036163,93036693,"cg19870812_BC21","ICR_862"
"4629","chr14",93036341,93036342,"chr14",93036163,93036693,"cg22555658_BC21","ICR_862"
"4630","chr14",93036428,93036429,"chr14",93036163,93036693,"cg19870813_BC21","ICR_862"
"4631","chr14",93036440,93036441,"chr14",93036163,93036693,"cg19870814_BC21","ICR_862"
"4632","chr14",93036444,93036445,"chr14",93036163,93036693,"cg19870815_TC21","ICR_862"
"4633","chr14",93036472,93036473,"chr14",93036163,93036693,"cg19870816_BC21","ICR_862"
"4634","chr14",93036484,93036485,"chr14",93036163,93036693,"cg19870817_TC11","ICR_862"
"4635","chr14",93036584,93036585,"chr14",93036163,93036693,"cg21097788_TC21","ICR_862"
"4636","chr14",93036587,93036588,"chr14",93036163,93036693,"cg19870819_TC21","ICR_862"
"4637","chr14",93036639,93036640,"chr14",93036163,93036693,"cg19870820_TO11","ICR_862"
"4638","chr14",93036692,93036693,"chr14",93036163,93036693,"cg19870821_BC21","ICR_862"
"4639","chr14",95714601,95714602,"chr14",95714542,95714740,"cg19903072_TC21","ICR_863"
"4640","chr14",95714603,95714604,"chr14",95714542,95714740,"cg19903073_BC21","ICR_863"
"4641","chr14",95714605,95714606,"chr14",95714542,95714740,"cg19903074_TC21","ICR_863"
"4642","chr14",95714632,95714633,"chr14",95714542,95714740,"cg19903075_BC21","ICR_863"
"4643","chr14",95714679,95714680,"chr14",95714542,95714740,"cg19903076_BC21","ICR_863"
"4644","chr14",95714739,95714740,"chr14",95714542,95714740,"cg19903077_TC21","ICR_863"
"4645","chr14",96392900,96392901,"chr14",96392816,96392937,"cg19910243_BC21","ICR_864"
"4646","chr14",96392911,96392912,"chr14",96392816,96392937,"cg19910244_TO11","ICR_864"
"4647","chr14",96392916,96392917,"chr14",96392816,96392937,"cg19910245_BC11","ICR_864"
"4648","chr14",96392936,96392937,"chr14",96392816,96392937,"cg19910246_TC11","ICR_864"
"4649","chr14",96423669,96423670,"chr14",96423655,96423802,"cg19910615_TC21","ICR_865"
"4650","chr14",96423679,96423680,"chr14",96423655,96423802,"cg19910617_TC21","ICR_865"
"4651","chr14",96423682,96423683,"chr14",96423655,96423802,"cg19910618_BC11","ICR_865"
"4652","chr14",96423756,96423757,"chr14",96423655,96423802,"cg19910621_TC11","ICR_865"
"4653","chr14",96423761,96423762,"chr14",96423655,96423802,"cg19910622_TO11","ICR_865"
"4654","chr14",96423776,96423777,"chr14",96423655,96423802,"cg19910624_TO11","ICR_865"
"4655","chr14",96423780,96423781,"chr14",96423655,96423802,"cg19910625_BC11","ICR_865"
"4656","chr14",96423793,96423794,"chr14",96423655,96423802,"cg19910626_BO11","ICR_865"
"4657","chr14",96423801,96423802,"chr14",96423655,96423802,"cg19910627_BO11","ICR_865"
"4658","chr14",96588927,96588928,"chr14",96588927,96589205,"cg19912610_TO11","ICR_866"
"4659","chr14",96588947,96588948,"chr14",96588927,96589205,"cg19912611_TC11","ICR_866"
"4660","chr14",96589002,96589003,"chr14",96588927,96589205,"cg19912612_BC21","ICR_866"
"4661","chr14",96589002,96589003,"chr14",96588927,96589205,"cg19912612_BC22","ICR_866"
"4662","chr14",96589005,96589006,"chr14",96588927,96589205,"cg19912613_TC21","ICR_866"
"4663","chr14",96589011,96589012,"chr14",96588927,96589205,"cg19912614_BC21","ICR_866"
"4664","chr14",96589018,96589019,"chr14",96588927,96589205,"cg19912615_BC21","ICR_866"
"4665","chr14",96589108,96589109,"chr14",96588927,96589205,"cg19912616_BC21","ICR_866"
"4666","chr14",96589133,96589134,"chr14",96588927,96589205,"cg19912617_TC21","ICR_866"
"4667","chr14",96589133,96589134,"chr14",96588927,96589205,"cg19912617_TC22","ICR_866"
"4668","chr14",96589135,96589136,"chr14",96588927,96589205,"cg19912618_TC11","ICR_866"
"4669","chr14",96589191,96589192,"chr14",96588927,96589205,"cg19912620_TC21","ICR_866"
"4670","chr14",96589204,96589205,"chr14",96588927,96589205,"cg19912621_TC21","ICR_866"
"4671","chr14",98831017,98831018,"chr14",98831017,98831612,"cg19933011_BC21","ICR_867"
"4672","chr14",98831126,98831127,"chr14",98831017,98831612,"cg19933012_BC21","ICR_867"
"4673","chr14",98831140,98831141,"chr14",98831017,98831612,"cg19933013_BC21","ICR_867"
"4674","chr14",98831490,98831491,"chr14",98831017,98831612,"cg19933017_TC11","ICR_867"
"4675","chr14",98831505,98831506,"chr14",98831017,98831612,"cg19933019_BC21","ICR_867"
"4676","chr14",98831519,98831520,"chr14",98831017,98831612,"cg19933020_BO11","ICR_867"
"4677","chr14",98831534,98831535,"chr14",98831017,98831612,"cg19933021_BC21","ICR_867"
"4678","chr14",98831607,98831608,"chr14",98831017,98831612,"cg19933022_TC21","ICR_867"
"4679","chr14",98831611,98831612,"chr14",98831017,98831612,"cg19933023_TC21","ICR_867"
"4680","chr14",98913706,98913707,"chr14",98913706,98914385,"cg19934004_TC21","ICR_868"
"4681","chr14",98913777,98913778,"chr14",98913706,98914385,"cg19934005_BC21","ICR_868"
"4682","chr14",98913780,98913781,"chr14",98913706,98914385,"cg19934006_TC21","ICR_868"
"4683","chr14",98913809,98913810,"chr14",98913706,98914385,"cg19934007_BC21","ICR_868"
"4684","chr14",98913825,98913826,"chr14",98913706,98914385,"cg19934008_TC21","ICR_868"
"4685","chr14",98913839,98913840,"chr14",98913706,98914385,"cg19934009_TC21","ICR_868"
"4686","chr14",98913848,98913849,"chr14",98913706,98914385,"cg19934010_BC21","ICR_868"
"4687","chr14",98914317,98914318,"chr14",98913706,98914385,"cg19934012_BC21","ICR_868"
"4688","chr14",98914384,98914385,"chr14",98913706,98914385,"cg19934013_TC21","ICR_868"
"4689","chr14",100714137,100714138,"chr14",100714136,100714444,"cg19965074_TO21","ICR_869"
"4690","chr14",100714280,100714281,"chr14",100714136,100714444,"cg19965076_TC21","ICR_869"
"4691","chr14",100714283,100714284,"chr14",100714136,100714444,"cg19965077_BC21","ICR_869"
"4692","chr14",100714292,100714293,"chr14",100714136,100714444,"cg19965078_TC21","ICR_869"
"4693","chr14",100714304,100714305,"chr14",100714136,100714444,"cg19965079_BC11","ICR_869"
"4694","chr14",100714313,100714314,"chr14",100714136,100714444,"cg19965080_TC11","ICR_869"
"4695","chr14",100714346,100714347,"chr14",100714136,100714444,"cg19965081_TC11","ICR_869"
"4696","chr14",100714443,100714444,"chr14",100714136,100714444,"cg19965084_TC21","ICR_869"
"4697","chr14",100810232,100810233,"chr14",100810232,100810638,"cg19966913_BC21","ICR_870"
"4698","chr14",100810441,100810442,"chr14",100810232,100810638,"cg19966922_TC21","ICR_870"
"4699","chr14",100810451,100810452,"chr14",100810232,100810638,"cg19966923_TC21","ICR_870"
"4700","chr14",100810599,100810600,"chr14",100810232,100810638,"cg19966924_TC21","ICR_870"
"4701","chr14",100810628,100810629,"chr14",100810232,100810638,"cg19966925_BC21","ICR_870"
"4702","chr14",100810637,100810638,"chr14",100810232,100810638,"cg19966926_TC21","ICR_870"
"4703","chr14",100810928,100810929,"chr14",100810928,100811087,"cg19966930_TC21","ICR_871"
"4704","chr14",100810930,100810931,"chr14",100810928,100811087,"cg19966931_TC21","ICR_871"
"4705","chr14",100810946,100810947,"chr14",100810928,100811087,"cg19966932_TC21","ICR_871"
"4706","chr14",100810948,100810949,"chr14",100810928,100811087,"cg27281850_TC21","ICR_871"
"4707","chr14",100811018,100811019,"chr14",100810928,100811087,"cg19966934_TC21","ICR_871"
"4708","chr14",100811035,100811036,"chr14",100810928,100811087,"cg19966935_TC21","ICR_871"
"4709","chr14",100811072,100811073,"chr14",100810928,100811087,"cg19966936_BC21","ICR_871"
"4710","chr14",100811086,100811087,"chr14",100810928,100811087,"cg19966937_BC21","ICR_871"
"4711","chr14",100824151,100824152,"chr14",100824151,100824410,"cg19967155_TC21","ICR_872"
"4712","chr14",100824186,100824187,"chr14",100824151,100824410,"cg19967156_TC11","ICR_872"
"4713","chr14",100824207,100824208,"chr14",100824151,100824410,"cg19967158_TC21","ICR_872"
"4714","chr14",100824276,100824277,"chr14",100824151,100824410,"cg19967165_BC11","ICR_872"
"4715","chr14",100824279,100824280,"chr14",100824151,100824410,"cg19967166_TC11","ICR_872"
"4716","chr14",100824279,100824280,"chr14",100824151,100824410,"cg19967166_TC12","ICR_872"
"4717","chr14",100824289,100824290,"chr14",100824151,100824410,"cg19967167_TC11","ICR_872"
"4718","chr14",100824327,100824328,"chr14",100824151,100824410,"cg19967170_TO11","ICR_872"
"4719","chr14",100824351,100824352,"chr14",100824151,100824410,"cg19967172_BO11","ICR_872"
"4720","chr14",100824379,100824380,"chr14",100824151,100824410,"cg10515315_TC21","ICR_872"
"4721","chr14",100824555,100824556,"chr14",100824555,100828242,"cg19967184_TC11","ICR_873"
"4722","chr14",100824623,100824624,"chr14",100824555,100828242,"cg19967185_BC21","ICR_873"
"4723","chr14",100824648,100824649,"chr14",100824555,100828242,"cg19967186_TC21","ICR_873"
"4724","chr14",100824667,100824668,"chr14",100824555,100828242,"cg19967187_TC11","ICR_873"
"4725","chr14",100824674,100824675,"chr14",100824555,100828242,"cg19967188_BC11","ICR_873"
"4726","chr14",100824696,100824697,"chr14",100824555,100828242,"cg19967189_BC11","ICR_873"
"4727","chr14",100824714,100824715,"chr14",100824555,100828242,"cg19967190_BC11","ICR_873"
"4728","chr14",100824727,100824728,"chr14",100824555,100828242,"cg19967191_BC11","ICR_873"
"4729","chr14",100824730,100824731,"chr14",100824555,100828242,"cg23870378_TC21","ICR_873"
"4730","chr14",100824742,100824743,"chr14",100824555,100828242,"cg19967192_BC11","ICR_873"
"4731","chr14",100824745,100824746,"chr14",100824555,100828242,"cg19967193_TC21","ICR_873"
"4732","chr14",100824762,100824763,"chr14",100824555,100828242,"cg14034270_BC21","ICR_873"
"4733","chr14",100824870,100824871,"chr14",100824555,100828242,"cg19967194_TC21","ICR_873"
"4734","chr14",100824899,100824900,"chr14",100824555,100828242,"cg19967196_BC21","ICR_873"
"4735","chr14",100824922,100824923,"chr14",100824555,100828242,"cg19967197_TC11","ICR_873"
"4736","chr14",100824930,100824931,"chr14",100824555,100828242,"cg19967198_TC11","ICR_873"
"4737","chr14",100824953,100824954,"chr14",100824555,100828242,"cg19967199_TC11","ICR_873"
"4738","chr14",100825131,100825132,"chr14",100824555,100828242,"cg16738180_TC21","ICR_873"
"4739","chr14",100825131,100825132,"chr14",100824555,100828242,"cg16738180_TC22","ICR_873"
"4740","chr14",100825149,100825150,"chr14",100824555,100828242,"cg19967201_BC21","ICR_873"
"4741","chr14",100825162,100825163,"chr14",100824555,100828242,"cg19643803_TC21","ICR_873"
"4742","chr14",100825206,100825207,"chr14",100824555,100828242,"cg19967202_TC11","ICR_873"
"4743","chr14",100825212,100825213,"chr14",100824555,100828242,"cg19967203_BC21","ICR_873"
"4744","chr14",100825218,100825219,"chr14",100824555,100828242,"cg19967204_TC11","ICR_873"
"4745","chr14",100825230,100825231,"chr14",100824555,100828242,"cg19967206_BO11","ICR_873"
"4746","chr14",100825245,100825246,"chr14",100824555,100828242,"cg19967207_BO11","ICR_873"
"4747","chr14",100825264,100825265,"chr14",100824555,100828242,"cg10065153_TC21","ICR_873"
"4748","chr14",100825349,100825350,"chr14",100824555,100828242,"cg09280976_TC21","ICR_873"
"4749","chr14",100825380,100825381,"chr14",100824555,100828242,"cg19967209_TC21","ICR_873"
"4750","chr14",100825491,100825492,"chr14",100824555,100828242,"cg22940816_TC21","ICR_873"
"4751","chr14",100825547,100825548,"chr14",100824555,100828242,"cg19967214_TC21","ICR_873"
"4752","chr14",100825555,100825556,"chr14",100824555,100828242,"cg19967215_TC21","ICR_873"
"4753","chr14",100825599,100825600,"chr14",100824555,100828242,"cg19967216_TC11","ICR_873"
"4754","chr14",100825655,100825656,"chr14",100824555,100828242,"cg19967217_TC21","ICR_873"
"4755","chr14",100825659,100825660,"chr14",100824555,100828242,"cg12967319_BC21","ICR_873"
"4756","chr14",100825736,100825737,"chr14",100824555,100828242,"cg19967221_BC11","ICR_873"
"4757","chr14",100825742,100825743,"chr14",100824555,100828242,"cg19967222_TC11","ICR_873"
"4758","chr14",100825760,100825761,"chr14",100824555,100828242,"cg19967223_BC11","ICR_873"
"4759","chr14",100825800,100825801,"chr14",100824555,100828242,"cg19967226_BC21","ICR_873"
"4760","chr14",100825816,100825817,"chr14",100824555,100828242,"cg19967227_TC21","ICR_873"
"4761","chr14",100825857,100825858,"chr14",100824555,100828242,"cg19967228_BO11","ICR_873"
"4762","chr14",100825862,100825863,"chr14",100824555,100828242,"cg19967229_TO11","ICR_873"
"4763","chr14",100825870,100825871,"chr14",100824555,100828242,"cg19967230_TO11","ICR_873"
"4764","chr14",100825887,100825888,"chr14",100824555,100828242,"cg19967231_BO11","ICR_873"
"4765","chr14",100825912,100825913,"chr14",100824555,100828242,"cg19967233_BO11","ICR_873"
"4766","chr14",100825968,100825969,"chr14",100824555,100828242,"cg25836301_BC21","ICR_873"
"4767","chr14",100826037,100826038,"chr14",100824555,100828242,"cg12623211_TC21","ICR_873"
"4768","chr14",100826037,100826038,"chr14",100824555,100828242,"cg12623211_TC22","ICR_873"
"4769","chr14",100826054,100826055,"chr14",100824555,100828242,"cg09926418_TC21","ICR_873"
"4770","chr14",100826054,100826055,"chr14",100824555,100828242,"cg09926418_TC22","ICR_873"
"4771","chr14",100826060,100826061,"chr14",100824555,100828242,"cg20607181_BC21","ICR_873"
"4772","chr14",100826081,100826082,"chr14",100824555,100828242,"cg14759154_BC21","ICR_873"
"4773","chr14",100826125,100826126,"chr14",100824555,100828242,"cg19967237_BO11","ICR_873"
"4774","chr14",100826192,100826193,"chr14",100824555,100828242,"cg19967243_TC11","ICR_873"
"4775","chr14",100826198,100826199,"chr14",100824555,100828242,"cg19967244_TC21","ICR_873"
"4776","chr14",100826239,100826240,"chr14",100824555,100828242,"cg19967246_TC11","ICR_873"
"4777","chr14",100826263,100826264,"chr14",100824555,100828242,"cg19967247_BC11","ICR_873"
"4778","chr14",100826270,100826271,"chr14",100824555,100828242,"cg19967248_TC21","ICR_873"
"4779","chr14",100826305,100826306,"chr14",100824555,100828242,"cg23176399_BC21","ICR_873"
"4780","chr14",100826351,100826352,"chr14",100824555,100828242,"cg19967249_BC21","ICR_873"
"4781","chr14",100826362,100826363,"chr14",100824555,100828242,"cg19967250_TC21","ICR_873"
"4782","chr14",100826362,100826363,"chr14",100824555,100828242,"cg19967250_TC22","ICR_873"
"4783","chr14",100826366,100826367,"chr14",100824555,100828242,"cg19967251_TC21","ICR_873"
"4784","chr14",100826370,100826371,"chr14",100824555,100828242,"cg19967252_TC21","ICR_873"
"4785","chr14",100826370,100826371,"chr14",100824555,100828242,"cg19967252_TC22","ICR_873"
"4786","chr14",100826494,100826495,"chr14",100824555,100828242,"cg19967253_BC11","ICR_873"
"4787","chr14",100826526,100826527,"chr14",100824555,100828242,"cg19967254_BO11","ICR_873"
"4788","chr14",100826534,100826535,"chr14",100824555,100828242,"cg15419911_BC11","ICR_873"
"4789","chr14",100826551,100826552,"chr14",100824555,100828242,"cg19967255_TC11","ICR_873"
"4790","chr14",100826558,100826559,"chr14",100824555,100828242,"cg19967256_BC11","ICR_873"
"4791","chr14",100826591,100826592,"chr14",100824555,100828242,"cg19967258_TC21","ICR_873"
"4792","chr14",100826593,100826594,"chr14",100824555,100828242,"cg19967259_BC11","ICR_873"
"4793","chr14",100826614,100826615,"chr14",100824555,100828242,"cg19967260_TC11","ICR_873"
"4794","chr14",100826614,100826615,"chr14",100824555,100828242,"cg19967260_TC12","ICR_873"
"4795","chr14",100826617,100826618,"chr14",100824555,100828242,"cg19967261_TC21","ICR_873"
"4796","chr14",100826629,100826630,"chr14",100824555,100828242,"cg14245102_BC11","ICR_873"
"4797","chr14",100826629,100826630,"chr14",100824555,100828242,"cg14245102_BC12","ICR_873"
"4798","chr14",100826659,100826660,"chr14",100824555,100828242,"cg19967262_TC11","ICR_873"
"4799","chr14",100826676,100826677,"chr14",100824555,100828242,"cg19967263_BO11","ICR_873"
"4800","chr14",100826721,100826722,"chr14",100824555,100828242,"cg19967265_TC21","ICR_873"
"4801","chr14",100826727,100826728,"chr14",100824555,100828242,"cg19967266_BC21","ICR_873"
"4802","chr14",100826727,100826728,"chr14",100824555,100828242,"cg19967266_BC22","ICR_873"
"4803","chr14",100826750,100826751,"chr14",100824555,100828242,"cg19967267_BC21","ICR_873"
"4804","chr14",100826752,100826753,"chr14",100824555,100828242,"cg15373285_TC21","ICR_873"
"4805","chr14",100826762,100826763,"chr14",100824555,100828242,"cg19967268_TC21","ICR_873"
"4806","chr14",100826762,100826763,"chr14",100824555,100828242,"cg19967268_TC22","ICR_873"
"4807","chr14",100826828,100826829,"chr14",100824555,100828242,"cg19967269_TC21","ICR_873"
"4808","chr14",100826828,100826829,"chr14",100824555,100828242,"cg19967269_TC22","ICR_873"
"4809","chr14",100826881,100826882,"chr14",100824555,100828242,"cg19967270_BC21","ICR_873"
"4810","chr14",100826938,100826939,"chr14",100824555,100828242,"cg19967272_BC21","ICR_873"
"4811","chr14",100827090,100827091,"chr14",100824555,100828242,"cg19967275_BO11","ICR_873"
"4812","chr14",100827092,100827093,"chr14",100824555,100828242,"cg19967276_TO11","ICR_873"
"4813","chr14",100827107,100827108,"chr14",100824555,100828242,"cg19967277_BC11","ICR_873"
"4814","chr14",100827107,100827108,"chr14",100824555,100828242,"cg19967277_BC12","ICR_873"
"4815","chr14",100827112,100827113,"chr14",100824555,100828242,"cg14123427_TC21","ICR_873"
"4816","chr14",100827121,100827122,"chr14",100824555,100828242,"cg19967278_BC21","ICR_873"
"4817","chr14",100827121,100827122,"chr14",100824555,100828242,"cg19967278_BC22","ICR_873"
"4818","chr14",100827125,100827126,"chr14",100824555,100828242,"cg19967279_BC11","ICR_873"
"4819","chr14",100827167,100827168,"chr14",100824555,100828242,"cg19967280_TC21","ICR_873"
"4820","chr14",100827210,100827211,"chr14",100824555,100828242,"cg19967281_TC11","ICR_873"
"4821","chr14",100827248,100827249,"chr14",100824555,100828242,"cg19967284_TO11","ICR_873"
"4822","chr14",100827254,100827255,"chr14",100824555,100828242,"cg19967285_TO11","ICR_873"
"4823","chr14",100827264,100827265,"chr14",100824555,100828242,"cg19967286_BO11","ICR_873"
"4824","chr14",100827299,100827300,"chr14",100824555,100828242,"cg19967287_BC11","ICR_873"
"4825","chr14",100827307,100827308,"chr14",100824555,100828242,"cg09291977_BC21","ICR_873"
"4826","chr14",100827313,100827314,"chr14",100824555,100828242,"cg19967288_BC11","ICR_873"
"4827","chr14",100827321,100827322,"chr14",100824555,100828242,"cg19967289_BC11","ICR_873"
"4828","chr14",100827336,100827337,"chr14",100824555,100828242,"cg19967290_BC11","ICR_873"
"4829","chr14",100827382,100827383,"chr14",100824555,100828242,"cg19967291_BO11","ICR_873"
"4830","chr14",100827386,100827387,"chr14",100824555,100828242,"cg19967292_TC21","ICR_873"
"4831","chr14",100827388,100827389,"chr14",100824555,100828242,"cg15101633_TC21","ICR_873"
"4832","chr14",100827414,100827415,"chr14",100824555,100828242,"cg19967293_TC21","ICR_873"
"4833","chr14",100827448,100827449,"chr14",100824555,100828242,"cg19967294_BC11","ICR_873"
"4834","chr14",100827468,100827469,"chr14",100824555,100828242,"cg19967296_BC11","ICR_873"
"4835","chr14",100827483,100827484,"chr14",100824555,100828242,"cg19967298_TC11","ICR_873"
"4836","chr14",100827492,100827493,"chr14",100824555,100828242,"cg19967299_BO11","ICR_873"
"4837","chr14",100827495,100827496,"chr14",100824555,100828242,"cg19967300_TO11","ICR_873"
"4838","chr14",100827518,100827519,"chr14",100824555,100828242,"cg26374305_BC11","ICR_873"
"4839","chr14",100827530,100827531,"chr14",100824555,100828242,"cg19967302_BC11","ICR_873"
"4840","chr14",100827712,100827713,"chr14",100824555,100828242,"cg19967310_TO11","ICR_873"
"4841","chr14",100827718,100827719,"chr14",100824555,100828242,"cg19967311_BO11","ICR_873"
"4842","chr14",100827725,100827726,"chr14",100824555,100828242,"cg19967312_BC11","ICR_873"
"4843","chr14",100827728,100827729,"chr14",100824555,100828242,"cg19967313_TC21","ICR_873"
"4844","chr14",100827745,100827746,"chr14",100824555,100828242,"cg19967314_TC11","ICR_873"
"4845","chr14",100827758,100827759,"chr14",100824555,100828242,"cg19967315_TC21","ICR_873"
"4846","chr14",100827780,100827781,"chr14",100824555,100828242,"cg19967316_BC21","ICR_873"
"4847","chr14",100827780,100827781,"chr14",100824555,100828242,"cg19967316_BC22","ICR_873"
"4848","chr14",100827785,100827786,"chr14",100824555,100828242,"cg19967317_TC11","ICR_873"
"4849","chr14",100827801,100827802,"chr14",100824555,100828242,"cg19967318_TC11","ICR_873"
"4850","chr14",100827809,100827810,"chr14",100824555,100828242,"cg08698721_BC21","ICR_873"
"4851","chr14",100827847,100827848,"chr14",100824555,100828242,"cg19967319_TC21","ICR_873"
"4852","chr14",100827880,100827881,"chr14",100824555,100828242,"cg19967321_TO11","ICR_873"
"4853","chr14",100827880,100827881,"chr14",100824555,100828242,"cg19967321_TO12","ICR_873"
"4854","chr14",100827908,100827909,"chr14",100824555,100828242,"cg19967322_BC11","ICR_873"
"4855","chr14",100827913,100827914,"chr14",100824555,100828242,"cg19967323_TC11","ICR_873"
"4856","chr14",100827916,100827917,"chr14",100824555,100828242,"cg19967324_BC21","ICR_873"
"4857","chr14",100827934,100827935,"chr14",100824555,100828242,"cg19967325_BC11","ICR_873"
"4858","chr14",100827942,100827943,"chr14",100824555,100828242,"cg19967326_TC11","ICR_873"
"4859","chr14",100827990,100827991,"chr14",100824555,100828242,"cg19967328_BC21","ICR_873"
"4860","chr14",100827999,100828000,"chr14",100824555,100828242,"cg19967329_TC21","ICR_873"
"4861","chr14",100828008,100828009,"chr14",100824555,100828242,"cg19967330_TC11","ICR_873"
"4862","chr14",100828012,100828013,"chr14",100824555,100828242,"cg19967331_BC11","ICR_873"
"4863","chr14",100828012,100828013,"chr14",100824555,100828242,"cg19967331_BC12","ICR_873"
"4864","chr14",100828019,100828020,"chr14",100824555,100828242,"cg19967332_BC11","ICR_873"
"4865","chr14",100828024,100828025,"chr14",100824555,100828242,"cg19967333_TC11","ICR_873"
"4866","chr14",100828027,100828028,"chr14",100824555,100828242,"cg19967334_BC11","ICR_873"
"4867","chr14",100828027,100828028,"chr14",100824555,100828242,"cg19967334_BC12","ICR_873"
"4868","chr14",100828068,100828069,"chr14",100824555,100828242,"cg19967335_BC21","ICR_873"
"4869","chr14",100828079,100828080,"chr14",100824555,100828242,"cg19967336_BC21","ICR_873"
"4870","chr14",100828084,100828085,"chr14",100824555,100828242,"cg19967337_BC11","ICR_873"
"4871","chr14",100828094,100828095,"chr14",100824555,100828242,"cg19967338_BC11","ICR_873"
"4872","chr14",100828229,100828230,"chr14",100824555,100828242,"cg19967349_TC11","ICR_873"
"4873","chr14",100828231,100828232,"chr14",100824555,100828242,"cg19967350_TC11","ICR_873"
"4874","chr14",100828241,100828242,"chr14",100824555,100828242,"cg19967351_BC11","ICR_873"
"4875","chr14",103928465,103928466,"chr14",103928393,103928494,"cg20024317_TO11","ICR_874"
"4876","chr14",103928490,103928491,"chr14",103928393,103928494,"cg20024319_TC11","ICR_874"
"4877","chr14",104171068,104171069,"chr14",104171068,104171501,"cg20029061_TO11","ICR_875"
"4878","chr14",104171115,104171116,"chr14",104171068,104171501,"cg20029062_BC21","ICR_875"
"4879","chr14",104171121,104171122,"chr14",104171068,104171501,"cg20029063_BC21","ICR_875"
"4880","chr14",104171168,104171169,"chr14",104171068,104171501,"cg20029065_TC11","ICR_875"
"4881","chr14",104171193,104171194,"chr14",104171068,104171501,"cg20029066_TC21","ICR_875"
"4882","chr14",104171216,104171217,"chr14",104171068,104171501,"cg20029067_BC21","ICR_875"
"4883","chr14",104171253,104171254,"chr14",104171068,104171501,"cg20029068_BC21","ICR_875"
"4884","chr14",104171431,104171432,"chr14",104171068,104171501,"cg20029072_TC21","ICR_875"
"4885","chr14",104171437,104171438,"chr14",104171068,104171501,"cg27172568_TC21","ICR_875"
"4886","chr14",104474031,104474032,"chr14",104473962,104474087,"cg18385190_TC11","ICR_877"
"4887","chr14",104474048,104474049,"chr14",104473962,104474087,"cg10505973_BC11","ICR_877"
"4888","chr14",104474048,104474049,"chr14",104473962,104474087,"cg10505973_BC12","ICR_877"
"4889","chr14",104474071,104474072,"chr14",104473962,104474087,"cg20035602_TC11","ICR_877"
"4890","chr14",104474076,104474077,"chr14",104473962,104474087,"cg20035603_BC11","ICR_877"
"4891","chr14",104474086,104474087,"chr14",104473962,104474087,"cg20035605_BC11","ICR_877"
"4892","chr14",105060529,105060530,"chr14",105060529,105060974,"cg20050525_BC21","ICR_878"
"4893","chr14",105060541,105060542,"chr14",105060529,105060974,"cg20050526_TO11","ICR_878"
"4894","chr14",105060575,105060576,"chr14",105060529,105060974,"cg20050527_BC21","ICR_878"
"4895","chr14",105060575,105060576,"chr14",105060529,105060974,"cg20050527_BC22","ICR_878"
"4896","chr14",105060655,105060656,"chr14",105060529,105060974,"cg20050528_TC21","ICR_878"
"4897","chr14",105060664,105060665,"chr14",105060529,105060974,"cg20050529_TO11","ICR_878"
"4898","chr14",105060776,105060777,"chr14",105060529,105060974,"cg20050531_TC21","ICR_878"
"4899","chr14",105060786,105060787,"chr14",105060529,105060974,"cg20050532_BC21","ICR_878"
"4900","chr14",105060799,105060800,"chr14",105060529,105060974,"cg20050533_TC21","ICR_878"
"4901","chr14",105060872,105060873,"chr14",105060529,105060974,"cg20050534_TC21","ICR_878"
"4902","chr14",105060883,105060884,"chr14",105060529,105060974,"cg20050535_BC11","ICR_878"
"4903","chr14",105060894,105060895,"chr14",105060529,105060974,"cg20050536_TC21","ICR_878"
"4904","chr14",105060973,105060974,"chr14",105060529,105060974,"cg20050537_BC21","ICR_878"
"4905","chr14",105628831,105628832,"chr14",105628649,105629100,"cg20066772_BC21","ICR_879"
"4906","chr14",105628856,105628857,"chr14",105628649,105629100,"cg13098319_TC21","ICR_879"
"4907","chr14",105628979,105628980,"chr14",105628649,105629100,"cg20066773_BC21","ICR_879"
"4908","chr14",105628979,105628980,"chr14",105628649,105629100,"cg20066773_BC22","ICR_879"
"4909","chr14",106650085,106650086,"chr14",106650085,106650799,"cg20078503_BC21","ICR_880"
"4910","chr14",106650315,106650316,"chr14",106650085,106650799,"cg20078505_TC21","ICR_880"
"4911","chr14",106650372,106650373,"chr14",106650085,106650799,"cg20078507_TC21","ICR_880"
"4912","chr14",106650438,106650439,"chr14",106650085,106650799,"cg20078509_BC21","ICR_880"
"4913","chr14",106650798,106650799,"chr14",106650085,106650799,"cg20078510_TC21","ICR_880"
"4914","chr14",106798103,106798104,"chr14",106797963,106799288,"cg20079799_TC21","ICR_881"
"4915","chr14",106798158,106798159,"chr14",106797963,106799288,"cg20079801_TC21","ICR_881"
"4916","chr14",106798220,106798221,"chr14",106797963,106799288,"cg20079802_TC21","ICR_881"
"4917","chr14",106798379,106798380,"chr14",106797963,106799288,"cg20079804_TC11","ICR_881"
"4918","chr14",106798408,106798409,"chr14",106797963,106799288,"cg20079805_BC11","ICR_881"
"4919","chr14",106799287,106799288,"chr14",106797963,106799288,"cg20079806_TO11","ICR_881"
"4920","chr15",19891943,19891944,"chr15",19891501,19892733,"cg20086449_BC21","ICR_882"
"4921","chr15",20417136,20417137,"chr15",20416865,20418250,"cg20091981_TC21","ICR_884"
"4922","chr15",20417653,20417654,"chr15",20416865,20418250,"cg20091982_TC21","ICR_884"
"4923","chr15",20417736,20417737,"chr15",20416865,20418250,"cg20091983_BC21","ICR_884"
"4924","chr15",20418151,20418152,"chr15",20416865,20418250,"cg20091984_BC21","ICR_884"
"4925","chr15",20418151,20418152,"chr15",20416865,20418250,"cg20091984_BC22","ICR_884"
"4926","chr15",20418249,20418250,"chr15",20416865,20418250,"cg20091985_TC21","ICR_884"
"4927","chr15",23561911,23561912,"chr15",23561841,23563087,"cg20118127_BC21","ICR_886"
"4928","chr15",23561938,23561939,"chr15",23561841,23563087,"cg20118128_BC21","ICR_886"
"4929","chr15",23562032,23562033,"chr15",23561841,23563087,"cg17819168_BC21","ICR_886"
"4930","chr15",23562046,23562047,"chr15",23561841,23563087,"cg20118129_TC21","ICR_886"
"4931","chr15",23562048,23562049,"chr15",23561841,23563087,"cg20118130_TC11","ICR_886"
"4932","chr15",23562061,23562062,"chr15",23561841,23563087,"cg20118131_TO11","ICR_886"
"4933","chr15",23562086,23562087,"chr15",23561841,23563087,"cg13423098_TC11","ICR_886"
"4934","chr15",23562086,23562087,"chr15",23561841,23563087,"cg13423098_TC12","ICR_886"
"4935","chr15",23562110,23562111,"chr15",23561841,23563087,"cg20118138_TC11","ICR_886"
"4936","chr15",23562147,23562148,"chr15",23561841,23563087,"cg20118142_TC21","ICR_886"
"4937","chr15",23562235,23562236,"chr15",23561841,23563087,"cg20118143_BC11","ICR_886"
"4938","chr15",23562252,23562253,"chr15",23561841,23563087,"cg20118144_BC21","ICR_886"
"4939","chr15",23562265,23562266,"chr15",23561841,23563087,"cg20118145_TC21","ICR_886"
"4940","chr15",23562375,23562376,"chr15",23561841,23563087,"cg20118146_BC21","ICR_886"
"4941","chr15",23562399,23562400,"chr15",23561841,23563087,"cg20118147_TC21","ICR_886"
"4942","chr15",23562424,23562425,"chr15",23561841,23563087,"cg20118148_BC21","ICR_886"
"4943","chr15",23562443,23562444,"chr15",23561841,23563087,"cg20118149_BC21","ICR_886"
"4944","chr15",23563086,23563087,"chr15",23561841,23563087,"cg20118151_TC21","ICR_886"
"4945","chr15",23647367,23647368,"chr15",23647238,23648622,"cg20119211_TC21","ICR_887"
"4946","chr15",23647373,23647374,"chr15",23647238,23648622,"cg20119212_TC21","ICR_887"
"4947","chr15",23647388,23647389,"chr15",23647238,23648622,"cg20119213_TC21","ICR_887"
"4948","chr15",23647433,23647434,"chr15",23647238,23648622,"cg20119215_TC11","ICR_887"
"4949","chr15",23647448,23647449,"chr15",23647238,23648622,"cg20119216_TC21","ICR_887"
"4950","chr15",23647573,23647574,"chr15",23647238,23648622,"cg20119222_BC21","ICR_887"
"4951","chr15",23647622,23647623,"chr15",23647238,23648622,"cg14432018_BC21","ICR_887"
"4952","chr15",23647622,23647623,"chr15",23647238,23648622,"cg14432018_BC22","ICR_887"
"4953","chr15",23647629,23647630,"chr15",23647238,23648622,"cg20119223_BC21","ICR_887"
"4954","chr15",23647682,23647683,"chr15",23647238,23648622,"cg20119229_TC11","ICR_887"
"4955","chr15",23647688,23647689,"chr15",23647238,23648622,"cg20119230_BC11","ICR_887"
"4956","chr15",23647700,23647701,"chr15",23647238,23648622,"cg20119232_TC21","ICR_887"
"4957","chr15",23647709,23647710,"chr15",23647238,23648622,"cg20119233_TC21","ICR_887"
"4958","chr15",23647736,23647737,"chr15",23647238,23648622,"cg20119234_TC21","ICR_887"
"4959","chr15",23647736,23647737,"chr15",23647238,23648622,"cg20119234_TC22","ICR_887"
"4960","chr15",23647775,23647776,"chr15",23647238,23648622,"cg20119235_TC21","ICR_887"
"4961","chr15",23647877,23647878,"chr15",23647238,23648622,"cg19961998_TC21","ICR_887"
"4962","chr15",23647882,23647883,"chr15",23647238,23648622,"cg22925508_BC11","ICR_887"
"4963","chr15",23647892,23647893,"chr15",23647238,23648622,"cg18253764_TC11","ICR_887"
"4964","chr15",23647938,23647939,"chr15",23647238,23648622,"cg19147262_BC11","ICR_887"
"4965","chr15",23647944,23647945,"chr15",23647238,23648622,"cg20119238_TC21","ICR_887"
"4966","chr15",23648204,23648205,"chr15",23647238,23648622,"cg20119243_TC21","ICR_887"
"4967","chr15",23648220,23648221,"chr15",23647238,23648622,"cg20119244_BC21","ICR_887"
"4968","chr15",23648380,23648381,"chr15",23647238,23648622,"cg20119245_TC21","ICR_887"
"4969","chr15",23648423,23648424,"chr15",23647238,23648622,"cg20119246_BC21","ICR_887"
"4970","chr15",23648594,23648595,"chr15",23647238,23648622,"cg22872376_TC21","ICR_887"
"4971","chr15",23648621,23648622,"chr15",23647238,23648622,"cg20871407_BC21","ICR_887"
"4972","chr15",23686522,23686523,"chr15",23686522,23686574,"cg20119620_TC21","ICR_888"
"4973","chr15",23686526,23686527,"chr15",23686522,23686574,"cg18602919_TC21","ICR_888"
"4974","chr15",23686532,23686533,"chr15",23686522,23686574,"cg20119621_BC11","ICR_888"
"4975","chr15",23686558,23686559,"chr15",23686522,23686574,"cg20119622_BC11","ICR_888"
"4976","chr15",23686573,23686574,"chr15",23686522,23686574,"cg20119623_TC11","ICR_888"
"4977","chr15",23758903,23758904,"chr15",23758903,23759277,"cg20120382_TO11","ICR_889"
"4978","chr15",23758936,23758937,"chr15",23758903,23759277,"cg20120383_BC21","ICR_889"
"4979","chr15",23759004,23759005,"chr15",23758903,23759277,"cg20120384_BC21","ICR_889"
"4980","chr15",23759022,23759023,"chr15",23758903,23759277,"cg20120385_TC21","ICR_889"
"4981","chr15",23759178,23759179,"chr15",23758903,23759277,"cg20120387_BC21","ICR_889"
"4982","chr15",23759276,23759277,"chr15",23758903,23759277,"cg20120388_BC21","ICR_889"
"4983","chr15",23860772,23860773,"chr15",23860772,23861094,"cg20121269_BC21","ICR_890"
"4984","chr15",23860825,23860826,"chr15",23860772,23861094,"cg20121270_BC21","ICR_890"
"4985","chr15",23860832,23860833,"chr15",23860772,23861094,"cg20121271_BC21","ICR_890"
"4986","chr15",23860924,23860925,"chr15",23860772,23861094,"cg20121272_TC11","ICR_890"
"4987","chr15",23860935,23860936,"chr15",23860772,23861094,"cg20121273_TC21","ICR_890"
"4988","chr15",23860951,23860952,"chr15",23860772,23861094,"cg20121274_TC21","ICR_890"
"4989","chr15",23860972,23860973,"chr15",23860772,23861094,"cg20121275_TC11","ICR_890"
"4990","chr15",23860990,23860991,"chr15",23860772,23861094,"cg20121276_BC21","ICR_890"
"4991","chr15",23861093,23861094,"chr15",23860772,23861094,"cg20121277_TC21","ICR_890"
"4992","chr15",23897425,23897426,"chr15",23897270,23897645,"cg20121672_TO21","ICR_891"
"4993","chr15",23897440,23897441,"chr15",23897270,23897645,"cg20121673_BC11","ICR_891"
"4994","chr15",23897520,23897521,"chr15",23897270,23897645,"cg20121675_TO21","ICR_891"
"4995","chr15",23897573,23897574,"chr15",23897270,23897645,"cg20121676_TC21","ICR_891"
"4996","chr15",23897644,23897645,"chr15",23897270,23897645,"cg20121677_BC21","ICR_891"
"4997","chr15",23897644,23897645,"chr15",23897270,23897645,"cg20121677_BC22","ICR_891"
"4998","chr15",24877836,24877837,"chr15",24877836,24878217,"cg20129183_BC11","ICR_892"
"4999","chr15",24877879,24877880,"chr15",24877836,24878217,"cg20129184_TC21","ICR_892"
"5000","chr15",24877938,24877939,"chr15",24877836,24878217,"cg20129185_BC21","ICR_892"
"5001","chr15",24877950,24877951,"chr15",24877836,24878217,"cg20129186_TC21","ICR_892"
"5002","chr15",24878000,24878001,"chr15",24877836,24878217,"cg20129187_BC21","ICR_892"
"5003","chr15",24878139,24878140,"chr15",24877836,24878217,"cg27644292_TC21","ICR_892"
"5004","chr15",24878182,24878183,"chr15",24877836,24878217,"cg20129188_BC21","ICR_892"
"5005","chr15",24878210,24878211,"chr15",24877836,24878217,"cg20129189_BC21","ICR_892"
"5006","chr15",24878216,24878217,"chr15",24877836,24878217,"cg20129190_TC21","ICR_892"
"5007","chr15",24954591,24954592,"chr15",24954591,24956828,"cg20130132_TO11","ICR_893"
"5008","chr15",24954625,24954626,"chr15",24954591,24956828,"cg20130133_TC21","ICR_893"
"5009","chr15",24954913,24954914,"chr15",24954591,24956828,"cg20130140_TO11","ICR_893"
"5010","chr15",24954931,24954932,"chr15",24954591,24956828,"cg20130142_TO11","ICR_893"
"5011","chr15",24954943,24954944,"chr15",24954591,24956828,"cg20130143_BO11","ICR_893"
"5012","chr15",24954965,24954966,"chr15",24954591,24956828,"cg16744228_BC11","ICR_893"
"5013","chr15",24954965,24954966,"chr15",24954591,24956828,"cg16744228_BC12","ICR_893"
"5014","chr15",24954985,24954986,"chr15",24954591,24956828,"cg17916021_BC11","ICR_893"
"5015","chr15",24955001,24955002,"chr15",24954591,24956828,"cg20130146_BC11","ICR_893"
"5016","chr15",24955004,24955005,"chr15",24954591,24956828,"cg20130147_TO11","ICR_893"
"5017","chr15",24955017,24955018,"chr15",24954591,24956828,"cg20130148_TC11","ICR_893"
"5018","chr15",24955044,24955045,"chr15",24954591,24956828,"cg20130150_TC11","ICR_893"
"5019","chr15",24955054,24955055,"chr15",24954591,24956828,"cg17503663_TC11","ICR_893"
"5020","chr15",24955073,24955074,"chr15",24954591,24956828,"cg20130152_BC11","ICR_893"
"5021","chr15",24955105,24955106,"chr15",24954591,24956828,"cg18506672_TC21","ICR_893"
"5022","chr15",24955162,24955163,"chr15",24954591,24956828,"cg20130153_BC21","ICR_893"
"5023","chr15",24955205,24955206,"chr15",24954591,24956828,"cg20130154_BC21","ICR_893"
"5024","chr15",24955233,24955234,"chr15",24954591,24956828,"cg20130155_BC21","ICR_893"
"5025","chr15",24955243,24955244,"chr15",24954591,24956828,"cg20130156_BC21","ICR_893"
"5026","chr15",24955262,24955263,"chr15",24954591,24956828,"cg20130157_TC11","ICR_893"
"5027","chr15",24955272,24955273,"chr15",24954591,24956828,"cg20130158_TC11","ICR_893"
"5028","chr15",24955342,24955343,"chr15",24954591,24956828,"cg26875073_BC11","ICR_893"
"5029","chr15",24955440,24955441,"chr15",24954591,24956828,"cg20130169_TC11","ICR_893"
"5030","chr15",24955591,24955592,"chr15",24954591,24956828,"cg20130177_TC11","ICR_893"
"5031","chr15",24955800,24955801,"chr15",24954591,24956828,"cg20130194_BC11","ICR_893"
"5032","chr15",24955816,24955817,"chr15",24954591,24956828,"cg20130195_TC11","ICR_893"
"5033","chr15",24955819,24955820,"chr15",24954591,24956828,"cg20130196_BC11","ICR_893"
"5034","chr15",24955819,24955820,"chr15",24954591,24956828,"cg20130196_BC12","ICR_893"
"5035","chr15",24955834,24955835,"chr15",24954591,24956828,"cg20130198_BC11","ICR_893"
"5036","chr15",24955854,24955855,"chr15",24954591,24956828,"cg20130199_BC11","ICR_893"
"5037","chr15",24955854,24955855,"chr15",24954591,24956828,"cg20130199_BC12","ICR_893"
"5038","chr15",24955866,24955867,"chr15",24954591,24956828,"cg20130200_TC11","ICR_893"
"5039","chr15",24955870,24955871,"chr15",24954591,24956828,"cg20130201_TC11","ICR_893"
"5040","chr15",24955872,24955873,"chr15",24954591,24956828,"cg22159025_BC11","ICR_893"
"5041","chr15",24955882,24955883,"chr15",24954591,24956828,"cg20130202_TC11","ICR_893"
"5042","chr15",24955905,24955906,"chr15",24954591,24956828,"cg20130204_TC11","ICR_893"
"5043","chr15",24955960,24955961,"chr15",24954591,24956828,"cg20130205_BC11","ICR_893"
"5044","chr15",24955960,24955961,"chr15",24954591,24956828,"cg20130205_BC12","ICR_893"
"5045","chr15",24955987,24955988,"chr15",24954591,24956828,"cg20130206_TC21","ICR_893"
"5046","chr15",24956040,24956041,"chr15",24954591,24956828,"cg20130207_TC21","ICR_893"
"5047","chr15",24956057,24956058,"chr15",24954591,24956828,"cg20130208_BC21","ICR_893"
"5048","chr15",24956076,24956077,"chr15",24954591,24956828,"cg22555495_TC21","ICR_893"
"5049","chr15",24956089,24956090,"chr15",24954591,24956828,"cg20130209_TC21","ICR_893"
"5050","chr15",24956108,24956109,"chr15",24954591,24956828,"cg20130210_TC21","ICR_893"
"5051","chr15",24956256,24956257,"chr15",24954591,24956828,"cg20130211_TC21","ICR_893"
"5052","chr15",24956315,24956316,"chr15",24954591,24956828,"cg20130212_TC21","ICR_893"
"5053","chr15",24956318,24956319,"chr15",24954591,24956828,"cg20130214_BC21","ICR_893"
"5054","chr15",24956431,24956432,"chr15",24954591,24956828,"cg20130221_BC11","ICR_893"
"5055","chr15",24956443,24956444,"chr15",24954591,24956828,"cg20130222_BC21","ICR_893"
"5056","chr15",24956481,24956482,"chr15",24954591,24956828,"cg20130223_BO11","ICR_893"
"5057","chr15",24956570,24956571,"chr15",24954591,24956828,"cg20130228_BC11","ICR_893"
"5058","chr15",24956584,24956585,"chr15",24954591,24956828,"cg13073261_BC11","ICR_893"
"5059","chr15",24956589,24956590,"chr15",24954591,24956828,"cg20130229_TC11","ICR_893"
"5060","chr15",24956604,24956605,"chr15",24954591,24956828,"cg20130230_BC11","ICR_893"
"5061","chr15",24956614,24956615,"chr15",24954591,24956828,"cg20130231_BO11","ICR_893"
"5062","chr15",24956614,24956615,"chr15",24954591,24956828,"cg20130231_BO12","ICR_893"
"5063","chr15",24956682,24956683,"chr15",24954591,24956828,"cg20130232_TC21","ICR_893"
"5064","chr15",24956691,24956692,"chr15",24954591,24956828,"cg20130233_BC21","ICR_893"
"5065","chr15",24956724,24956725,"chr15",24954591,24956828,"cg20130234_TC21","ICR_893"
"5066","chr15",24956733,24956734,"chr15",24954591,24956828,"cg20130235_BC21","ICR_893"
"5067","chr15",26670400,26670401,"chr15",26670349,26670605,"cg20147496_TC21","ICR_894"
"5068","chr15",26670412,26670413,"chr15",26670349,26670605,"cg20147498_TC21","ICR_894"
"5069","chr15",26670424,26670425,"chr15",26670349,26670605,"cg20147500_TC21","ICR_894"
"5070","chr15",26670424,26670425,"chr15",26670349,26670605,"cg20147500_TC22","ICR_894"
"5071","chr15",26670432,26670433,"chr15",26670349,26670605,"cg20147501_BC21","ICR_894"
"5072","chr15",26670434,26670435,"chr15",26670349,26670605,"cg20147503_BC11","ICR_894"
"5073","chr15",26670446,26670447,"chr15",26670349,26670605,"cg20147504_BC11","ICR_894"
"5074","chr15",26670458,26670459,"chr15",26670349,26670605,"cg20147505_BC11","ICR_894"
"5075","chr15",26670466,26670467,"chr15",26670349,26670605,"cg20147506_TC11","ICR_894"
"5076","chr15",26670468,26670469,"chr15",26670349,26670605,"cg20147507_BC11","ICR_894"
"5077","chr15",26670562,26670563,"chr15",26670349,26670605,"cg20147518_TC11","ICR_894"
"5078","chr15",26670566,26670567,"chr15",26670349,26670605,"cg20147519_TC11","ICR_894"
"5079","chr15",26670579,26670580,"chr15",26670349,26670605,"cg20147520_TC11","ICR_894"
"5080","chr15",26670584,26670585,"chr15",26670349,26670605,"cg18596636_BC11","ICR_894"
"5081","chr15",26670588,26670589,"chr15",26670349,26670605,"cg20147521_TC11","ICR_894"
"5082","chr15",26670588,26670589,"chr15",26670349,26670605,"cg20147521_TC12","ICR_894"
"5083","chr15",28993176,28993177,"chr15",28993176,28993653,"cg20173449_BC21","ICR_895"
"5084","chr15",28993208,28993209,"chr15",28993176,28993653,"cg20173450_BC21","ICR_895"
"5085","chr15",28993215,28993216,"chr15",28993176,28993653,"cg20173451_TC21","ICR_895"
"5086","chr15",28993274,28993275,"chr15",28993176,28993653,"cg20173452_BC21","ICR_895"
"5087","chr15",28993287,28993288,"chr15",28993176,28993653,"cg20173453_BC21","ICR_895"
"5088","chr15",28993353,28993354,"chr15",28993176,28993653,"cg20173454_TC21","ICR_895"
"5089","chr15",28993428,28993429,"chr15",28993176,28993653,"cg20173455_TC21","ICR_895"
"5090","chr15",28993523,28993524,"chr15",28993176,28993653,"cg27184903_TC21","ICR_895"
"5091","chr15",28993568,28993569,"chr15",28993176,28993653,"cg20173456_BC21","ICR_895"
"5092","chr15",28993652,28993653,"chr15",28993176,28993653,"cg20173457_BC21","ICR_895"
"5093","chr15",28993652,28993653,"chr15",28993176,28993653,"cg20173457_BC22","ICR_895"
"5094","chr15",31484310,31484311,"chr15",31484286,31484332,"cg20204306_TC11","ICR_896"
"5095","chr15",33257036,33257037,"chr15",33256984,33257103,"cg20218840_BC21","ICR_897"
"5096","chr15",33257054,33257055,"chr15",33256984,33257103,"cg20218841_BC21","ICR_897"
"5097","chr15",33257065,33257066,"chr15",33256984,33257103,"cg20218842_TC11","ICR_897"
"5098","chr15",33257065,33257066,"chr15",33256984,33257103,"cg20218842_TC12","ICR_897"
"5099","chr15",33257075,33257076,"chr15",33256984,33257103,"cg20218844_TC21","ICR_897"
"5100","chr15",33257083,33257084,"chr15",33256984,33257103,"cg20218845_TC21","ICR_897"
"5101","chr15",33257093,33257094,"chr15",33256984,33257103,"cg20218846_TC11","ICR_897"
"5102","chr15",33257093,33257094,"chr15",33256984,33257103,"cg20218846_TC12","ICR_897"
"5103","chr15",33257102,33257103,"chr15",33256984,33257103,"cg20218847_TC21","ICR_897"
"5104","chr15",40769654,40769655,"chr15",40769604,40770075,"cg20283788_TC21","ICR_898"
"5105","chr15",40769654,40769655,"chr15",40769604,40770075,"cg20283788_TC22","ICR_898"
"5106","chr15",40769689,40769690,"chr15",40769604,40770075,"cg20283790_BC11","ICR_898"
"5107","chr15",40769694,40769695,"chr15",40769604,40770075,"cg20283791_TC11","ICR_898"
"5108","chr15",40769694,40769695,"chr15",40769604,40770075,"cg20283791_TC12","ICR_898"
"5109","chr15",40769783,40769784,"chr15",40769604,40770075,"cg20283793_BC21","ICR_898"
"5110","chr15",40769785,40769786,"chr15",40769604,40770075,"cg26705724_TC21","ICR_898"
"5111","chr15",40769887,40769888,"chr15",40769604,40770075,"cg16022206_BC21","ICR_898"
"5112","chr15",40769889,40769890,"chr15",40769604,40770075,"cg25700533_TC21","ICR_898"
"5113","chr15",40769914,40769915,"chr15",40769604,40770075,"cg19095568_TC21","ICR_898"
"5114","chr15",40769969,40769970,"chr15",40769604,40770075,"cg20283794_BC21","ICR_898"
"5115","chr15",40770001,40770002,"chr15",40769604,40770075,"cg20283795_BC21","ICR_898"
"5116","chr15",47196693,47196694,"chr15",47196693,47197259,"cg20353968_TC21","ICR_899"
"5117","chr15",47196764,47196765,"chr15",47196693,47197259,"cg20353969_TC21","ICR_899"
"5118","chr15",47196764,47196765,"chr15",47196693,47197259,"cg20353969_TC22","ICR_899"
"5119","chr15",47196779,47196780,"chr15",47196693,47197259,"cg20353970_TC21","ICR_899"
"5120","chr15",47196779,47196780,"chr15",47196693,47197259,"cg20353970_TC22","ICR_899"
"5121","chr15",47196807,47196808,"chr15",47196693,47197259,"cg20353971_BO11","ICR_899"
"5122","chr15",47197258,47197259,"chr15",47196693,47197259,"cg20353972_BC21","ICR_899"
"5123","chr15",47197258,47197259,"chr15",47196693,47197259,"cg20353972_BC22","ICR_899"
"5124","chr15",52112005,52112006,"chr15",52112005,52112086,"cg20393269_TC21","ICR_900"
"5125","chr15",52112010,52112011,"chr15",52112005,52112086,"cg20393270_TC21","ICR_900"
"5126","chr15",52112017,52112018,"chr15",52112005,52112086,"cg20393271_TC11","ICR_900"
"5127","chr15",52112021,52112022,"chr15",52112005,52112086,"cg20393272_BC11","ICR_900"
"5128","chr15",52112034,52112035,"chr15",52112005,52112086,"cg14540387_TC21","ICR_900"
"5129","chr15",52112034,52112035,"chr15",52112005,52112086,"cg14540387_TC22","ICR_900"
"5130","chr15",52112044,52112045,"chr15",52112005,52112086,"cg20393273_BC21","ICR_900"
"5131","chr15",52112085,52112086,"chr15",52112005,52112086,"cg20393274_TC11","ICR_900"
"5132","chr15",53830755,53830756,"chr15",53830755,53831316,"cg20407554_BC21","ICR_901"
"5133","chr15",53830968,53830969,"chr15",53830755,53831316,"cg20407555_TC21","ICR_901"
"5134","chr15",53830973,53830974,"chr15",53830755,53831316,"cg20407556_BC21","ICR_901"
"5135","chr15",53830997,53830998,"chr15",53830755,53831316,"cg20407557_BC21","ICR_901"
"5136","chr15",53831002,53831003,"chr15",53830755,53831316,"cg20407558_TC11","ICR_901"
"5137","chr15",53831037,53831038,"chr15",53830755,53831316,"cg20407559_BC21","ICR_901"
"5138","chr15",53831048,53831049,"chr15",53830755,53831316,"cg20407560_BC21","ICR_901"
"5139","chr15",53831061,53831062,"chr15",53830755,53831316,"cg20407561_BC21","ICR_901"
"5140","chr15",53831120,53831121,"chr15",53830755,53831316,"cg20407562_TC21","ICR_901"
"5141","chr15",53831120,53831121,"chr15",53830755,53831316,"cg20407562_TC22","ICR_901"
"5142","chr15",53831122,53831123,"chr15",53830755,53831316,"cg20407563_BC21","ICR_901"
"5143","chr15",53831133,53831134,"chr15",53830755,53831316,"cg20407564_BC21","ICR_901"
"5144","chr15",53831139,53831140,"chr15",53830755,53831316,"cg20407565_BC11","ICR_901"
"5145","chr15",53831165,53831166,"chr15",53830755,53831316,"cg20407567_TC11","ICR_901"
"5146","chr15",53831195,53831196,"chr15",53830755,53831316,"cg20407568_BC21","ICR_901"
"5147","chr15",53831312,53831313,"chr15",53830755,53831316,"cg20407569_TC21","ICR_901"
"5148","chr15",53831312,53831313,"chr15",53830755,53831316,"cg20407569_TC22","ICR_901"
"5149","chr15",56007033,56007034,"chr15",56007033,56007264,"cg20425016_BC21","ICR_902"
"5150","chr15",56007050,56007051,"chr15",56007033,56007264,"cg20425017_BC21","ICR_902"
"5151","chr15",56007181,56007182,"chr15",56007033,56007264,"cg24530489_TC21","ICR_902"
"5152","chr15",56007197,56007198,"chr15",56007033,56007264,"cg20425020_TC11","ICR_902"
"5153","chr15",56007203,56007204,"chr15",56007033,56007264,"cg20425022_TO11","ICR_902"
"5154","chr15",56007206,56007207,"chr15",56007033,56007264,"cg20425023_TO11","ICR_902"
"5155","chr15",56007209,56007210,"chr15",56007033,56007264,"cg20425024_TO11","ICR_902"
"5156","chr15",56007215,56007216,"chr15",56007033,56007264,"cg20425025_TO11","ICR_902"
"5157","chr15",65077066,65077067,"chr15",65076996,65077172,"cg20516241_BC11","ICR_903"
"5158","chr15",65077066,65077067,"chr15",65076996,65077172,"cg20516241_BC12","ICR_903"
"5159","chr15",65077086,65077087,"chr15",65076996,65077172,"cg20516244_TC11","ICR_903"
"5160","chr15",65077086,65077087,"chr15",65076996,65077172,"cg20516244_TC12","ICR_903"
"5161","chr15",65077089,65077090,"chr15",65076996,65077172,"cg20516245_TC11","ICR_903"
"5162","chr15",65077089,65077090,"chr15",65076996,65077172,"cg20516245_TC12","ICR_903"
"5163","chr15",65077147,65077148,"chr15",65076996,65077172,"cg20516251_TC11","ICR_903"
"5164","chr15",65077147,65077148,"chr15",65076996,65077172,"cg20516251_TC12","ICR_903"
"5165","chr15",65077149,65077150,"chr15",65076996,65077172,"cg20516252_TO11","ICR_903"
"5166","chr15",65077524,65077525,"chr15",65077524,65077598,"cg20516308_TC11","ICR_904"
"5167","chr15",65077585,65077586,"chr15",65077524,65077598,"cg20516316_BC11","ICR_904"
"5168","chr15",65077585,65077586,"chr15",65077524,65077598,"cg20516316_BC12","ICR_904"
"5169","chr15",65949314,65949315,"chr15",65949314,65949942,"cg20527665_TC21","ICR_905"
"5170","chr15",65949319,65949320,"chr15",65949314,65949942,"cg20527668_BC21","ICR_905"
"5171","chr15",65949442,65949443,"chr15",65949314,65949942,"cg20527669_BC21","ICR_905"
"5172","chr15",65949684,65949685,"chr15",65949314,65949942,"cg20527672_TC21","ICR_905"
"5173","chr15",65949697,65949698,"chr15",65949314,65949942,"cg20527673_TC21","ICR_905"
"5174","chr15",65949711,65949712,"chr15",65949314,65949942,"cg20527674_TC21","ICR_905"
"5175","chr15",65949711,65949712,"chr15",65949314,65949942,"cg20527674_TC22","ICR_905"
"5176","chr15",65949835,65949836,"chr15",65949314,65949942,"cg20527675_BC21","ICR_905"
"5177","chr15",65949918,65949919,"chr15",65949314,65949942,"cg20527677_BC21","ICR_905"
"5178","chr15",65949941,65949942,"chr15",65949314,65949942,"cg20527678_BC21","ICR_905"
"5179","chr15",66763319,66763320,"chr15",66763319,66763575,"cg20538408_BC21","ICR_906"
"5180","chr15",66763355,66763356,"chr15",66763319,66763575,"cg20538409_TC21","ICR_906"
"5181","chr15",66763413,66763414,"chr15",66763319,66763575,"cg20538410_BC21","ICR_906"
"5182","chr15",66763431,66763432,"chr15",66763319,66763575,"cg20538411_TC21","ICR_906"
"5183","chr15",66763440,66763441,"chr15",66763319,66763575,"cg20538412_BC11","ICR_906"
"5184","chr15",66763440,66763441,"chr15",66763319,66763575,"cg20538412_BC12","ICR_906"
"5185","chr15",66763448,66763449,"chr15",66763319,66763575,"cg20538413_TC11","ICR_906"
"5186","chr15",66763462,66763463,"chr15",66763319,66763575,"cg20538414_TC21","ICR_906"
"5187","chr15",66763545,66763546,"chr15",66763319,66763575,"cg20538416_BC11","ICR_906"
"5188","chr15",66763545,66763546,"chr15",66763319,66763575,"cg20538416_BC12","ICR_906"
"5189","chr15",66763559,66763560,"chr15",66763319,66763575,"cg20538418_BC11","ICR_906"
"5190","chr15",66763559,66763560,"chr15",66763319,66763575,"cg20538418_BC12","ICR_906"
"5191","chr15",66877195,66877196,"chr15",66877195,66878321,"cg20540023_BC21","ICR_907"
"5192","chr15",66877237,66877238,"chr15",66877195,66878321,"cg20540024_BC21","ICR_907"
"5193","chr15",66877369,66877370,"chr15",66877195,66878321,"cg20540027_TC21","ICR_907"
"5194","chr15",66877373,66877374,"chr15",66877195,66878321,"cg20540028_TC21","ICR_907"
"5195","chr15",66877383,66877384,"chr15",66877195,66878321,"cg20540029_TC21","ICR_907"
"5196","chr15",66877773,66877774,"chr15",66877195,66878321,"cg20540031_BC21","ICR_907"
"5197","chr15",66877985,66877986,"chr15",66877195,66878321,"cg20540033_BC21","ICR_907"
"5198","chr15",66878008,66878009,"chr15",66877195,66878321,"cg20540035_BC21","ICR_907"
"5199","chr15",66878153,66878154,"chr15",66877195,66878321,"cg20540036_TC21","ICR_907"
"5200","chr15",66878155,66878156,"chr15",66877195,66878321,"cg20540037_BC21","ICR_907"
"5201","chr15",66878245,66878246,"chr15",66877195,66878321,"cg20540038_BC21","ICR_907"
"5202","chr15",66878320,66878321,"chr15",66877195,66878321,"cg20540039_TC21","ICR_907"
"5203","chr15",68930555,68930556,"chr15",68930445,68930772,"cg23698666_TC11","ICR_908"
"5204","chr15",68930563,68930564,"chr15",68930445,68930772,"cg24750854_TC21","ICR_908"
"5205","chr15",68930615,68930616,"chr15",68930445,68930772,"cg20562584_BC11","ICR_908"
"5206","chr15",68930615,68930616,"chr15",68930445,68930772,"cg20562584_BC12","ICR_908"
"5207","chr15",68930620,68930621,"chr15",68930445,68930772,"cg20562585_BC11","ICR_908"
"5208","chr15",68930624,68930625,"chr15",68930445,68930772,"cg27236331_BC11","ICR_908"
"5209","chr15",68930641,68930642,"chr15",68930445,68930772,"cg20562587_BC11","ICR_908"
"5210","chr15",68930645,68930646,"chr15",68930445,68930772,"cg20562588_BC11","ICR_908"
"5211","chr15",68930648,68930649,"chr15",68930445,68930772,"cg14554415_BC11","ICR_908"
"5212","chr15",68930648,68930649,"chr15",68930445,68930772,"cg14554415_BC12","ICR_908"
"5213","chr15",68930678,68930679,"chr15",68930445,68930772,"cg09886641_BC21","ICR_908"
"5214","chr15",68930678,68930679,"chr15",68930445,68930772,"cg09886641_BC22","ICR_908"
"5215","chr15",68930696,68930697,"chr15",68930445,68930772,"cg20562589_TC21","ICR_908"
"5216","chr15",68930705,68930706,"chr15",68930445,68930772,"cg20562590_BC21","ICR_908"
"5217","chr15",68930714,68930715,"chr15",68930445,68930772,"cg20562591_BC11","ICR_908"
"5218","chr15",68930725,68930726,"chr15",68930445,68930772,"cg20562592_TC11","ICR_908"
"5219","chr15",68930742,68930743,"chr15",68930445,68930772,"cg20562593_TC11","ICR_908"
"5220","chr15",68930747,68930748,"chr15",68930445,68930772,"cg20562594_TC11","ICR_908"
"5221","chr15",68930771,68930772,"chr15",68930445,68930772,"cg20562595_BC11","ICR_908"
"5222","chr15",70605463,70605464,"chr15",70605463,70606129,"cg20580495_TC21","ICR_909"
"5223","chr15",70605563,70605564,"chr15",70605463,70606129,"cg20580496_TC21","ICR_909"
"5224","chr15",70605574,70605575,"chr15",70605463,70606129,"cg20580497_TC21","ICR_909"
"5225","chr15",70605632,70605633,"chr15",70605463,70606129,"cg20580498_BC21","ICR_909"
"5226","chr15",70605889,70605890,"chr15",70605463,70606129,"cg20580499_TC21","ICR_909"
"5227","chr15",70605906,70605907,"chr15",70605463,70606129,"cg20580500_BC21","ICR_909"
"5228","chr15",70605983,70605984,"chr15",70605463,70606129,"cg20580501_TC21","ICR_909"
"5229","chr15",70606015,70606016,"chr15",70605463,70606129,"cg20580503_BO11","ICR_909"
"5230","chr15",70606128,70606129,"chr15",70605463,70606129,"cg20580504_TC21","ICR_909"
"5231","chr15",88241806,88241807,"chr15",88241806,88242028,"cg20762565_TC11","ICR_910"
"5232","chr15",88241816,88241817,"chr15",88241806,88242028,"cg20762566_BC21","ICR_910"
"5233","chr15",88241901,88241902,"chr15",88241806,88242028,"cg20762568_BC21","ICR_910"
"5234","chr15",88241921,88241922,"chr15",88241806,88242028,"cg20762569_BC21","ICR_910"
"5235","chr15",88241971,88241972,"chr15",88241806,88242028,"cg20762570_TC21","ICR_910"
"5236","chr15",88242027,88242028,"chr15",88241806,88242028,"cg20762571_TC21","ICR_910"
"5237","chr15",88741938,88741939,"chr15",88741938,88742055,"cg27629948_TC11","ICR_911"
"5238","chr15",88741956,88741957,"chr15",88741938,88742055,"cg20768290_BC11","ICR_911"
"5239","chr15",88741965,88741966,"chr15",88741938,88742055,"cg20768291_TC11","ICR_911"
"5240","chr15",88741976,88741977,"chr15",88741938,88742055,"cg20768292_BC21","ICR_911"
"5241","chr15",88742012,88742013,"chr15",88741938,88742055,"cg20768293_BC11","ICR_911"
"5242","chr15",95287176,95287177,"chr15",95287057,95287471,"cg20844795_TC21","ICR_912"
"5243","chr15",95287219,95287220,"chr15",95287057,95287471,"cg20844796_BO11","ICR_912"
"5244","chr15",95287269,95287270,"chr15",95287057,95287471,"cg20844797_BC21","ICR_912"
"5245","chr15",95287301,95287302,"chr15",95287057,95287471,"cg20844798_TC21","ICR_912"
"5246","chr15",95287311,95287312,"chr15",95287057,95287471,"cg20844799_TC21","ICR_912"
"5247","chr15",95287443,95287444,"chr15",95287057,95287471,"cg20844801_BO11","ICR_912"
"5248","chr15",95287443,95287444,"chr15",95287057,95287471,"cg20844801_BO12","ICR_912"
"5249","chr15",95287470,95287471,"chr15",95287057,95287471,"cg20844802_TC21","ICR_912"
"5250","chr15",98865374,98865375,"chr15",98865374,98866277,"cg20878450_BC21","ICR_913"
"5251","chr15",98865394,98865395,"chr15",98865374,98866277,"cg20878451_TC21","ICR_913"
"5252","chr15",98865397,98865398,"chr15",98865374,98866277,"cg20878452_BC21","ICR_913"
"5253","chr15",98865406,98865407,"chr15",98865374,98866277,"cg19322380_TC21","ICR_913"
"5254","chr15",98865427,98865428,"chr15",98865374,98866277,"cg20878453_BC11","ICR_913"
"5255","chr15",98865470,98865471,"chr15",98865374,98866277,"cg20878456_BC11","ICR_913"
"5256","chr15",98865476,98865477,"chr15",98865374,98866277,"cg20878457_TC11","ICR_913"
"5257","chr15",98865484,98865485,"chr15",98865374,98866277,"cg20878458_TC11","ICR_913"
"5258","chr15",98865502,98865503,"chr15",98865374,98866277,"cg20878461_TC11","ICR_913"
"5259","chr15",98865511,98865512,"chr15",98865374,98866277,"cg20878462_BC11","ICR_913"
"5260","chr15",98865511,98865512,"chr15",98865374,98866277,"cg20878462_BC12","ICR_913"
"5261","chr15",98865526,98865527,"chr15",98865374,98866277,"cg20878464_TO11","ICR_913"
"5262","chr15",98865574,98865575,"chr15",98865374,98866277,"cg21746425_TC11","ICR_913"
"5263","chr15",98865578,98865579,"chr15",98865374,98866277,"cg20878466_TC21","ICR_913"
"5264","chr15",98865689,98865690,"chr15",98865374,98866277,"cg20878468_BC11","ICR_913"
"5265","chr15",98865720,98865721,"chr15",98865374,98866277,"cg20878469_BC21","ICR_913"
"5266","chr15",98865722,98865723,"chr15",98865374,98866277,"cg20878470_TC21","ICR_913"
"5267","chr15",98865728,98865729,"chr15",98865374,98866277,"cg12553689_BC21","ICR_913"
"5268","chr15",98865771,98865772,"chr15",98865374,98866277,"cg20878472_TC11","ICR_913"
"5269","chr15",98865799,98865800,"chr15",98865374,98866277,"cg20878473_TC21","ICR_913"
"5270","chr15",98865808,98865809,"chr15",98865374,98866277,"cg20878474_TC21","ICR_913"
"5271","chr15",98865903,98865904,"chr15",98865374,98866277,"cg20878475_TC21","ICR_913"
"5272","chr15",98865903,98865904,"chr15",98865374,98866277,"cg20878475_TC22","ICR_913"
"5273","chr15",98865908,98865909,"chr15",98865374,98866277,"cg20878476_TC11","ICR_913"
"5274","chr15",98865915,98865916,"chr15",98865374,98866277,"cg20878478_BC11","ICR_913"
"5275","chr15",98865941,98865942,"chr15",98865374,98866277,"cg20878479_BO11","ICR_913"
"5276","chr15",98865952,98865953,"chr15",98865374,98866277,"cg20878480_BC21","ICR_913"
"5277","chr15",98866004,98866005,"chr15",98865374,98866277,"cg20878481_BO11","ICR_913"
"5278","chr15",98866011,98866012,"chr15",98865374,98866277,"cg20878482_BO11","ICR_913"
"5279","chr15",98866038,98866039,"chr15",98865374,98866277,"cg20878483_BC21","ICR_913"
"5280","chr15",98866043,98866044,"chr15",98865374,98866277,"cg20878484_BC21","ICR_913"
"5281","chr15",98866110,98866111,"chr15",98865374,98866277,"cg20878486_BC11","ICR_913"
"5282","chr15",98866110,98866111,"chr15",98865374,98866277,"cg20878486_BC12","ICR_913"
"5283","chr15",98866114,98866115,"chr15",98865374,98866277,"cg20878487_TC21","ICR_913"
"5284","chr15",98866146,98866147,"chr15",98865374,98866277,"cg20878488_BC21","ICR_913"
"5285","chr15",98866148,98866149,"chr15",98865374,98866277,"cg20878489_TC21","ICR_913"
"5286","chr15",98866181,98866182,"chr15",98865374,98866277,"cg13812291_TC21","ICR_913"
"5287","chr15",98866196,98866197,"chr15",98865374,98866277,"cg20878490_BC11","ICR_913"
"5288","chr15",98866196,98866197,"chr15",98865374,98866277,"cg20878490_BC12","ICR_913"
"5289","chr15",98866205,98866206,"chr15",98865374,98866277,"cg20878491_BO11","ICR_913"
"5290","chr15",98866219,98866220,"chr15",98865374,98866277,"cg20878492_TO11","ICR_913"
"5291","chr15",98866259,98866260,"chr15",98865374,98866277,"cg20878495_TO11","ICR_913"
"5292","chr15",99476442,99476443,"chr15",99476321,99476786,"cg20886356_BC21","ICR_914"
"5293","chr15",99476447,99476448,"chr15",99476321,99476786,"cg20886357_TC21","ICR_914"
"5294","chr15",99476584,99476585,"chr15",99476321,99476786,"cg20886359_TC21","ICR_914"
"5295","chr15",99476592,99476593,"chr15",99476321,99476786,"cg20886360_TC21","ICR_914"
"5296","chr15",99476599,99476600,"chr15",99476321,99476786,"cg20886361_BC21","ICR_914"
"5297","chr15",99476647,99476648,"chr15",99476321,99476786,"cg20886363_BC21","ICR_914"
"5298","chr15",99476713,99476714,"chr15",99476321,99476786,"cg20886364_TC21","ICR_914"
"5299","chr15",99476785,99476786,"chr15",99476321,99476786,"cg20886365_BC21","ICR_914"
"5300","chr15",100544246,100544247,"chr15",100544246,100544786,"cg20899092_BC21","ICR_916"
"5301","chr15",100544255,100544256,"chr15",100544246,100544786,"cg20899093_TC11","ICR_916"
"5302","chr15",100544278,100544279,"chr15",100544246,100544786,"cg20899094_TO11","ICR_916"
"5303","chr15",100544301,100544302,"chr15",100544246,100544786,"cg21819984_TC11","ICR_916"
"5304","chr15",100544303,100544304,"chr15",100544246,100544786,"cg26173375_TC11","ICR_916"
"5305","chr15",100544359,100544360,"chr15",100544246,100544786,"cg21895387_TC11","ICR_916"
"5306","chr16",159513,159514,"chr16",159415,159850,"cg19284518_BC21","ICR_917"
"5307","chr16",159598,159599,"chr16",159415,159850,"cg20923204_BC21","ICR_917"
"5308","chr16",159849,159850,"chr16",159415,159850,"cg20923206_TC21","ICR_917"
"5309","chr16",561122,561123,"chr16",561122,561328,"cg20936362_BC11","ICR_918"
"5310","chr16",561144,561145,"chr16",561122,561328,"cg20936365_TC11","ICR_918"
"5311","chr16",561158,561159,"chr16",561122,561328,"cg20936368_TO11","ICR_918"
"5312","chr16",561176,561177,"chr16",561122,561328,"cg24160381_TC21","ICR_918"
"5313","chr16",561244,561245,"chr16",561122,561328,"cg20936370_TC21","ICR_918"
"5314","chr16",561300,561301,"chr16",561122,561328,"cg20936371_TC21","ICR_918"
"5315","chr16",801560,801561,"chr16",801560,801834,"cg20946354_BC21","ICR_919"
"5316","chr16",801591,801592,"chr16",801560,801834,"cg20590345_BC21","ICR_919"
"5317","chr16",801668,801669,"chr16",801560,801834,"cg20946355_TO21","ICR_919"
"5318","chr16",801760,801761,"chr16",801560,801834,"cg20946358_TC21","ICR_919"
"5319","chr16",817232,817233,"chr16",817207,818000,"cg20946935_TC11","ICR_920"
"5320","chr16",817312,817313,"chr16",817207,818000,"cg20946940_TC21","ICR_920"
"5321","chr16",817352,817353,"chr16",817207,818000,"cg20946945_TC11","ICR_920"
"5322","chr16",817354,817355,"chr16",817207,818000,"cg20946946_BC11","ICR_920"
"5323","chr16",817414,817415,"chr16",817207,818000,"cg20946951_BC11","ICR_920"
"5324","chr16",817419,817420,"chr16",817207,818000,"cg20946952_BC11","ICR_920"
"5325","chr16",817461,817462,"chr16",817207,818000,"cg20946955_BC11","ICR_920"
"5326","chr16",817465,817466,"chr16",817207,818000,"cg20946956_TC21","ICR_920"
"5327","chr16",817495,817496,"chr16",817207,818000,"cg20946957_TO11","ICR_920"
"5328","chr16",817502,817503,"chr16",817207,818000,"cg20946958_TO11","ICR_920"
"5329","chr16",817551,817552,"chr16",817207,818000,"cg21551271_BC21","ICR_920"
"5330","chr16",817551,817552,"chr16",817207,818000,"cg21551271_BC22","ICR_920"
"5331","chr16",817566,817567,"chr16",817207,818000,"cg20946959_TC11","ICR_920"
"5332","chr16",817566,817567,"chr16",817207,818000,"cg20946959_TC12","ICR_920"
"5333","chr16",817583,817584,"chr16",817207,818000,"cg20946960_TC21","ICR_920"
"5334","chr16",817610,817611,"chr16",817207,818000,"cg20946961_TC11","ICR_920"
"5335","chr16",817634,817635,"chr16",817207,818000,"cg20946963_TC11","ICR_920"
"5336","chr16",817634,817635,"chr16",817207,818000,"cg20946963_TC12","ICR_920"
"5337","chr16",817637,817638,"chr16",817207,818000,"cg20946964_TC11","ICR_920"
"5338","chr16",817637,817638,"chr16",817207,818000,"cg20946964_TC12","ICR_920"
"5339","chr16",817648,817649,"chr16",817207,818000,"cg20946965_TO11","ICR_920"
"5340","chr16",817819,817820,"chr16",817207,818000,"cg20946986_BC11","ICR_920"
"5341","chr16",817827,817828,"chr16",817207,818000,"cg20946987_BC21","ICR_920"
"5342","chr16",817831,817832,"chr16",817207,818000,"cg20946988_TC21","ICR_920"
"5343","chr16",817849,817850,"chr16",817207,818000,"cg20946989_TC21","ICR_920"
"5344","chr16",817954,817955,"chr16",817207,818000,"cg20946990_TC21","ICR_920"
"5345","chr16",817971,817972,"chr16",817207,818000,"cg20946992_TC21","ICR_920"
"5346","chr16",1043979,1043980,"chr16",1043979,1044213,"cg20954894_TC21","ICR_921"
"5347","chr16",1044017,1044018,"chr16",1043979,1044213,"cg20954896_TC11","ICR_921"
"5348","chr16",1044024,1044025,"chr16",1043979,1044213,"cg20954897_TC11","ICR_921"
"5349","chr16",1044027,1044028,"chr16",1043979,1044213,"cg20954898_BC11","ICR_921"
"5350","chr16",1044053,1044054,"chr16",1043979,1044213,"cg20954900_TC11","ICR_921"
"5351","chr16",1044056,1044057,"chr16",1043979,1044213,"cg20954901_TC11","ICR_921"
"5352","chr16",1044056,1044057,"chr16",1043979,1044213,"cg20954901_TC12","ICR_921"
"5353","chr16",1044059,1044060,"chr16",1043979,1044213,"cg20954902_TC11","ICR_921"
"5354","chr16",1044071,1044072,"chr16",1043979,1044213,"cg20954905_TC11","ICR_921"
"5355","chr16",1044080,1044081,"chr16",1043979,1044213,"cg20954906_BC21","ICR_921"
"5356","chr16",1044098,1044099,"chr16",1043979,1044213,"cg20954907_TC21","ICR_921"
"5357","chr16",1044106,1044107,"chr16",1043979,1044213,"cg20954908_TC21","ICR_921"
"5358","chr16",1044131,1044132,"chr16",1043979,1044213,"cg20954909_BC21","ICR_921"
"5359","chr16",1044169,1044170,"chr16",1043979,1044213,"cg20954910_TC11","ICR_921"
"5360","chr16",1044181,1044182,"chr16",1043979,1044213,"cg20954911_TC21","ICR_921"
"5361","chr16",1044194,1044195,"chr16",1043979,1044213,"cg20954912_BC11","ICR_921"
"5362","chr16",1044194,1044195,"chr16",1043979,1044213,"cg20954912_BC12","ICR_921"
"5363","chr16",1044212,1044213,"chr16",1043979,1044213,"cg20954913_TC21","ICR_921"
"5364","chr16",2038938,2038939,"chr16",2038930,2039033,"cg20988935_TC11","ICR_922"
"5365","chr16",2038943,2038944,"chr16",2038930,2039033,"cg20988936_TC11","ICR_922"
"5366","chr16",2038964,2038965,"chr16",2038930,2039033,"cg20988939_TC11","ICR_922"
"5367","chr16",2038975,2038976,"chr16",2038930,2039033,"cg20988940_TC11","ICR_922"
"5368","chr16",2038987,2038988,"chr16",2038930,2039033,"cg20988941_BC21","ICR_922"
"5369","chr16",2038993,2038994,"chr16",2038930,2039033,"cg17826389_BC21","ICR_922"
"5370","chr16",2038993,2038994,"chr16",2038930,2039033,"cg17826389_BC22","ICR_922"
"5371","chr16",2798593,2798594,"chr16",2798431,2798680,"cg21010776_BC11","ICR_923"
"5372","chr16",2798593,2798594,"chr16",2798431,2798680,"cg21010776_BC12","ICR_923"
"5373","chr16",2798638,2798639,"chr16",2798431,2798680,"cg21010779_TC21","ICR_923"
"5374","chr16",2798638,2798639,"chr16",2798431,2798680,"cg21010779_TC22","ICR_923"
"5375","chr16",3107293,3107294,"chr16",3107244,3107593,"cg21019226_TO11","ICR_924"
"5376","chr16",3107297,3107298,"chr16",3107244,3107593,"cg21019227_TO21","ICR_924"
"5377","chr16",3107363,3107364,"chr16",3107244,3107593,"cg21019228_TC21","ICR_924"
"5378","chr16",3107366,3107367,"chr16",3107244,3107593,"cg21019229_BC21","ICR_924"
"5379","chr16",3107521,3107522,"chr16",3107244,3107593,"cg21019230_TC21","ICR_924"
"5380","chr16",3107592,3107593,"chr16",3107244,3107593,"cg21019231_BC21","ICR_924"
"5381","chr16",3254351,3254352,"chr16",3254351,3254557,"cg21023017_TC21","ICR_925"
"5382","chr16",3254362,3254363,"chr16",3254351,3254557,"cg11660537_BC21","ICR_925"
"5383","chr16",3254379,3254380,"chr16",3254351,3254557,"cg21023018_TC21","ICR_925"
"5384","chr16",3254556,3254557,"chr16",3254351,3254557,"cg21023036_TC11","ICR_925"
"5385","chr16",3431818,3431819,"chr16",3431818,3432009,"cg21025899_BC21","ICR_926"
"5386","chr16",3431832,3431833,"chr16",3431818,3432009,"cg21025900_TC21","ICR_926"
"5387","chr16",3431925,3431926,"chr16",3431818,3432009,"cg21025903_BO11","ICR_926"
"5388","chr16",3431955,3431956,"chr16",3431818,3432009,"cg21025907_BC11","ICR_926"
"5389","chr16",3431955,3431956,"chr16",3431818,3432009,"cg21025907_BC12","ICR_926"
"5390","chr16",3431960,3431961,"chr16",3431818,3432009,"cg21025908_TC11","ICR_926"
"5391","chr16",3432008,3432009,"chr16",3431818,3432009,"cg21025911_TC21","ICR_926"
"5392","chr16",3443341,3443342,"chr16",3443279,3444094,"cg21026072_TC11","ICR_927"
"5393","chr16",3443341,3443342,"chr16",3443279,3444094,"cg21026072_TC12","ICR_927"
"5394","chr16",3443359,3443360,"chr16",3443279,3444094,"cg21026073_BC11","ICR_927"
"5395","chr16",3443364,3443365,"chr16",3443279,3444094,"cg21026074_BC11","ICR_927"
"5396","chr16",3443364,3443365,"chr16",3443279,3444094,"cg21026074_BC12","ICR_927"
"5397","chr16",3443383,3443384,"chr16",3443279,3444094,"cg21026076_TO11","ICR_927"
"5398","chr16",3443411,3443412,"chr16",3443279,3444094,"cg21026079_BO11","ICR_927"
"5399","chr16",3443414,3443415,"chr16",3443279,3444094,"cg21026080_TC11","ICR_927"
"5400","chr16",3443418,3443419,"chr16",3443279,3444094,"cg21026081_BO11","ICR_927"
"5401","chr16",3443422,3443423,"chr16",3443279,3444094,"cg10482201_TC11","ICR_927"
"5402","chr16",3443427,3443428,"chr16",3443279,3444094,"cg24333473_BC11","ICR_927"
"5403","chr16",3443429,3443430,"chr16",3443279,3444094,"cg21026082_TC11","ICR_927"
"5404","chr16",3443444,3443445,"chr16",3443279,3444094,"cg21026084_BC11","ICR_927"
"5405","chr16",3443444,3443445,"chr16",3443279,3444094,"cg21026084_BC12","ICR_927"
"5406","chr16",3443493,3443494,"chr16",3443279,3444094,"cg25285484_BC11","ICR_927"
"5407","chr16",3443506,3443507,"chr16",3443279,3444094,"cg21026089_BO11","ICR_927"
"5408","chr16",3443533,3443534,"chr16",3443279,3444094,"cg27136643_BC21","ICR_927"
"5409","chr16",3443692,3443693,"chr16",3443279,3444094,"cg21026094_TC11","ICR_927"
"5410","chr16",3443704,3443705,"chr16",3443279,3444094,"cg21026096_TC21","ICR_927"
"5411","chr16",3443704,3443705,"chr16",3443279,3444094,"cg21026096_TC22","ICR_927"
"5412","chr16",3443762,3443763,"chr16",3443279,3444094,"cg21026098_BC21","ICR_927"
"5413","chr16",3443773,3443774,"chr16",3443279,3444094,"cg21026099_BC21","ICR_927"
"5414","chr16",3443825,3443826,"chr16",3443279,3444094,"cg21026101_BC21","ICR_927"
"5415","chr16",3443844,3443845,"chr16",3443279,3444094,"cg21026102_BC21","ICR_927"
"5416","chr16",3443875,3443876,"chr16",3443279,3444094,"cg21026103_TC21","ICR_927"
"5417","chr16",3443875,3443876,"chr16",3443279,3444094,"cg21026103_TC22","ICR_927"
"5418","chr16",3443906,3443907,"chr16",3443279,3444094,"cg21026104_TC11","ICR_927"
"5419","chr16",3443914,3443915,"chr16",3443279,3444094,"cg21026105_BO11","ICR_927"
"5420","chr16",3443954,3443955,"chr16",3443279,3444094,"cg21026106_BC21","ICR_927"
"5421","chr16",3443967,3443968,"chr16",3443279,3444094,"cg21026107_BC21","ICR_927"
"5422","chr16",3443996,3443997,"chr16",3443279,3444094,"cg14654875_BC21","ICR_927"
"5423","chr16",3443996,3443997,"chr16",3443279,3444094,"cg14654875_BC22","ICR_927"
"5424","chr16",3444014,3444015,"chr16",3443279,3444094,"cg21026108_BC21","ICR_927"
"5425","chr16",3444065,3444066,"chr16",3443279,3444094,"cg21026109_BC21","ICR_927"
"5426","chr16",3444076,3444077,"chr16",3443279,3444094,"cg21026110_BC21","ICR_927"
"5427","chr16",3444093,3444094,"chr16",3443279,3444094,"cg10406676_BC21","ICR_927"
"5428","chr16",5490311,5490312,"chr16",5490311,5490585,"cg21067012_BC21","ICR_928"
"5429","chr16",5490448,5490449,"chr16",5490311,5490585,"cg21067013_TC21","ICR_928"
"5430","chr16",5490472,5490473,"chr16",5490311,5490585,"cg21067014_TC21","ICR_928"
"5431","chr16",5490488,5490489,"chr16",5490311,5490585,"cg21067015_TC21","ICR_928"
"5432","chr16",5490498,5490499,"chr16",5490311,5490585,"cg21067016_BC21","ICR_928"
"5433","chr16",5490558,5490559,"chr16",5490311,5490585,"cg21067018_TO21","ICR_928"
"5434","chr16",5490578,5490579,"chr16",5490311,5490585,"cg21067019_BC21","ICR_928"
"5435","chr16",5490584,5490585,"chr16",5490311,5490585,"cg21067020_BC11","ICR_928"
"5436","chr16",9154538,9154539,"chr16",9154538,9154720,"cg21108755_BC11","ICR_929"
"5437","chr16",9154597,9154598,"chr16",9154538,9154720,"cg21108760_BC21","ICR_929"
"5438","chr16",9154623,9154624,"chr16",9154538,9154720,"cg09620131_TC21","ICR_929"
"5439","chr16",9154623,9154624,"chr16",9154538,9154720,"cg09620131_TC22","ICR_929"
"5440","chr16",9154713,9154714,"chr16",9154538,9154720,"cg21108762_TC21","ICR_929"
"5441","chr16",9154719,9154720,"chr16",9154538,9154720,"cg21108763_TC21","ICR_929"
"5442","chr16",17364419,17364420,"chr16",17364419,17365021,"cg08919659_BC21","ICR_931"
"5443","chr16",17364570,17364571,"chr16",17364419,17365021,"cg21213781_BC21","ICR_931"
"5444","chr16",17364578,17364579,"chr16",17364419,17365021,"cg21213782_BC21","ICR_931"
"5445","chr16",17364596,17364597,"chr16",17364419,17365021,"cg21213784_TC21","ICR_931"
"5446","chr16",17364601,17364602,"chr16",17364419,17365021,"cg21213785_BC21","ICR_931"
"5447","chr16",17364631,17364632,"chr16",17364419,17365021,"cg21213786_TC21","ICR_931"
"5448","chr16",17364662,17364663,"chr16",17364419,17365021,"cg21213787_TC21","ICR_931"
"5449","chr16",17364826,17364827,"chr16",17364419,17365021,"cg21213788_BC21","ICR_931"
"5450","chr16",17364930,17364931,"chr16",17364419,17365021,"cg21213789_TC21","ICR_931"
"5451","chr16",17364934,17364935,"chr16",17364419,17365021,"cg21213790_TC21","ICR_931"
"5452","chr16",17364934,17364935,"chr16",17364419,17365021,"cg21213790_TC22","ICR_931"
"5453","chr16",17364942,17364943,"chr16",17364419,17365021,"cg21213791_TC21","ICR_931"
"5454","chr16",17365020,17365021,"chr16",17364419,17365021,"cg21213792_BC21","ICR_931"
"5455","chr16",27327465,27327466,"chr16",27327461,27327798,"cg21317159_TC21","ICR_933"
"5456","chr16",27327506,27327507,"chr16",27327461,27327798,"cg21317160_BC21","ICR_933"
"5457","chr16",27327608,27327609,"chr16",27327461,27327798,"cg21317161_TC21","ICR_933"
"5458","chr16",27327671,27327672,"chr16",27327461,27327798,"cg21317162_TC21","ICR_933"
"5459","chr16",27327671,27327672,"chr16",27327461,27327798,"cg21317162_TC22","ICR_933"
"5460","chr16",27327797,27327798,"chr16",27327461,27327798,"cg21317163_TC21","ICR_933"
"5461","chr16",31224273,31224274,"chr16",31224219,31224409,"cg21384847_TC11","ICR_934"
"5462","chr16",31224276,31224277,"chr16",31224219,31224409,"cg21384848_TC11","ICR_934"
"5463","chr16",31224276,31224277,"chr16",31224219,31224409,"cg21384848_TC12","ICR_934"
"5464","chr16",31224349,31224350,"chr16",31224219,31224409,"cg21384860_BC11","ICR_934"
"5465","chr16",31224376,31224377,"chr16",31224219,31224409,"cg21384861_BC11","ICR_934"
"5466","chr16",31224376,31224377,"chr16",31224219,31224409,"cg21384861_BC12","ICR_934"
"5467","chr16",31224393,31224394,"chr16",31224219,31224409,"cg21384863_BC11","ICR_934"
"5468","chr16",31224393,31224394,"chr16",31224219,31224409,"cg21384863_BC12","ICR_934"
"5469","chr16",31224400,31224401,"chr16",31224219,31224409,"cg21384864_BC11","ICR_934"
"5470","chr16",31224400,31224401,"chr16",31224219,31224409,"cg21384864_BC12","ICR_934"
"5471","chr16",31224406,31224407,"chr16",31224219,31224409,"cg21384865_TC11","ICR_934"
"5472","chr16",31428228,31428229,"chr16",31428163,31428239,"cg21387870_BC11","ICR_935"
"5473","chr16",31428234,31428235,"chr16",31428163,31428239,"cg21387871_TC11","ICR_935"
"5474","chr16",32066243,32066244,"chr16",32066243,32066336,"cg21252906_BC21","ICR_936"
"5475","chr16",32084125,32084126,"chr16",32084125,32084430,"cg21394952_TO11","ICR_937"
"5476","chr16",32084134,32084135,"chr16",32084125,32084430,"cg21394953_TO11","ICR_937"
"5477","chr16",33680831,33680832,"chr16",33680827,33680944,"cg13876921_TC21","ICR_945"
"5478","chr16",33680881,33680882,"chr16",33680827,33680944,"cg21406248_BC21","ICR_945"
"5479","chr16",33680881,33680882,"chr16",33680827,33680944,"cg21406248_BC22","ICR_945"
"5480","chr16",33680909,33680910,"chr16",33680827,33680944,"cg21406250_TC21","ICR_945"
"5481","chr16",33680909,33680910,"chr16",33680827,33680944,"cg21406250_TC22","ICR_945"
"5482","chr16",34134000,34134001,"chr16",34133987,34134110,"cg21410626_TO11","ICR_947"
"5483","chr16",34134109,34134110,"chr16",34133987,34134110,"cg21410634_BC11","ICR_947"
"5484","chr16",34134109,34134110,"chr16",34133987,34134110,"cg21410634_BC12","ICR_947"
"5485","chr16",34134599,34134600,"chr16",34134511,34134657,"cg21410658_BC21","ICR_948"
"5486","chr16",34150909,34150910,"chr16",34150895,34150953,"cg21411117_TC21","ICR_949"
"5487","chr16",34150911,34150912,"chr16",34150895,34150953,"cg21411118_TC11","ICR_949"
"5488","chr16",34150933,34150934,"chr16",34150895,34150953,"cg21411119_TC21","ICR_949"
"5489","chr16",34150933,34150934,"chr16",34150895,34150953,"cg21411119_TC22","ICR_949"
"5490","chr16",34150935,34150936,"chr16",34150895,34150953,"cg21411120_BC21","ICR_949"
"5491","chr16",34150952,34150953,"chr16",34150895,34150953,"cg21411121_BC21","ICR_949"
"5492","chr16",34150952,34150953,"chr16",34150895,34150953,"cg21411121_BC22","ICR_949"
"5493","chr16",34153969,34153970,"chr16",34153969,34154041,"cg21411198_TC21","ICR_950"
"5494","chr16",34153999,34154000,"chr16",34153969,34154041,"cg21411199_TC21","ICR_950"
"5495","chr16",34159047,34159048,"chr16",34158988,34159048,"cg14544620_TC21","ICR_951"
"5496","chr16",34641101,34641102,"chr16",34641101,34641465,"cg21417219_TC21","ICR_952"
"5497","chr16",34641192,34641193,"chr16",34641101,34641465,"cg21417221_TC21","ICR_952"
"5498","chr16",34641464,34641465,"chr16",34641101,34641465,"cg21417224_TC21","ICR_952"
"5499","chr16",35208275,35208276,"chr16",35208268,35208463,"cg21424449_TC11","ICR_954"
"5500","chr16",35208333,35208334,"chr16",35208268,35208463,"cg21424453_BC21","ICR_954"
"5501","chr16",35208382,35208383,"chr16",35208268,35208463,"cg21424456_TC11","ICR_954"
"5502","chr16",35208416,35208417,"chr16",35208268,35208463,"cg21424457_BC21","ICR_954"
"5503","chr16",35208416,35208417,"chr16",35208268,35208463,"cg21424457_BC22","ICR_954"
"5504","chr16",35246977,35246978,"chr16",35246811,35248137,"cg21424754_TC21","ICR_955"
"5505","chr16",35246977,35246978,"chr16",35246811,35248137,"cg21424754_TC22","ICR_955"
"5506","chr16",35247532,35247533,"chr16",35246811,35248137,"cg21424756_TC21","ICR_955"
"5507","chr16",35247820,35247821,"chr16",35246811,35248137,"cg21424759_BC21","ICR_955"
"5508","chr16",35248136,35248137,"chr16",35246811,35248137,"cg21424760_BC21","ICR_955"
"5509","chr16",35271908,35271909,"chr16",35271908,35272955,"cg21424958_TO11","ICR_956"
"5510","chr16",35272097,35272098,"chr16",35271908,35272955,"cg21424960_TO21","ICR_956"
"5511","chr16",35272179,35272180,"chr16",35271908,35272955,"cg21424961_TC21","ICR_956"
"5512","chr16",35272310,35272311,"chr16",35271908,35272955,"cg21424962_BC21","ICR_956"
"5513","chr16",35272377,35272378,"chr16",35271908,35272955,"cg21424963_TC21","ICR_956"
"5514","chr16",35272556,35272557,"chr16",35271908,35272955,"cg21424964_BC21","ICR_956"
"5515","chr16",35272556,35272557,"chr16",35271908,35272955,"cg21424964_BC22","ICR_956"
"5516","chr16",35272954,35272955,"chr16",35271908,35272955,"cg21424965_TO11","ICR_956"
"5517","chr16",35397169,35397170,"chr16",35397155,35398017,"cg21425816_BC21","ICR_957"
"5518","chr16",35397499,35397500,"chr16",35397155,35398017,"cg21425817_TC21","ICR_957"
"5519","chr16",35397638,35397639,"chr16",35397155,35398017,"cg21425818_BO11","ICR_957"
"5520","chr16",35397638,35397639,"chr16",35397155,35398017,"cg21425818_BO12","ICR_957"
"5521","chr16",35397684,35397685,"chr16",35397155,35398017,"cg21425819_BC21","ICR_957"
"5522","chr16",35397684,35397685,"chr16",35397155,35398017,"cg21425819_BC22","ICR_957"
"5523","chr16",35397962,35397963,"chr16",35397155,35398017,"cg21425820_TC21","ICR_957"
"5524","chr16",35397962,35397963,"chr16",35397155,35398017,"cg21425820_TC22","ICR_957"
"5525","chr16",35398015,35398016,"chr16",35397155,35398017,"cg21425821_TO11","ICR_957"
"5526","chr16",35434222,35434223,"chr16",35434222,35436923,"cg21426044_BC21","ICR_958"
"5527","chr16",35435694,35435695,"chr16",35434222,35436923,"cg21426046_BC21","ICR_958"
"5528","chr16",35435786,35435787,"chr16",35434222,35436923,"cg21426047_TC21","ICR_958"
"5529","chr16",35435786,35435787,"chr16",35434222,35436923,"cg21426047_TC22","ICR_958"
"5530","chr16",35435869,35435870,"chr16",35434222,35436923,"cg21426048_BC21","ICR_958"
"5531","chr16",35435869,35435870,"chr16",35434222,35436923,"cg21426048_BC22","ICR_958"
"5532","chr16",35436006,35436007,"chr16",35434222,35436923,"cg21426049_BC21","ICR_958"
"5533","chr16",35436921,35436922,"chr16",35434222,35436923,"cg21426053_TC21","ICR_958"
"5534","chr16",35492480,35492481,"chr16",35492462,35492505,"cg19913557_TC11","ICR_959"
"5535","chr16",35631097,35631098,"chr16",35631097,35632919,"cg21427575_BC21","ICR_960"
"5536","chr16",35631440,35631441,"chr16",35631097,35632919,"cg21427576_BC21","ICR_960"
"5537","chr16",35631440,35631441,"chr16",35631097,35632919,"cg21427576_BC22","ICR_960"
"5538","chr16",35631480,35631481,"chr16",35631097,35632919,"cg21427577_BC21","ICR_960"
"5539","chr16",35632213,35632214,"chr16",35631097,35632919,"cg21427579_TC21","ICR_960"
"5540","chr16",35632902,35632903,"chr16",35631097,35632919,"cg21427582_BO11","ICR_960"
"5541","chr16",35690978,35690979,"chr16",35690946,35691217,"cg21427921_BC21","ICR_961"
"5542","chr16",35691051,35691052,"chr16",35690946,35691217,"cg21427922_TC21","ICR_961"
"5543","chr16",35691051,35691052,"chr16",35690946,35691217,"cg21427922_TC22","ICR_961"
"5544","chr16",35691121,35691122,"chr16",35690946,35691217,"cg21427923_TC21","ICR_961"
"5545","chr16",35691216,35691217,"chr16",35690946,35691217,"cg21427924_TC21","ICR_961"
"5546","chr16",35691216,35691217,"chr16",35690946,35691217,"cg21427924_TC22","ICR_961"
"5547","chr16",46757357,46757358,"chr16",46757357,46757691,"cg21444607_BC21","ICR_962"
"5548","chr16",46757442,46757443,"chr16",46757357,46757691,"cg21444609_BC21","ICR_962"
"5549","chr16",46757442,46757443,"chr16",46757357,46757691,"cg21444609_BC22","ICR_962"
"5550","chr16",46757445,46757446,"chr16",46757357,46757691,"cg21444610_TC11","ICR_962"
"5551","chr16",46757474,46757475,"chr16",46757357,46757691,"cg21444612_BC21","ICR_962"
"5552","chr16",46757474,46757475,"chr16",46757357,46757691,"cg21444612_BC22","ICR_962"
"5553","chr16",46757572,46757573,"chr16",46757357,46757691,"cg21444615_TC21","ICR_962"
"5554","chr16",46757572,46757573,"chr16",46757357,46757691,"cg21444615_TC22","ICR_962"
"5555","chr16",46757576,46757577,"chr16",46757357,46757691,"cg21444616_BC11","ICR_962"
"5556","chr16",46757642,46757643,"chr16",46757357,46757691,"cg21444618_TC21","ICR_962"
"5557","chr16",46757660,46757661,"chr16",46757357,46757691,"cg21444619_BC21","ICR_962"
"5558","chr16",46757690,46757691,"chr16",46757357,46757691,"cg20470236_BC21","ICR_962"
"5559","chr16",55760601,55760602,"chr16",55760601,55760930,"cg21532957_TC21","ICR_963"
"5560","chr16",55760601,55760602,"chr16",55760601,55760930,"cg21532957_TC22","ICR_963"
"5561","chr16",55760629,55760630,"chr16",55760601,55760930,"cg21532960_BC11","ICR_963"
"5562","chr16",55760682,55760683,"chr16",55760601,55760930,"cg16372632_TC11","ICR_963"
"5563","chr16",55760682,55760683,"chr16",55760601,55760930,"cg16372632_TC12","ICR_963"
"5564","chr16",55760684,55760685,"chr16",55760601,55760930,"cg21532962_TC21","ICR_963"
"5565","chr16",55760718,55760719,"chr16",55760601,55760930,"cg21532963_TC21","ICR_963"
"5566","chr16",55760749,55760750,"chr16",55760601,55760930,"cg21532964_BC21","ICR_963"
"5567","chr16",55760766,55760767,"chr16",55760601,55760930,"cg21532966_BC21","ICR_963"
"5568","chr16",55760809,55760810,"chr16",55760601,55760930,"cg21532970_TC21","ICR_963"
"5569","chr16",55760809,55760810,"chr16",55760601,55760930,"cg21532970_TC22","ICR_963"
"5570","chr16",55760811,55760812,"chr16",55760601,55760930,"cg21532971_TC21","ICR_963"
"5571","chr16",55760865,55760866,"chr16",55760601,55760930,"cg21532972_TC21","ICR_963"
"5572","chr16",55760865,55760866,"chr16",55760601,55760930,"cg21532972_TC22","ICR_963"
"5573","chr16",55760901,55760902,"chr16",55760601,55760930,"cg21532975_BC21","ICR_963"
"5574","chr16",57889946,57889947,"chr16",57889830,57890669,"cg21559855_BC21","ICR_964"
"5575","chr16",57890093,57890094,"chr16",57889830,57890669,"cg21559857_BC21","ICR_964"
"5576","chr16",57890140,57890141,"chr16",57889830,57890669,"cg21559858_TC21","ICR_964"
"5577","chr16",57890338,57890339,"chr16",57889830,57890669,"cg21559859_TC21","ICR_964"
"5578","chr16",57890349,57890350,"chr16",57889830,57890669,"cg21559860_BC21","ICR_964"
"5579","chr16",57890349,57890350,"chr16",57889830,57890669,"cg21559860_BC22","ICR_964"
"5580","chr16",57890359,57890360,"chr16",57889830,57890669,"cg21559861_BC21","ICR_964"
"5581","chr16",57890668,57890669,"chr16",57889830,57890669,"cg21559862_BC21","ICR_964"
"5582","chr16",66845872,66845873,"chr16",66845422,66846154,"cg21630558_TO11","ICR_965"
"5583","chr16",66845903,66845904,"chr16",66845422,66846154,"cg10394757_TC21","ICR_965"
"5584","chr16",66845950,66845951,"chr16",66845422,66846154,"cg21630559_BC21","ICR_965"
"5585","chr16",66845957,66845958,"chr16",66845422,66846154,"cg21630560_TC21","ICR_965"
"5586","chr16",66845957,66845958,"chr16",66845422,66846154,"cg21630560_TC22","ICR_965"
"5587","chr16",66845983,66845984,"chr16",66845422,66846154,"cg21630561_BC21","ICR_965"
"5588","chr16",66845992,66845993,"chr16",66845422,66846154,"cg21630562_BC21","ICR_965"
"5589","chr16",66845992,66845993,"chr16",66845422,66846154,"cg21630562_BC22","ICR_965"
"5590","chr16",66846054,66846055,"chr16",66845422,66846154,"cg21630563_TC21","ICR_965"
"5591","chr16",66846116,66846117,"chr16",66845422,66846154,"cg21630564_TC21","ICR_965"
"5592","chr16",66846153,66846154,"chr16",66845422,66846154,"cg21630565_BC21","ICR_965"
"5593","chr16",67654636,67654637,"chr16",67654636,67654865,"cg21645097_BO11","ICR_966"
"5594","chr16",67654655,67654656,"chr16",67654636,67654865,"cg21645098_BC21","ICR_966"
"5595","chr16",67654669,67654670,"chr16",67654636,67654865,"cg21645099_TC11","ICR_966"
"5596","chr16",67654722,67654723,"chr16",67654636,67654865,"cg21645101_TC21","ICR_966"
"5597","chr16",67654740,67654741,"chr16",67654636,67654865,"cg21645102_TC11","ICR_966"
"5598","chr16",67654742,67654743,"chr16",67654636,67654865,"cg21645104_TC21","ICR_966"
"5599","chr16",67654742,67654743,"chr16",67654636,67654865,"cg21645104_TC22","ICR_966"
"5600","chr16",67654758,67654759,"chr16",67654636,67654865,"cg21645105_TC11","ICR_966"
"5601","chr16",67654777,67654778,"chr16",67654636,67654865,"cg21645106_BC21","ICR_966"
"5602","chr16",67654780,67654781,"chr16",67654636,67654865,"cg21645107_BC21","ICR_966"
"5603","chr16",67654828,67654829,"chr16",67654636,67654865,"cg21645108_TO11","ICR_966"
"5604","chr16",67654864,67654865,"chr16",67654636,67654865,"cg21645110_BC21","ICR_966"
"5605","chr16",67654864,67654865,"chr16",67654636,67654865,"cg21645110_BC22","ICR_966"
"5606","chr16",70450871,70450872,"chr16",70450850,70451346,"cg21688698_BC11","ICR_967"
"5607","chr16",70450940,70450941,"chr16",70450850,70451346,"cg21688702_TC21","ICR_967"
"5608","chr16",70450940,70450941,"chr16",70450850,70451346,"cg21688702_TC22","ICR_967"
"5609","chr16",70451028,70451029,"chr16",70450850,70451346,"cg21688711_TO11","ICR_967"
"5610","chr16",70451035,70451036,"chr16",70450850,70451346,"cg21688712_BO11","ICR_967"
"5611","chr16",70451087,70451088,"chr16",70450850,70451346,"cg21688715_TC11","ICR_967"
"5612","chr16",70451093,70451094,"chr16",70450850,70451346,"cg21688716_BC11","ICR_967"
"5613","chr16",70451093,70451094,"chr16",70450850,70451346,"cg21688716_BC12","ICR_967"
"5614","chr16",70451099,70451100,"chr16",70450850,70451346,"cg21688717_TC11","ICR_967"
"5615","chr16",70451125,70451126,"chr16",70450850,70451346,"cg21688719_TC11","ICR_967"
"5616","chr16",70451156,70451157,"chr16",70450850,70451346,"cg21688723_BO11","ICR_967"
"5617","chr16",70451310,70451311,"chr16",70450850,70451346,"cg26893623_TC11","ICR_967"
"5618","chr16",70451321,70451322,"chr16",70450850,70451346,"cg21688733_BC21","ICR_967"
"5619","chr16",70451321,70451322,"chr16",70450850,70451346,"cg21688733_BC22","ICR_967"
"5620","chr16",71383779,71383780,"chr16",71383779,71384024,"cg21698580_BC21","ICR_969"
"5621","chr16",71383779,71383780,"chr16",71383779,71384024,"cg21698580_BC22","ICR_969"
"5622","chr16",71383809,71383810,"chr16",71383779,71384024,"cg21698581_TC21","ICR_969"
"5623","chr16",71383809,71383810,"chr16",71383779,71384024,"cg21698581_TC22","ICR_969"
"5624","chr16",71383846,71383847,"chr16",71383779,71384024,"cg21698582_TC21","ICR_969"
"5625","chr16",71383870,71383871,"chr16",71383779,71384024,"cg21698583_BC21","ICR_969"
"5626","chr16",71383870,71383871,"chr16",71383779,71384024,"cg21698583_BC22","ICR_969"
"5627","chr16",71383879,71383880,"chr16",71383779,71384024,"cg21698584_BC11","ICR_969"
"5628","chr16",71383879,71383880,"chr16",71383779,71384024,"cg21698584_BC12","ICR_969"
"5629","chr16",71383972,71383973,"chr16",71383779,71384024,"cg21698585_BC21","ICR_969"
"5630","chr16",71383989,71383990,"chr16",71383779,71384024,"cg21698586_BC21","ICR_969"
"5631","chr16",71384023,71384024,"chr16",71383779,71384024,"cg21698587_TC21","ICR_969"
"5632","chr16",71384023,71384024,"chr16",71383779,71384024,"cg21698587_TC22","ICR_969"
"5633","chr16",73171235,73171236,"chr16",73171235,73171514,"cg21719350_BC21","ICR_970"
"5634","chr16",73171304,73171305,"chr16",73171235,73171514,"cg21719351_TC21","ICR_970"
"5635","chr16",73171315,73171316,"chr16",73171235,73171514,"cg21719352_TC21","ICR_970"
"5636","chr16",73171350,73171351,"chr16",73171235,73171514,"cg21719353_TC21","ICR_970"
"5637","chr16",73171492,73171493,"chr16",73171235,73171514,"cg21719354_TC21","ICR_970"
"5638","chr16",73171492,73171493,"chr16",73171235,73171514,"cg21719354_TC22","ICR_970"
"5639","chr16",73171501,73171502,"chr16",73171235,73171514,"cg21719355_BC11","ICR_970"
"5640","chr16",73171513,73171514,"chr16",73171235,73171514,"cg21719356_TC21","ICR_970"
"5641","chr16",73171513,73171514,"chr16",73171235,73171514,"cg21719356_TC22","ICR_970"
"5642","chr16",79037696,79037697,"chr16",79037696,79038236,"cg21783377_BC21","ICR_971"
"5643","chr16",79037868,79037869,"chr16",79037696,79038236,"cg21783378_TC21","ICR_971"
"5644","chr16",79037919,79037920,"chr16",79037696,79038236,"cg21783379_BC21","ICR_971"
"5645","chr16",79037938,79037939,"chr16",79037696,79038236,"cg21783380_TC21","ICR_971"
"5646","chr16",79038060,79038061,"chr16",79037696,79038236,"cg21783382_TC21","ICR_971"
"5647","chr16",79038235,79038236,"chr16",79037696,79038236,"cg21783384_BC21","ICR_971"
"5648","chr16",79328608,79328609,"chr16",79328592,79329315,"cg21786826_BC21","ICR_972"
"5649","chr16",79328837,79328838,"chr16",79328592,79329315,"cg21786827_BC21","ICR_972"
"5650","chr16",79328837,79328838,"chr16",79328592,79329315,"cg21786827_BC22","ICR_972"
"5651","chr16",79329037,79329038,"chr16",79328592,79329315,"cg21786829_TC21","ICR_972"
"5652","chr16",79329037,79329038,"chr16",79328592,79329315,"cg21786829_TC22","ICR_972"
"5653","chr16",79329052,79329053,"chr16",79328592,79329315,"cg21786830_BC11","ICR_972"
"5654","chr16",79329139,79329140,"chr16",79328592,79329315,"cg21786831_BC21","ICR_972"
"5655","chr16",79838819,79838820,"chr16",79838819,79839867,"cg21792184_TC21","ICR_973"
"5656","chr16",79838900,79838901,"chr16",79838819,79839867,"cg21792186_BC21","ICR_973"
"5657","chr16",79839015,79839016,"chr16",79838819,79839867,"cg21792187_TC21","ICR_973"
"5658","chr16",79839026,79839027,"chr16",79838819,79839867,"cg21792188_TC21","ICR_973"
"5659","chr16",79839049,79839050,"chr16",79838819,79839867,"cg21792189_TC11","ICR_973"
"5660","chr16",79839123,79839124,"chr16",79838819,79839867,"cg21792190_BC21","ICR_973"
"5661","chr16",79839132,79839133,"chr16",79838819,79839867,"cg21792191_TC21","ICR_973"
"5662","chr16",79839424,79839425,"chr16",79838819,79839867,"cg21792193_BC21","ICR_973"
"5663","chr16",79839485,79839486,"chr16",79838819,79839867,"cg21792194_BC21","ICR_973"
"5664","chr16",79839520,79839521,"chr16",79838819,79839867,"cg21792195_BC21","ICR_973"
"5665","chr16",79839865,79839866,"chr16",79838819,79839867,"cg21792196_TO21","ICR_973"
"5666","chr16",85263026,85263027,"chr16",85263026,85263356,"cg21865966_TO11","ICR_974"
"5667","chr16",85263040,85263041,"chr16",85263026,85263356,"cg21865967_TO11","ICR_974"
"5668","chr16",85263042,85263043,"chr16",85263026,85263356,"cg21865968_TO11","ICR_974"
"5669","chr16",85263050,85263051,"chr16",85263026,85263356,"cg21865969_TO11","ICR_974"
"5670","chr16",85263057,85263058,"chr16",85263026,85263356,"cg21865970_TC11","ICR_974"
"5671","chr16",85263063,85263064,"chr16",85263026,85263356,"cg21865971_BC11","ICR_974"
"5672","chr16",85263095,85263096,"chr16",85263026,85263356,"cg21865973_BC11","ICR_974"
"5673","chr16",85263097,85263098,"chr16",85263026,85263356,"cg21865974_TC21","ICR_974"
"5674","chr16",85263133,85263134,"chr16",85263026,85263356,"cg21865975_TO11","ICR_974"
"5675","chr16",85263322,85263323,"chr16",85263026,85263356,"cg21865977_BC11","ICR_974"
"5676","chr16",85263355,85263356,"chr16",85263026,85263356,"cg21865978_TC21","ICR_974"
"5677","chr16",85480229,85480230,"chr16",85480229,85480623,"cg21871351_BC21","ICR_975"
"5678","chr16",85480271,85480272,"chr16",85480229,85480623,"cg21871352_TC21","ICR_975"
"5679","chr16",85480313,85480314,"chr16",85480229,85480623,"cg21871353_BC11","ICR_975"
"5680","chr16",85480335,85480336,"chr16",85480229,85480623,"cg21871354_BC21","ICR_975"
"5681","chr16",85480352,85480353,"chr16",85480229,85480623,"cg21871355_TC11","ICR_975"
"5682","chr16",85480489,85480490,"chr16",85480229,85480623,"cg21871360_TC21","ICR_975"
"5683","chr16",85480525,85480526,"chr16",85480229,85480623,"cg21871361_BC21","ICR_975"
"5684","chr16",85480568,85480569,"chr16",85480229,85480623,"cg21871362_TC21","ICR_975"
"5685","chr16",85480597,85480598,"chr16",85480229,85480623,"cg21871363_BC21","ICR_975"
"5686","chr16",85480622,85480623,"chr16",85480229,85480623,"cg21871364_TC21","ICR_975"
"5687","chr16",87518008,87518009,"chr16",87517951,87518116,"cg21911412_TC21","ICR_976"
"5688","chr16",87518033,87518034,"chr16",87517951,87518116,"cg21911413_TC11","ICR_976"
"5689","chr16",87518058,87518059,"chr16",87517951,87518116,"cg21911414_BC11","ICR_976"
"5690","chr16",87518060,87518061,"chr16",87517951,87518116,"cg21911415_TC21","ICR_976"
"5691","chr16",88186740,88186741,"chr16",88186740,88186914,"cg21929105_TC21","ICR_977"
"5692","chr16",88186774,88186775,"chr16",88186740,88186914,"cg21929106_TO11","ICR_977"
"5693","chr16",88186781,88186782,"chr16",88186740,88186914,"cg21929107_TO11","ICR_977"
"5694","chr16",88431176,88431177,"chr16",88431176,88431330,"cg21935209_BC11","ICR_978"
"5695","chr16",88431205,88431206,"chr16",88431176,88431330,"cg21935210_BC21","ICR_978"
"5696","chr16",88431205,88431206,"chr16",88431176,88431330,"cg21935210_BC22","ICR_978"
"5697","chr16",88431227,88431228,"chr16",88431176,88431330,"cg21935212_TC11","ICR_978"
"5698","chr16",88431227,88431228,"chr16",88431176,88431330,"cg21935212_TC12","ICR_978"
"5699","chr16",88431249,88431250,"chr16",88431176,88431330,"cg21935213_TC11","ICR_978"
"5700","chr16",88431272,88431273,"chr16",88431176,88431330,"cg21935214_BC11","ICR_978"
"5701","chr16",88431275,88431276,"chr16",88431176,88431330,"cg21935215_TC11","ICR_978"
"5702","chr16",88431275,88431276,"chr16",88431176,88431330,"cg21935215_TC12","ICR_978"
"5703","chr16",88431311,88431312,"chr16",88431176,88431330,"cg21935218_TO11","ICR_978"
"5704","chr17",335948,335949,"chr17",335948,336142,"cg21991718_BC11","ICR_979"
"5705","chr17",335964,335965,"chr17",335948,336142,"cg19446165_BC21","ICR_979"
"5706","chr17",335964,335965,"chr17",335948,336142,"cg19446165_BC22","ICR_979"
"5707","chr17",336006,336007,"chr17",335948,336142,"cg21991720_BC21","ICR_979"
"5708","chr17",336025,336026,"chr17",335948,336142,"cg21991721_BC21","ICR_979"
"5709","chr17",336093,336094,"chr17",335948,336142,"cg21991722_TO21","ICR_979"
"5710","chr17",336109,336110,"chr17",335948,336142,"cg21991724_TC21","ICR_979"
"5711","chr17",336109,336110,"chr17",335948,336142,"cg21991724_TC22","ICR_979"
"5712","chr17",336117,336118,"chr17",335948,336142,"cg21991725_TC21","ICR_979"
"5713","chr17",336141,336142,"chr17",335948,336142,"cg21991726_BC21","ICR_979"
"5714","chr17",753057,753058,"chr17",753057,753176,"cg21999411_TC21","ICR_980"
"5715","chr17",753059,753060,"chr17",753057,753176,"cg21999412_BC11","ICR_980"
"5716","chr17",1492521,1492522,"chr17",1492496,1492586,"cg22019972_TC11","ICR_981"
"5717","chr17",1492560,1492561,"chr17",1492496,1492586,"cg22019974_TC11","ICR_981"
"5718","chr17",1961066,1961067,"chr17",1961066,1961305,"cg23538400_TC21","ICR_982"
"5719","chr17",1961147,1961148,"chr17",1961066,1961305,"cg22031802_BC21","ICR_982"
"5720","chr17",2122708,2122709,"chr17",2122708,2123630,"cg22036076_BC21","ICR_983"
"5721","chr17",2122857,2122858,"chr17",2122708,2123630,"cg22036077_BC21","ICR_983"
"5722","chr17",2123064,2123065,"chr17",2122708,2123630,"cg12660171_BC21","ICR_983"
"5723","chr17",2123064,2123065,"chr17",2122708,2123630,"cg12660171_BC22","ICR_983"
"5724","chr17",2123080,2123081,"chr17",2122708,2123630,"cg22036078_TC21","ICR_983"
"5725","chr17",2123087,2123088,"chr17",2122708,2123630,"cg22036079_BC21","ICR_983"
"5726","chr17",2123087,2123088,"chr17",2122708,2123630,"cg22036079_BC22","ICR_983"
"5727","chr17",2123102,2123103,"chr17",2122708,2123630,"cg22036080_TC11","ICR_983"
"5728","chr17",2123156,2123157,"chr17",2122708,2123630,"cg22036083_TC11","ICR_983"
"5729","chr17",2123230,2123231,"chr17",2122708,2123630,"cg22036085_TC21","ICR_983"
"5730","chr17",2123230,2123231,"chr17",2122708,2123630,"cg22036085_TC22","ICR_983"
"5731","chr17",2123238,2123239,"chr17",2122708,2123630,"cg15816464_TC21","ICR_983"
"5732","chr17",2123336,2123337,"chr17",2122708,2123630,"cg22036086_TC21","ICR_983"
"5733","chr17",2123336,2123337,"chr17",2122708,2123630,"cg22036086_TC22","ICR_983"
"5734","chr17",2123394,2123395,"chr17",2122708,2123630,"cg22036087_TO21","ICR_983"
"5735","chr17",2123394,2123395,"chr17",2122708,2123630,"cg22036087_TO22","ICR_983"
"5736","chr17",2123398,2123399,"chr17",2122708,2123630,"cg22036088_TO11","ICR_983"
"5737","chr17",2123440,2123441,"chr17",2122708,2123630,"cg22036089_BO21","ICR_983"
"5738","chr17",2123629,2123630,"chr17",2122708,2123630,"cg22036090_BC21","ICR_983"
"5739","chr17",2123629,2123630,"chr17",2122708,2123630,"cg22036090_BC22","ICR_983"
"5740","chr17",2691906,2691907,"chr17",2691898,2691997,"cg22046536_BC11","ICR_984"
"5741","chr17",2691965,2691966,"chr17",2691898,2691997,"cg22046544_BC11","ICR_984"
"5742","chr17",2691976,2691977,"chr17",2691898,2691997,"cg22046546_TC11","ICR_984"
"5743","chr17",2691996,2691997,"chr17",2691898,2691997,"cg22046550_TO11","ICR_984"
"5744","chr17",3386158,3386159,"chr17",3386153,3386259,"cg26602314_BC21","ICR_985"
"5745","chr17",3386191,3386192,"chr17",3386153,3386259,"cg22058239_BC21","ICR_985"
"5746","chr17",3386191,3386192,"chr17",3386153,3386259,"cg22058239_BC22","ICR_985"
"5747","chr17",3386225,3386226,"chr17",3386153,3386259,"cg22058240_TC21","ICR_985"
"5748","chr17",3386240,3386241,"chr17",3386153,3386259,"cg22058241_TC21","ICR_985"
"5749","chr17",3386240,3386241,"chr17",3386153,3386259,"cg22058241_TC22","ICR_985"
"5750","chr17",4783018,4783019,"chr17",4783018,4783185,"cg22085916_BC21","ICR_986"
"5751","chr17",4783088,4783089,"chr17",4783018,4783185,"cg22085918_BC21","ICR_986"
"5752","chr17",4783108,4783109,"chr17",4783018,4783185,"cg22085919_BC21","ICR_986"
"5753","chr17",5771212,5771213,"chr17",5771206,5771575,"cg22102413_BC11","ICR_987"
"5754","chr17",5771212,5771213,"chr17",5771206,5771575,"cg22102413_BC12","ICR_987"
"5755","chr17",5771349,5771350,"chr17",5771206,5771575,"cg22102432_BC11","ICR_987"
"5756","chr17",5771352,5771353,"chr17",5771206,5771575,"cg22102433_TC11","ICR_987"
"5757","chr17",5771352,5771353,"chr17",5771206,5771575,"cg22102433_TC12","ICR_987"
"5758","chr17",5771537,5771538,"chr17",5771206,5771575,"cg14057352_BC11","ICR_987"
"5759","chr17",5771541,5771542,"chr17",5771206,5771575,"cg22102449_BC21","ICR_987"
"5760","chr17",16683801,16683802,"chr17",16683801,16683924,"cg22248274_BC21","ICR_989"
"5761","chr17",16683805,16683806,"chr17",16683801,16683924,"cg22248276_BC11","ICR_989"
"5762","chr17",16683805,16683806,"chr17",16683801,16683924,"cg22248276_BC12","ICR_989"
"5763","chr17",16683813,16683814,"chr17",16683801,16683924,"cg19811683_BC11","ICR_989"
"5764","chr17",16683817,16683818,"chr17",16683801,16683924,"cg22248277_BC11","ICR_989"
"5765","chr17",16856480,16856481,"chr17",16856436,16856709,"cg22250296_BC11","ICR_990"
"5766","chr17",16856480,16856481,"chr17",16856436,16856709,"cg22250296_BC12","ICR_990"
"5767","chr17",16856522,16856523,"chr17",16856436,16856709,"cg22250297_TC21","ICR_990"
"5768","chr17",16856708,16856709,"chr17",16856436,16856709,"cg22250301_TC21","ICR_990"
"5769","chr17",18625254,18625255,"chr17",18625245,18625400,"cg26162794_TC11","ICR_991"
"5770","chr17",18625272,18625273,"chr17",18625245,18625400,"cg22280556_TC21","ICR_991"
"5771","chr17",18625275,18625276,"chr17",18625245,18625400,"cg20995835_BC21","ICR_991"
"5772","chr17",18625306,18625307,"chr17",18625245,18625400,"cg22280557_TC21","ICR_991"
"5773","chr17",18625324,18625325,"chr17",18625245,18625400,"cg23591595_TC11","ICR_991"
"5774","chr17",18625362,18625363,"chr17",18625245,18625400,"cg22280558_BC11","ICR_991"
"5775","chr17",18625367,18625368,"chr17",18625245,18625400,"cg22280559_BC21","ICR_991"
"5776","chr17",18625399,18625400,"chr17",18625245,18625400,"cg22280562_TO11","ICR_991"
"5777","chr17",19980160,19980161,"chr17",19980114,19980296,"cg15193133_TC11","ICR_992"
"5778","chr17",19980171,19980172,"chr17",19980114,19980296,"cg22299578_BC21","ICR_992"
"5779","chr17",19980194,19980195,"chr17",19980114,19980296,"cg22299579_TC21","ICR_992"
"5780","chr17",19980194,19980195,"chr17",19980114,19980296,"cg22299579_TC22","ICR_992"
"5781","chr17",19980235,19980236,"chr17",19980114,19980296,"cg22299581_TC21","ICR_992"
"5782","chr17",19980282,19980283,"chr17",19980114,19980296,"cg22299582_BO11","ICR_992"
"5783","chr17",19980282,19980283,"chr17",19980114,19980296,"cg22299582_BO12","ICR_992"
"5784","chr17",19980288,19980289,"chr17",19980114,19980296,"cg12684052_TC11","ICR_992"
"5785","chr17",20896156,20896157,"chr17",20896156,20896553,"cg14560110_BC11","ICR_993"
"5786","chr17",20896156,20896157,"chr17",20896156,20896553,"cg14560110_BC12","ICR_993"
"5787","chr17",20896158,20896159,"chr17",20896156,20896553,"cg22309375_TC21","ICR_993"
"5788","chr17",20896158,20896159,"chr17",20896156,20896553,"cg22309375_TC22","ICR_993"
"5789","chr17",20896175,20896176,"chr17",20896156,20896553,"cg22309377_BC11","ICR_993"
"5790","chr17",20896177,20896178,"chr17",20896156,20896553,"cg22516161_TC21","ICR_993"
"5791","chr17",20896218,20896219,"chr17",20896156,20896553,"cg22570042_TC21","ICR_993"
"5792","chr17",20896229,20896230,"chr17",20896156,20896553,"cg22309378_TO11","ICR_993"
"5793","chr17",20896345,20896346,"chr17",20896156,20896553,"cg22309379_TC11","ICR_993"
"5794","chr17",20896345,20896346,"chr17",20896156,20896553,"cg22309379_TC12","ICR_993"
"5795","chr17",20896362,20896363,"chr17",20896156,20896553,"cg25893857_TC21","ICR_993"
"5796","chr17",20896400,20896401,"chr17",20896156,20896553,"cg11633473_TC21","ICR_993"
"5797","chr17",20896400,20896401,"chr17",20896156,20896553,"cg11633473_TC22","ICR_993"
"5798","chr17",20896455,20896456,"chr17",20896156,20896553,"cg22282896_TC21","ICR_993"
"5799","chr17",20896455,20896456,"chr17",20896156,20896553,"cg22282896_TC22","ICR_993"
"5800","chr17",20896509,20896510,"chr17",20896156,20896553,"cg22309388_TC11","ICR_993"
"5801","chr17",20896539,20896540,"chr17",20896156,20896553,"cg22309390_TC11","ICR_993"
"5802","chr17",21512191,21512192,"chr17",21512148,21512223,"cg22319535_BC21","ICR_994"
"5803","chr17",21512195,21512196,"chr17",21512148,21512223,"cg22319536_TC11","ICR_994"
"5804","chr17",21512203,21512204,"chr17",21512148,21512223,"cg19091902_TC21","ICR_994"
"5805","chr17",21512205,21512206,"chr17",21512148,21512223,"cg22319537_BC11","ICR_994"
"5806","chr17",21573788,21573789,"chr17",21573788,21574080,"cg11499689_BC21","ICR_995"
"5807","chr17",21573806,21573807,"chr17",21573788,21574080,"cg22320207_TC11","ICR_995"
"5808","chr17",21573828,21573829,"chr17",21573788,21574080,"cg22320208_TO11","ICR_995"
"5809","chr17",21573834,21573835,"chr17",21573788,21574080,"cg22320209_TO11","ICR_995"
"5810","chr17",21573837,21573838,"chr17",21573788,21574080,"cg22320210_BO11","ICR_995"
"5811","chr17",21573839,21573840,"chr17",21573788,21574080,"cg22320211_TC11","ICR_995"
"5812","chr17",21573845,21573846,"chr17",21573788,21574080,"cg22320212_BC11","ICR_995"
"5813","chr17",21573849,21573850,"chr17",21573788,21574080,"cg22320213_BC21","ICR_995"
"5814","chr17",21573856,21573857,"chr17",21573788,21574080,"cg22320214_BC21","ICR_995"
"5815","chr17",21573903,21573904,"chr17",21573788,21574080,"cg22320216_TC11","ICR_995"
"5816","chr17",21573907,21573908,"chr17",21573788,21574080,"cg22320217_TC11","ICR_995"
"5817","chr17",21573922,21573923,"chr17",21573788,21574080,"cg22320218_BC11","ICR_995"
"5818","chr17",21573947,21573948,"chr17",21573788,21574080,"cg22320220_TC11","ICR_995"
"5819","chr17",21573961,21573962,"chr17",21573788,21574080,"cg22320221_TC11","ICR_995"
"5820","chr17",21573992,21573993,"chr17",21573788,21574080,"cg22320222_TC11","ICR_995"
"5821","chr17",21574030,21574031,"chr17",21573788,21574080,"cg22320223_BO11","ICR_995"
"5822","chr17",21574079,21574080,"chr17",21573788,21574080,"cg22320227_BC21","ICR_995"
"5823","chr17",21656814,21656815,"chr17",21656812,21657134,"cg22321073_TO11","ICR_996"
"5824","chr17",21656898,21656899,"chr17",21656812,21657134,"cg22321078_TC21","ICR_996"
"5825","chr17",21657133,21657134,"chr17",21656812,21657134,"cg22321098_BC11","ICR_996"
"5826","chr17",21678810,21678811,"chr17",21678810,21679073,"cg22321454_BC21","ICR_997"
"5827","chr17",21678837,21678838,"chr17",21678810,21679073,"cg22321455_BC21","ICR_997"
"5828","chr17",21678841,21678842,"chr17",21678810,21679073,"cg22321456_TC21","ICR_997"
"5829","chr17",21678843,21678844,"chr17",21678810,21679073,"cg22321457_TC21","ICR_997"
"5830","chr17",21678848,21678849,"chr17",21678810,21679073,"cg22321458_TC11","ICR_997"
"5831","chr17",21678850,21678851,"chr17",21678810,21679073,"cg22321459_TC11","ICR_997"
"5832","chr17",21678856,21678857,"chr17",21678810,21679073,"cg22321460_TC11","ICR_997"
"5833","chr17",21678877,21678878,"chr17",21678810,21679073,"cg22321461_TC21","ICR_997"
"5834","chr17",21678918,21678919,"chr17",21678810,21679073,"cg22321463_TC21","ICR_997"
"5835","chr17",21678931,21678932,"chr17",21678810,21679073,"cg22321464_TC11","ICR_997"
"5836","chr17",21678934,21678935,"chr17",21678810,21679073,"cg22321466_BC11","ICR_997"
"5837","chr17",21678958,21678959,"chr17",21678810,21679073,"cg22321468_TO11","ICR_997"
"5838","chr17",21678976,21678977,"chr17",21678810,21679073,"cg22321471_BO11","ICR_997"
"5839","chr17",21678996,21678997,"chr17",21678810,21679073,"cg22321472_BC11","ICR_997"
"5840","chr17",21679011,21679012,"chr17",21678810,21679073,"cg22321473_TC21","ICR_997"
"5841","chr17",21679011,21679012,"chr17",21678810,21679073,"cg22321473_TC22","ICR_997"
"5842","chr17",21679013,21679014,"chr17",21678810,21679073,"cg22321474_TC21","ICR_997"
"5843","chr17",21681087,21681088,"chr17",21681087,21681431,"cg22321595_BC21","ICR_998"
"5844","chr17",21681087,21681088,"chr17",21681087,21681431,"cg22321595_BC22","ICR_998"
"5845","chr17",21681174,21681175,"chr17",21681087,21681431,"cg22321601_BC11","ICR_998"
"5846","chr17",21681182,21681183,"chr17",21681087,21681431,"cg22321602_BC11","ICR_998"
"5847","chr17",21681196,21681197,"chr17",21681087,21681431,"cg22321603_BC11","ICR_998"
"5848","chr17",21681208,21681209,"chr17",21681087,21681431,"cg22321604_BC11","ICR_998"
"5849","chr17",21681228,21681229,"chr17",21681087,21681431,"cg22321606_BC11","ICR_998"
"5850","chr17",21681244,21681245,"chr17",21681087,21681431,"cg22321607_TC11","ICR_998"
"5851","chr17",21681319,21681320,"chr17",21681087,21681431,"cg22321616_BC11","ICR_998"
"5852","chr17",21681337,21681338,"chr17",21681087,21681431,"cg22321618_BC21","ICR_998"
"5853","chr17",21685998,21685999,"chr17",21685887,21686090,"cg22321882_TC21","ICR_999"
"5854","chr17",21686057,21686058,"chr17",21685887,21686090,"cg22321883_TC21","ICR_999"
"5855","chr17",21841968,21841969,"chr17",21841947,21841991,"cg22323561_BC11","ICR_1000"
"5856","chr17",21841968,21841969,"chr17",21841947,21841991,"cg22323561_BC12","ICR_1000"
"5857","chr17",21841971,21841972,"chr17",21841947,21841991,"cg22323562_TC11","ICR_1000"
"5858","chr17",21843639,21843640,"chr17",21843633,21843712,"cg22323796_TC11","ICR_1001"
"5859","chr17",21843639,21843640,"chr17",21843633,21843712,"cg22323796_TC12","ICR_1001"
"5860","chr17",21843651,21843652,"chr17",21843633,21843712,"cg22323797_BC11","ICR_1001"
"5861","chr17",22266217,22266218,"chr17",22266217,22266557,"cg22329520_TC11","ICR_1002"
"5862","chr17",22266247,22266248,"chr17",22266217,22266557,"cg20303724_TC21","ICR_1002"
"5863","chr17",22266247,22266248,"chr17",22266217,22266557,"cg20303724_TC22","ICR_1002"
"5864","chr17",22266334,22266335,"chr17",22266217,22266557,"cg22329521_TC21","ICR_1002"
"5865","chr17",22266338,22266339,"chr17",22266217,22266557,"cg22329522_BC21","ICR_1002"
"5866","chr17",22266349,22266350,"chr17",22266217,22266557,"cg22329523_TC21","ICR_1002"
"5867","chr17",22266349,22266350,"chr17",22266217,22266557,"cg22329523_TC22","ICR_1002"
"5868","chr17",22266357,22266358,"chr17",22266217,22266557,"cg22329524_BC21","ICR_1002"
"5869","chr17",22266377,22266378,"chr17",22266217,22266557,"cg22329525_TC21","ICR_1002"
"5870","chr17",22266407,22266408,"chr17",22266217,22266557,"cg22329526_BC21","ICR_1002"
"5871","chr17",22266425,22266426,"chr17",22266217,22266557,"cg22329528_BC21","ICR_1002"
"5872","chr17",22266435,22266436,"chr17",22266217,22266557,"cg22329529_BC21","ICR_1002"
"5873","chr17",22266448,22266449,"chr17",22266217,22266557,"cg22329530_TO11","ICR_1002"
"5874","chr17",22266456,22266457,"chr17",22266217,22266557,"cg22329531_BO11","ICR_1002"
"5875","chr17",22266523,22266524,"chr17",22266217,22266557,"cg22329534_TC21","ICR_1002"
"5876","chr17",22266556,22266557,"chr17",22266217,22266557,"cg22329535_TC21","ICR_1002"
"5877","chr17",26733379,26733380,"chr17",26733375,26735171,"cg22350083_BC21","ICR_1003"
"5878","chr17",26733463,26733464,"chr17",26733375,26735171,"cg22350084_TO11","ICR_1003"
"5879","chr17",26735053,26735054,"chr17",26733375,26735171,"cg22350088_BC21","ICR_1003"
"5880","chr17",26735053,26735054,"chr17",26733375,26735171,"cg22350088_BC22","ICR_1003"
"5881","chr17",26788439,26788440,"chr17",26788439,26788550,"cg22351055_TC21","ICR_1004"
"5882","chr17",26788481,26788482,"chr17",26788439,26788550,"cg22351056_TO11","ICR_1004"
"5883","chr17",26788493,26788494,"chr17",26788439,26788550,"cg22351057_BC11","ICR_1004"
"5884","chr17",26788503,26788504,"chr17",26788439,26788550,"cg22351058_BC11","ICR_1004"
"5885","chr17",26788518,26788519,"chr17",26788439,26788550,"cg22351059_TO11","ICR_1004"
"5886","chr17",28645701,28645702,"chr17",28645701,28645796,"cg22373010_BC21","ICR_1005"
"5887","chr17",28645706,28645707,"chr17",28645701,28645796,"cg22373011_BC21","ICR_1005"
"5888","chr17",28645724,28645725,"chr17",28645701,28645796,"cg22373012_BC11","ICR_1005"
"5889","chr17",28645786,28645787,"chr17",28645701,28645796,"cg23798387_BC11","ICR_1005"
"5890","chr17",28645786,28645787,"chr17",28645701,28645796,"cg23798387_BC12","ICR_1005"
"5891","chr17",28645788,28645789,"chr17",28645701,28645796,"cg22373013_TC11","ICR_1005"
"5892","chr17",28645795,28645796,"chr17",28645701,28645796,"cg22373014_BC21","ICR_1005"
"5893","chr17",34040219,34040220,"chr17",34040219,34040257,"cg21777866_BC11","ICR_1006"
"5894","chr17",34040256,34040257,"chr17",34040219,34040257,"cg22439812_BC11","ICR_1006"
"5895","chr17",34040256,34040257,"chr17",34040219,34040257,"cg22439812_BC12","ICR_1006"
"5896","chr17",34571675,34571676,"chr17",34571675,34571885,"cg22443886_BC21","ICR_1007"
"5897","chr17",34571681,34571682,"chr17",34571675,34571885,"cg22443887_BC21","ICR_1007"
"5898","chr17",34571726,34571727,"chr17",34571675,34571885,"cg22443888_TC21","ICR_1007"
"5899","chr17",34571740,34571741,"chr17",34571675,34571885,"cg22443889_BC21","ICR_1007"
"5900","chr17",34571762,34571763,"chr17",34571675,34571885,"cg22443890_TC11","ICR_1007"
"5901","chr17",34571776,34571777,"chr17",34571675,34571885,"cg22443891_BC21","ICR_1007"
"5902","chr17",34571807,34571808,"chr17",34571675,34571885,"cg22443892_BC21","ICR_1007"
"5903","chr17",34571884,34571885,"chr17",34571675,34571885,"cg22443893_BC21","ICR_1007"
"5904","chr17",35151227,35151228,"chr17",35151122,35151341,"cg22450245_TC21","ICR_1008"
"5905","chr17",35151232,35151233,"chr17",35151122,35151341,"cg22450246_TC21","ICR_1008"
"5906","chr17",35151237,35151238,"chr17",35151122,35151341,"cg22450247_BC21","ICR_1008"
"5907","chr17",35151252,35151253,"chr17",35151122,35151341,"cg22450248_TC21","ICR_1008"
"5908","chr17",35151254,35151255,"chr17",35151122,35151341,"cg22450249_TC11","ICR_1008"
"5909","chr17",35151261,35151262,"chr17",35151122,35151341,"cg22450250_BC11","ICR_1008"
"5910","chr17",35151261,35151262,"chr17",35151122,35151341,"cg22450250_BC12","ICR_1008"
"5911","chr17",35151286,35151287,"chr17",35151122,35151341,"cg22450251_TC11","ICR_1008"
"5912","chr17",35151316,35151317,"chr17",35151122,35151341,"cg22450256_BC11","ICR_1008"
"5913","chr17",35151330,35151331,"chr17",35151122,35151341,"cg22450258_BC11","ICR_1008"
"5914","chr17",39868492,39868493,"chr17",39868448,39868635,"cg22513340_TO21","ICR_1009"
"5915","chr17",39868543,39868544,"chr17",39868448,39868635,"cg14914852_BC21","ICR_1009"
"5916","chr17",39868557,39868558,"chr17",39868448,39868635,"cg22513341_BC21","ICR_1009"
"5917","chr17",39868559,39868560,"chr17",39868448,39868635,"cg22513342_BC21","ICR_1009"
"5918","chr17",39868634,39868635,"chr17",39868448,39868635,"cg22513343_TC21","ICR_1009"
"5919","chr17",40014560,40014561,"chr17",40014560,40014758,"cg22515641_TC21","ICR_1010"
"5920","chr17",40014595,40014596,"chr17",40014560,40014758,"cg22515642_BC21","ICR_1010"
"5921","chr17",40014595,40014596,"chr17",40014560,40014758,"cg22515642_BC22","ICR_1010"
"5922","chr17",40014608,40014609,"chr17",40014560,40014758,"cg16271663_BC21","ICR_1010"
"5923","chr17",40014608,40014609,"chr17",40014560,40014758,"cg16271663_BC22","ICR_1010"
"5924","chr17",40014680,40014681,"chr17",40014560,40014758,"cg22515643_BC11","ICR_1010"
"5925","chr17",40014680,40014681,"chr17",40014560,40014758,"cg22515643_BC12","ICR_1010"
"5926","chr17",40014685,40014686,"chr17",40014560,40014758,"cg22515644_TC11","ICR_1010"
"5927","chr17",40014704,40014705,"chr17",40014560,40014758,"cg22515645_TC21","ICR_1010"
"5928","chr17",40014717,40014718,"chr17",40014560,40014758,"cg22515646_BC11","ICR_1010"
"5929","chr17",40014736,40014737,"chr17",40014560,40014758,"cg22515647_TC11","ICR_1010"
"5930","chr17",40014736,40014737,"chr17",40014560,40014758,"cg22515647_TC12","ICR_1010"
"5931","chr17",40014757,40014758,"chr17",40014560,40014758,"cg22515649_BC21","ICR_1010"
"5932","chr17",43126132,43126133,"chr17",43126132,43126286,"cg22562257_TC21","ICR_1011"
"5933","chr17",43126135,43126136,"chr17",43126132,43126286,"cg22562258_BC21","ICR_1011"
"5934","chr17",43126179,43126180,"chr17",43126132,43126286,"cg14947218_BC11","ICR_1011"
"5935","chr17",43126179,43126180,"chr17",43126132,43126286,"cg14947218_BC12","ICR_1011"
"5936","chr17",43126185,43126186,"chr17",43126132,43126286,"cg22562259_TO11","ICR_1011"
"5937","chr17",43126223,43126224,"chr17",43126132,43126286,"cg16006004_BC11","ICR_1011"
"5938","chr17",43126245,43126246,"chr17",43126132,43126286,"cg18372208_BC21","ICR_1011"
"5939","chr17",43126251,43126252,"chr17",43126132,43126286,"cg22562260_BC21","ICR_1011"
"5940","chr17",43126254,43126255,"chr17",43126132,43126286,"cg22562261_BC11","ICR_1011"
"5941","chr17",43360034,43360035,"chr17",43360034,43360515,"cg22565997_BC21","ICR_1012"
"5942","chr17",43360036,43360037,"chr17",43360034,43360515,"cg22565998_TC21","ICR_1012"
"5943","chr17",43360110,43360111,"chr17",43360034,43360515,"cg22565999_TC21","ICR_1012"
"5944","chr17",43360134,43360135,"chr17",43360034,43360515,"cg22566000_TC21","ICR_1012"
"5945","chr17",43360264,43360265,"chr17",43360034,43360515,"cg22566001_TC21","ICR_1012"
"5946","chr17",43360301,43360302,"chr17",43360034,43360515,"cg22566002_TC21","ICR_1012"
"5947","chr17",43360338,43360339,"chr17",43360034,43360515,"cg22566003_BC21","ICR_1012"
"5948","chr17",43360383,43360384,"chr17",43360034,43360515,"cg22566004_BC21","ICR_1012"
"5949","chr17",43360392,43360393,"chr17",43360034,43360515,"cg22566005_TC21","ICR_1012"
"5950","chr17",43360428,43360429,"chr17",43360034,43360515,"cg22566006_TC11","ICR_1012"
"5951","chr17",43360443,43360444,"chr17",43360034,43360515,"cg22566007_TC21","ICR_1012"
"5952","chr17",43360478,43360479,"chr17",43360034,43360515,"cg22566008_TC21","ICR_1012"
"5953","chr17",43360508,43360509,"chr17",43360034,43360515,"cg10360323_TC21","ICR_1012"
"5954","chr17",43360514,43360515,"chr17",43360034,43360515,"cg22566009_TC21","ICR_1012"
"5955","chr17",43677695,43677696,"chr17",43677695,43677780,"cg22571125_TC21","ICR_1013"
"5956","chr17",43677723,43677724,"chr17",43677695,43677780,"cg22571126_BC21","ICR_1013"
"5957","chr17",43677746,43677747,"chr17",43677695,43677780,"cg22571127_BC21","ICR_1013"
"5958","chr17",44326299,44326300,"chr17",44326009,44326327,"cg22583337_BC11","ICR_1014"
"5959","chr17",44326326,44326327,"chr17",44326009,44326327,"cg22583339_TC11","ICR_1014"
"5960","chr17",44384060,44384061,"chr17",44384060,44384311,"cg22584753_BC21","ICR_1015"
"5961","chr17",44384092,44384093,"chr17",44384060,44384311,"cg22584754_BC21","ICR_1015"
"5962","chr17",44384094,44384095,"chr17",44384060,44384311,"cg22584755_TC21","ICR_1015"
"5963","chr17",44384094,44384095,"chr17",44384060,44384311,"cg22584755_TC22","ICR_1015"
"5964","chr17",44384100,44384101,"chr17",44384060,44384311,"cg22584756_TC21","ICR_1015"
"5965","chr17",44384143,44384144,"chr17",44384060,44384311,"cg22584757_BC21","ICR_1015"
"5966","chr17",44384150,44384151,"chr17",44384060,44384311,"cg22584758_TC21","ICR_1015"
"5967","chr17",44384156,44384157,"chr17",44384060,44384311,"cg22584759_BC21","ICR_1015"
"5968","chr17",44384310,44384311,"chr17",44384060,44384311,"cg22584764_TC11","ICR_1015"
"5969","chr17",45120910,45120911,"chr17",45120890,45120962,"cg11797717_BC11","ICR_1016"
"5970","chr17",45745362,45745363,"chr17",45745362,45745724,"cg22607712_BC21","ICR_1017"
"5971","chr17",45745402,45745403,"chr17",45745362,45745724,"cg22607713_TO11","ICR_1017"
"5972","chr17",45745461,45745462,"chr17",45745362,45745724,"cg22607714_TC21","ICR_1017"
"5973","chr17",45745510,45745511,"chr17",45745362,45745724,"cg22607715_BC21","ICR_1017"
"5974","chr17",45745704,45745705,"chr17",45745362,45745724,"cg22607716_BC11","ICR_1017"
"5975","chr17",45745718,45745719,"chr17",45745362,45745724,"cg22607717_BC11","ICR_1017"
"5976","chr17",45745723,45745724,"chr17",45745362,45745724,"cg22607718_BC21","ICR_1017"
"5977","chr17",48049619,48049620,"chr17",48049452,48049878,"cg22637047_BC21","ICR_1018"
"5978","chr17",48049877,48049878,"chr17",48049452,48049878,"cg22637054_TC21","ICR_1018"
"5979","chr17",50565119,50565120,"chr17",50565109,50565144,"cg22675323_TC11","ICR_1019"
"5980","chr17",50639134,50639135,"chr17",50639134,50639654,"cg22676814_BC21","ICR_1020"
"5981","chr17",50639201,50639202,"chr17",50639134,50639654,"cg22676815_BO11","ICR_1020"
"5982","chr17",50639285,50639286,"chr17",50639134,50639654,"cg22676816_TC21","ICR_1020"
"5983","chr17",50639382,50639383,"chr17",50639134,50639654,"cg22676817_TC21","ICR_1020"
"5984","chr17",50639549,50639550,"chr17",50639134,50639654,"cg22676819_BC21","ICR_1020"
"5985","chr17",50639653,50639654,"chr17",50639134,50639654,"cg22676820_BC21","ICR_1020"
"5986","chr17",50639653,50639654,"chr17",50639134,50639654,"cg22676820_BC22","ICR_1020"
"5987","chr17",52884119,52884120,"chr17",52884072,52884266,"cg22696071_BC11","ICR_1021"
"5988","chr17",52884122,52884123,"chr17",52884072,52884266,"cg22696072_BC11","ICR_1021"
"5989","chr17",52884171,52884172,"chr17",52884072,52884266,"cg22696078_BC11","ICR_1021"
"5990","chr17",52884262,52884263,"chr17",52884072,52884266,"cg22696085_TC21","ICR_1021"
"5991","chr17",52884265,52884266,"chr17",52884072,52884266,"cg22696086_TC21","ICR_1021"
"5992","chr17",74919335,74919336,"chr17",74919334,74919776,"cg22939881_TO21","ICR_1023"
"5993","chr17",74919473,74919474,"chr17",74919334,74919776,"cg22939883_BC11","ICR_1023"
"5994","chr17",74919495,74919496,"chr17",74919334,74919776,"cg22939887_BC11","ICR_1023"
"5995","chr17",74919498,74919499,"chr17",74919334,74919776,"cg22939888_TC11","ICR_1023"
"5996","chr17",74919508,74919509,"chr17",74919334,74919776,"cg22939889_BC11","ICR_1023"
"5997","chr17",74919555,74919556,"chr17",74919334,74919776,"cg22939892_BC11","ICR_1023"
"5998","chr17",74919562,74919563,"chr17",74919334,74919776,"cg22939893_BC11","ICR_1023"
"5999","chr17",74919589,74919590,"chr17",74919334,74919776,"cg22939894_BC21","ICR_1023"
"6000","chr17",74919595,74919596,"chr17",74919334,74919776,"cg22939895_BC21","ICR_1023"
"6001","chr17",74919609,74919610,"chr17",74919334,74919776,"cg22939896_BC11","ICR_1023"
"6002","chr17",74919619,74919620,"chr17",74919334,74919776,"cg22939897_TC21","ICR_1023"
"6003","chr17",74919662,74919663,"chr17",74919334,74919776,"cg22939898_BC21","ICR_1023"
"6004","chr17",74919673,74919674,"chr17",74919334,74919776,"cg22939899_BC21","ICR_1023"
"6005","chr17",74919738,74919739,"chr17",74919334,74919776,"cg22939901_BC21","ICR_1023"
"6006","chr17",76079665,76079666,"chr17",76079665,76079946,"cg22966087_TC21","ICR_1024"
"6007","chr17",76079710,76079711,"chr17",76079665,76079946,"cg22966088_TC21","ICR_1024"
"6008","chr17",76079902,76079903,"chr17",76079665,76079946,"cg22966089_TC21","ICR_1024"
"6009","chr17",76079930,76079931,"chr17",76079665,76079946,"cg22966090_BC11","ICR_1024"
"6010","chr17",76079932,76079933,"chr17",76079665,76079946,"cg22966091_TC21","ICR_1024"
"6011","chr17",76079937,76079938,"chr17",76079665,76079946,"cg22966092_BC21","ICR_1024"
"6012","chr17",76079945,76079946,"chr17",76079665,76079946,"cg22966093_BC21","ICR_1024"
"6013","chr17",76542971,76542972,"chr17",76542971,76543727,"cg22976239_TC21","ICR_1025"
"6014","chr17",76543042,76543043,"chr17",76542971,76543727,"cg22976240_TC21","ICR_1025"
"6015","chr17",76543082,76543083,"chr17",76542971,76543727,"cg22976241_TC21","ICR_1025"
"6016","chr17",76543226,76543227,"chr17",76542971,76543727,"cg22976245_TC21","ICR_1025"
"6017","chr17",76543232,76543233,"chr17",76542971,76543727,"cg22976246_TC21","ICR_1025"
"6018","chr17",76543241,76543242,"chr17",76542971,76543727,"cg22976247_BO11","ICR_1025"
"6019","chr17",76543245,76543246,"chr17",76542971,76543727,"cg22976248_BO11","ICR_1025"
"6020","chr17",76543413,76543414,"chr17",76542971,76543727,"cg22976249_BC21","ICR_1025"
"6021","chr17",76543610,76543611,"chr17",76542971,76543727,"cg22976250_BC21","ICR_1025"
"6022","chr17",76543632,76543633,"chr17",76542971,76543727,"cg22976251_BC21","ICR_1025"
"6023","chr17",76543632,76543633,"chr17",76542971,76543727,"cg22976251_BC22","ICR_1025"
"6024","chr17",76543726,76543727,"chr17",76542971,76543727,"cg22976252_TC21","ICR_1025"
"6025","chr17",77351320,77351321,"chr17",77351320,77351534,"cg22991640_BC21","ICR_1026"
"6026","chr17",77351379,77351380,"chr17",77351320,77351534,"cg22991641_BC21","ICR_1026"
"6027","chr17",77351473,77351474,"chr17",77351320,77351534,"cg22991642_TC21","ICR_1026"
"6028","chr17",77351498,77351499,"chr17",77351320,77351534,"cg22991643_TC21","ICR_1026"
"6029","chr17",77351529,77351530,"chr17",77351320,77351534,"cg22991644_TC21","ICR_1026"
"6030","chr17",77351533,77351534,"chr17",77351320,77351534,"cg22991645_BC21","ICR_1026"
"6031","chr17",79517962,79517963,"chr17",79517962,79518428,"cg23036422_BC21","ICR_1027"
"6032","chr17",79517971,79517972,"chr17",79517962,79518428,"cg23036423_BC21","ICR_1027"
"6033","chr17",79517975,79517976,"chr17",79517962,79518428,"cg23036424_BC21","ICR_1027"
"6034","chr17",79518058,79518059,"chr17",79517962,79518428,"cg23036425_BC21","ICR_1027"
"6035","chr17",79518228,79518229,"chr17",79517962,79518428,"cg23036427_BC21","ICR_1027"
"6036","chr17",79518268,79518269,"chr17",79517962,79518428,"cg23036428_BC21","ICR_1027"
"6037","chr17",79518307,79518308,"chr17",79517962,79518428,"cg23036429_TC21","ICR_1027"
"6038","chr17",79518326,79518327,"chr17",79517962,79518428,"cg23036430_BC21","ICR_1027"
"6039","chr17",79518353,79518354,"chr17",79517962,79518428,"cg23036431_BC21","ICR_1027"
"6040","chr17",79518376,79518377,"chr17",79517962,79518428,"cg23036432_TC21","ICR_1027"
"6041","chr17",79518396,79518397,"chr17",79517962,79518428,"cg23036434_TC11","ICR_1027"
"6042","chr17",80191856,80191857,"chr17",80191856,80192326,"cg23053608_BC21","ICR_1028"
"6043","chr17",80191856,80191857,"chr17",80191856,80192326,"cg23053608_BC22","ICR_1028"
"6044","chr17",80191889,80191890,"chr17",80191856,80192326,"cg16522113_BC21","ICR_1028"
"6045","chr17",80191889,80191890,"chr17",80191856,80192326,"cg16522113_BC22","ICR_1028"
"6046","chr17",80191898,80191899,"chr17",80191856,80192326,"cg23053609_TC21","ICR_1028"
"6047","chr17",80192061,80192062,"chr17",80191856,80192326,"cg23053615_BC11","ICR_1028"
"6048","chr17",80192074,80192075,"chr17",80191856,80192326,"cg23053616_BC11","ICR_1028"
"6049","chr17",80192082,80192083,"chr17",80191856,80192326,"cg23053617_BC21","ICR_1028"
"6050","chr17",80192100,80192101,"chr17",80191856,80192326,"cg23053618_BO11","ICR_1028"
"6051","chr17",80192149,80192150,"chr17",80191856,80192326,"cg23053619_TC21","ICR_1028"
"6052","chr17",80192325,80192326,"chr17",80191856,80192326,"cg23053621_TC21","ICR_1028"
"6053","chr17",81499152,81499153,"chr17",81499099,81499231,"cg23089306_TC11","ICR_1029"
"6054","chr17",81499152,81499153,"chr17",81499099,81499231,"cg23089306_TC12","ICR_1029"
"6055","chr17",82860217,82860218,"chr17",82860217,82860396,"cg23129431_BC21","ICR_1031"
"6056","chr17",82860222,82860223,"chr17",82860217,82860396,"cg23129432_BC21","ICR_1031"
"6057","chr17",82860222,82860223,"chr17",82860217,82860396,"cg23129432_BC22","ICR_1031"
"6058","chr17",82860232,82860233,"chr17",82860217,82860396,"cg18358098_BC21","ICR_1031"
"6059","chr17",82860251,82860252,"chr17",82860217,82860396,"cg23129433_TC21","ICR_1031"
"6060","chr17",82860261,82860262,"chr17",82860217,82860396,"cg23129434_TC11","ICR_1031"
"6061","chr17",82860285,82860286,"chr17",82860217,82860396,"cg23129435_BC21","ICR_1031"
"6062","chr17",83205453,83205454,"chr17",83205453,83205543,"cg23139780_TO11","ICR_1032"
"6063","chr17",83205475,83205476,"chr17",83205453,83205543,"cg23139782_TC11","ICR_1032"
"6064","chr17",83205504,83205505,"chr17",83205453,83205543,"cg23139783_TC11","ICR_1032"
"6065","chr17",83205542,83205543,"chr17",83205453,83205543,"cg23139787_BO11","ICR_1032"
"6066","chr18",112485,112486,"chr18",112154,112491,"cg23141139_TC11","ICR_1033"
"6067","chr18",112490,112491,"chr18",112154,112491,"cg23141140_BC11","ICR_1033"
"6068","chr18",3602322,3602323,"chr18",3602322,3602519,"cg23174471_BC11","ICR_1034"
"6069","chr18",3602332,3602333,"chr18",3602322,3602519,"cg23174472_TC11","ICR_1034"
"6070","chr18",10299638,10299639,"chr18",10299638,10299935,"cg23239424_BC21","ICR_1035"
"6071","chr18",10299830,10299831,"chr18",10299638,10299935,"cg23239425_BO11","ICR_1035"
"6072","chr18",10299830,10299831,"chr18",10299638,10299935,"cg23239425_BO12","ICR_1035"
"6073","chr18",10299833,10299834,"chr18",10299638,10299935,"cg23239426_BC11","ICR_1035"
"6074","chr18",10299835,10299836,"chr18",10299638,10299935,"cg23239427_BC11","ICR_1035"
"6075","chr18",10299863,10299864,"chr18",10299638,10299935,"cg23239428_TC21","ICR_1035"
"6076","chr18",10299918,10299919,"chr18",10299638,10299935,"cg23239429_BC21","ICR_1035"
"6077","chr18",10299934,10299935,"chr18",10299638,10299935,"cg23239430_BC21","ICR_1035"
"6078","chr18",13379766,13379767,"chr18",13379766,13380531,"cg23279121_BO11","ICR_1036"
"6079","chr18",13379782,13379783,"chr18",13379766,13380531,"cg23279122_TO11","ICR_1036"
"6080","chr18",13379974,13379975,"chr18",13379766,13380531,"cg23279123_BC21","ICR_1036"
"6081","chr18",13379989,13379990,"chr18",13379766,13380531,"cg23279124_TC11","ICR_1036"
"6082","chr18",13380084,13380085,"chr18",13379766,13380531,"cg23279130_TO11","ICR_1036"
"6083","chr18",13380133,13380134,"chr18",13379766,13380531,"cg23279131_TC21","ICR_1036"
"6084","chr18",13380153,13380154,"chr18",13379766,13380531,"cg23279132_BC21","ICR_1036"
"6085","chr18",13380242,13380243,"chr18",13379766,13380531,"cg23279133_TC21","ICR_1036"
"6086","chr18",13380288,13380289,"chr18",13379766,13380531,"cg23279134_BC11","ICR_1036"
"6087","chr18",13380292,13380293,"chr18",13379766,13380531,"cg23279135_BC21","ICR_1036"
"6088","chr18",13380311,13380312,"chr18",13379766,13380531,"cg23279137_TC11","ICR_1036"
"6089","chr18",13380366,13380367,"chr18",13379766,13380531,"cg23279138_TC21","ICR_1036"
"6090","chr18",13380487,13380488,"chr18",13379766,13380531,"cg23279139_BC21","ICR_1036"
"6091","chr18",13380512,13380513,"chr18",13379766,13380531,"cg23279140_BC21","ICR_1036"
"6092","chr18",13380530,13380531,"chr18",13379766,13380531,"cg23279141_TC21","ICR_1036"
"6093","chr18",26568635,26568636,"chr18",26568635,26569708,"cg23372032_BO11","ICR_1037"
"6094","chr18",26569131,26569132,"chr18",26568635,26569708,"cg23372033_TC21","ICR_1037"
"6095","chr18",26569507,26569508,"chr18",26568635,26569708,"cg23372036_TO21","ICR_1037"
"6096","chr18",26569590,26569591,"chr18",26568635,26569708,"cg23372037_BC21","ICR_1037"
"6097","chr18",26569707,26569708,"chr18",26568635,26569708,"cg23372038_TC21","ICR_1037"
"6098","chr18",37259048,37259049,"chr18",37258899,37259288,"cg23446822_BO11","ICR_1038"
"6099","chr18",37259048,37259049,"chr18",37258899,37259288,"cg23446822_BO12","ICR_1038"
"6100","chr18",37259068,37259069,"chr18",37258899,37259288,"cg23446824_TC21","ICR_1038"
"6101","chr18",37259142,37259143,"chr18",37258899,37259288,"cg23446825_TC21","ICR_1038"
"6102","chr18",37259163,37259164,"chr18",37258899,37259288,"cg14426076_BC21","ICR_1038"
"6103","chr18",37259180,37259181,"chr18",37258899,37259288,"cg23681938_BC11","ICR_1038"
"6104","chr18",37259210,37259211,"chr18",37258899,37259288,"cg10149728_TC21","ICR_1038"
"6105","chr18",37259267,37259268,"chr18",37258899,37259288,"cg09706486_BC21","ICR_1038"
"6106","chr18",59969880,59969881,"chr18",59969850,59969940,"cg23628127_TC11","ICR_1040"
"6107","chr18",59969880,59969881,"chr18",59969850,59969940,"cg23628127_TC12","ICR_1040"
"6108","chr18",59969884,59969885,"chr18",59969850,59969940,"cg23628128_TC21","ICR_1040"
"6109","chr18",59969939,59969940,"chr18",59969850,59969940,"cg23628131_TC21","ICR_1040"
"6110","chr18",76491415,76491416,"chr18",76491396,76491450,"cg23761593_BC11","ICR_1042"
"6111","chr18",76491419,76491420,"chr18",76491396,76491450,"cg23761594_BC11","ICR_1042"
"6112","chr18",76491419,76491420,"chr18",76491396,76491450,"cg23761594_BC12","ICR_1042"
"6113","chr18",76491425,76491426,"chr18",76491396,76491450,"cg23761595_TC11","ICR_1042"
"6114","chr18",76787371,76787372,"chr18",76787371,76787964,"cg23767078_TC21","ICR_1043"
"6115","chr18",76787373,76787374,"chr18",76787371,76787964,"cg23767079_BC11","ICR_1043"
"6116","chr18",76787395,76787396,"chr18",76787371,76787964,"cg23767081_TC11","ICR_1043"
"6117","chr18",76787447,76787448,"chr18",76787371,76787964,"cg23767084_BO11","ICR_1043"
"6118","chr18",76787476,76787477,"chr18",76787371,76787964,"cg23767087_TO11","ICR_1043"
"6119","chr18",76787537,76787538,"chr18",76787371,76787964,"cg23767089_TC21","ICR_1043"
"6120","chr18",76787547,76787548,"chr18",76787371,76787964,"cg23767090_TC11","ICR_1043"
"6121","chr18",76787614,76787615,"chr18",76787371,76787964,"cg23767094_TC21","ICR_1043"
"6122","chr18",76787683,76787684,"chr18",76787371,76787964,"cg23767099_BC11","ICR_1043"
"6123","chr18",76787701,76787702,"chr18",76787371,76787964,"cg23767100_TC11","ICR_1043"
"6124","chr18",76787745,76787746,"chr18",76787371,76787964,"cg23767102_TC21","ICR_1043"
"6125","chr18",76787757,76787758,"chr18",76787371,76787964,"cg23767103_BC11","ICR_1043"
"6126","chr18",76787759,76787760,"chr18",76787371,76787964,"cg23767104_TC21","ICR_1043"
"6127","chr18",76787767,76787768,"chr18",76787371,76787964,"cg23767105_TC21","ICR_1043"
"6128","chr18",76787769,76787770,"chr18",76787371,76787964,"cg23767106_TC21","ICR_1043"
"6129","chr18",76787845,76787846,"chr18",76787371,76787964,"cg23767108_TC21","ICR_1043"
"6130","chr18",76787859,76787860,"chr18",76787371,76787964,"cg23767110_TC21","ICR_1043"
"6131","chr18",76787952,76787953,"chr18",76787371,76787964,"cg23767113_TC21","ICR_1043"
"6132","chr18",76787960,76787961,"chr18",76787371,76787964,"cg23767114_TC21","ICR_1043"
"6133","chr18",78877349,78877350,"chr18",78877345,78877514,"cg23798107_TC21","ICR_1044"
"6134","chr18",78877357,78877358,"chr18",78877345,78877514,"cg23798110_BC21","ICR_1044"
"6135","chr18",78877357,78877358,"chr18",78877345,78877514,"cg23798110_BC22","ICR_1044"
"6136","chr18",78877502,78877503,"chr18",78877345,78877514,"cg14002027_BC21","ICR_1044"
"6137","chr18",79404326,79404327,"chr18",79404292,79404545,"cg23808175_TC21","ICR_1045"
"6138","chr18",79404348,79404349,"chr18",79404292,79404545,"cg23808176_TC21","ICR_1045"
"6139","chr18",79404351,79404352,"chr18",79404292,79404545,"cg23808177_BC21","ICR_1045"
"6140","chr18",79404351,79404352,"chr18",79404292,79404545,"cg23808177_BC22","ICR_1045"
"6141","chr18",79404381,79404382,"chr18",79404292,79404545,"cg23808178_TC21","ICR_1045"
"6142","chr18",79404400,79404401,"chr18",79404292,79404545,"cg23808181_TC21","ICR_1045"
"6143","chr18",79404419,79404420,"chr18",79404292,79404545,"cg23808184_TC21","ICR_1045"
"6144","chr18",79404467,79404468,"chr18",79404292,79404545,"cg23808185_BC21","ICR_1045"
"6145","chr18",79404467,79404468,"chr18",79404292,79404545,"cg23808185_BC22","ICR_1045"
"6146","chr18",79404474,79404475,"chr18",79404292,79404545,"cg23808186_TC21","ICR_1045"
"6147","chr18",79404484,79404485,"chr18",79404292,79404545,"cg23808187_BC21","ICR_1045"
"6148","chr18",79404484,79404485,"chr18",79404292,79404545,"cg23808187_BC22","ICR_1045"
"6149","chr18",79532367,79532368,"chr18",79532207,79532443,"cg23813090_BC11","ICR_1046"
"6150","chr18",79532396,79532397,"chr18",79532207,79532443,"cg23813091_TC11","ICR_1046"
"6151","chr18",79532409,79532410,"chr18",79532207,79532443,"cg19375418_BC21","ICR_1046"
"6152","chr18",79532440,79532441,"chr18",79532207,79532443,"cg23813092_TC11","ICR_1046"
"6153","chr18",79532440,79532441,"chr18",79532207,79532443,"cg23813092_TC12","ICR_1046"
"6154","chr18",79532682,79532683,"chr18",79532582,79532746,"cg23813104_TC21","ICR_1047"
"6155","chr18",79532682,79532683,"chr18",79532582,79532746,"cg23813104_TC22","ICR_1047"
"6156","chr18",79532692,79532693,"chr18",79532582,79532746,"cg23813105_TC21","ICR_1047"
"6157","chr18",79532728,79532729,"chr18",79532582,79532746,"cg23813106_TC21","ICR_1047"
"6158","chr18",79532745,79532746,"chr18",79532582,79532746,"cg23813108_TC21","ICR_1047"
"6159","chr18",79616777,79616778,"chr18",79616751,79617334,"cg23815614_TC11","ICR_1048"
"6160","chr18",79616777,79616778,"chr18",79616751,79617334,"cg23815614_TC12","ICR_1048"
"6161","chr18",79616993,79616994,"chr18",79616751,79617334,"cg23815639_TO11","ICR_1048"
"6162","chr18",79617006,79617007,"chr18",79616751,79617334,"cg23815640_BC11","ICR_1048"
"6163","chr18",79617025,79617026,"chr18",79616751,79617334,"cg23815642_TC21","ICR_1048"
"6164","chr18",79617056,79617057,"chr18",79616751,79617334,"cg23815643_TC21","ICR_1048"
"6165","chr18",79617077,79617078,"chr18",79616751,79617334,"cg23815644_TO11","ICR_1048"
"6166","chr18",79617094,79617095,"chr18",79616751,79617334,"cg23815645_TC11","ICR_1048"
"6167","chr18",79617094,79617095,"chr18",79616751,79617334,"cg23815645_TC12","ICR_1048"
"6168","chr18",79617118,79617119,"chr18",79616751,79617334,"cg22048216_TC11","ICR_1048"
"6169","chr18",79617157,79617158,"chr18",79616751,79617334,"cg23815652_TC11","ICR_1048"
"6170","chr18",79617170,79617171,"chr18",79616751,79617334,"cg23815654_BC11","ICR_1048"
"6171","chr18",79617170,79617171,"chr18",79616751,79617334,"cg23815654_BC12","ICR_1048"
"6172","chr18",79617174,79617175,"chr18",79616751,79617334,"cg23815655_TC11","ICR_1048"
"6173","chr18",79617187,79617188,"chr18",79616751,79617334,"cg23815656_TC11","ICR_1048"
"6174","chr18",79617229,79617230,"chr18",79616751,79617334,"cg23815660_BC11","ICR_1048"
"6175","chr18",79617231,79617232,"chr18",79616751,79617334,"cg23815661_TC21","ICR_1048"
"6176","chr18",79617238,79617239,"chr18",79616751,79617334,"cg23815662_BC21","ICR_1048"
"6177","chr18",79617240,79617241,"chr18",79616751,79617334,"cg23815663_BC21","ICR_1048"
"6178","chr18",79617285,79617286,"chr18",79616751,79617334,"cg23815664_BC11","ICR_1048"
"6179","chr18",79617288,79617289,"chr18",79616751,79617334,"cg23815665_TC11","ICR_1048"
"6180","chr18",79617512,79617513,"chr18",79617512,79617608,"cg23815692_TC11","ICR_1049"
"6181","chr18",79617529,79617530,"chr18",79617512,79617608,"cg23815694_TC11","ICR_1049"
"6182","chr18",79617537,79617538,"chr18",79617512,79617608,"cg12648671_TC21","ICR_1049"
"6183","chr18",79617563,79617564,"chr18",79617512,79617608,"cg23815695_BC11","ICR_1049"
"6184","chr18",79617588,79617589,"chr18",79617512,79617608,"cg20697926_TC11","ICR_1049"
"6185","chr18",79617607,79617608,"chr18",79617512,79617608,"cg23815697_BC11","ICR_1049"
"6186","chr18",79617787,79617788,"chr18",79617769,79617815,"cg23815714_BC11","ICR_1050"
"6187","chr18",79617795,79617796,"chr18",79617769,79617815,"cg23815715_TC11","ICR_1050"
"6188","chr18",79617804,79617805,"chr18",79617769,79617815,"cg23815716_TC11","ICR_1050"
"6189","chr18",79617812,79617813,"chr18",79617769,79617815,"cg23815718_TC11","ICR_1050"
"6190","chr18",79617814,79617815,"chr18",79617769,79617815,"cg23815719_TC21","ICR_1050"
"6191","chr18",79638644,79638645,"chr18",79638644,79638833,"cg23816360_BC11","ICR_1051"
"6192","chr18",79638662,79638663,"chr18",79638644,79638833,"cg23816362_BC11","ICR_1051"
"6193","chr18",79638665,79638666,"chr18",79638644,79638833,"cg23816363_TC11","ICR_1051"
"6194","chr18",79638768,79638769,"chr18",79638644,79638833,"cg23816374_TC11","ICR_1051"
"6195","chr18",79638816,79638817,"chr18",79638644,79638833,"cg23816376_TC21","ICR_1051"
"6196","chr18",79638832,79638833,"chr18",79638644,79638833,"cg23816377_BC21","ICR_1051"
"6197","chr18",80147167,80147168,"chr18",80147167,80147833,"cg23828459_TC21","ICR_1052"
"6198","chr18",80147235,80147236,"chr18",80147167,80147833,"cg18973878_TC11","ICR_1052"
"6199","chr18",80147243,80147244,"chr18",80147167,80147833,"cg23828463_BO11","ICR_1052"
"6200","chr18",80147243,80147244,"chr18",80147167,80147833,"cg23828463_BO12","ICR_1052"
"6201","chr18",80147249,80147250,"chr18",80147167,80147833,"cg23828464_BO11","ICR_1052"
"6202","chr18",80147275,80147276,"chr18",80147167,80147833,"cg23828465_BC21","ICR_1052"
"6203","chr18",80147277,80147278,"chr18",80147167,80147833,"cg23828466_TC21","ICR_1052"
"6204","chr18",80147277,80147278,"chr18",80147167,80147833,"cg23828466_TC22","ICR_1052"
"6205","chr18",80147388,80147389,"chr18",80147167,80147833,"cg23828469_TC11","ICR_1052"
"6206","chr18",80147388,80147389,"chr18",80147167,80147833,"cg23828469_TC12","ICR_1052"
"6207","chr18",80147414,80147415,"chr18",80147167,80147833,"cg13704680_TC21","ICR_1052"
"6208","chr18",80147418,80147419,"chr18",80147167,80147833,"cg23828470_TC11","ICR_1052"
"6209","chr18",80147418,80147419,"chr18",80147167,80147833,"cg23828470_TC12","ICR_1052"
"6210","chr18",80147458,80147459,"chr18",80147167,80147833,"cg23828472_BC11","ICR_1052"
"6211","chr18",80147467,80147468,"chr18",80147167,80147833,"cg23828473_TC11","ICR_1052"
"6212","chr18",80147481,80147482,"chr18",80147167,80147833,"cg23828474_TC11","ICR_1052"
"6213","chr18",80147481,80147482,"chr18",80147167,80147833,"cg23828474_TC12","ICR_1052"
"6214","chr18",80147492,80147493,"chr18",80147167,80147833,"cg23828475_BC11","ICR_1052"
"6215","chr18",80147522,80147523,"chr18",80147167,80147833,"cg23828476_TC21","ICR_1052"
"6216","chr18",80147524,80147525,"chr18",80147167,80147833,"cg19774868_TC11","ICR_1052"
"6217","chr18",80147678,80147679,"chr18",80147167,80147833,"cg23828492_BC11","ICR_1052"
"6218","chr18",80147681,80147682,"chr18",80147167,80147833,"cg16244155_TC11","ICR_1052"
"6219","chr18",80147681,80147682,"chr18",80147167,80147833,"cg16244155_TC12","ICR_1052"
"6220","chr18",80147705,80147706,"chr18",80147167,80147833,"cg23828493_TC21","ICR_1052"
"6221","chr18",80147724,80147725,"chr18",80147167,80147833,"cg23828494_BC11","ICR_1052"
"6222","chr18",80147779,80147780,"chr18",80147167,80147833,"cg20191338_TC21","ICR_1052"
"6223","chr18",80147832,80147833,"chr18",80147167,80147833,"cg23828495_BC11","ICR_1052"
"6224","chr18",80147991,80147992,"chr18",80147991,80149033,"cg23828500_TC21","ICR_1053"
"6225","chr18",80148063,80148064,"chr18",80147991,80149033,"cg18687533_BC21","ICR_1053"
"6226","chr18",80148063,80148064,"chr18",80147991,80149033,"cg18687533_BC22","ICR_1053"
"6227","chr18",80148105,80148106,"chr18",80147991,80149033,"cg23828502_TC11","ICR_1053"
"6228","chr18",80148121,80148122,"chr18",80147991,80149033,"cg23828503_TC21","ICR_1053"
"6229","chr18",80148134,80148135,"chr18",80147991,80149033,"cg23828505_BC21","ICR_1053"
"6230","chr18",80148208,80148209,"chr18",80147991,80149033,"cg23828507_TC21","ICR_1053"
"6231","chr18",80148208,80148209,"chr18",80147991,80149033,"cg23828507_TC22","ICR_1053"
"6232","chr18",80148240,80148241,"chr18",80147991,80149033,"cg23828509_TC21","ICR_1053"
"6233","chr18",80148242,80148243,"chr18",80147991,80149033,"cg23828510_TC21","ICR_1053"
"6234","chr18",80148297,80148298,"chr18",80147991,80149033,"cg23828512_BC21","ICR_1053"
"6235","chr18",80148297,80148298,"chr18",80147991,80149033,"cg23828512_BC22","ICR_1053"
"6236","chr18",80148336,80148337,"chr18",80147991,80149033,"cg23828513_BC21","ICR_1053"
"6237","chr18",80148336,80148337,"chr18",80147991,80149033,"cg23828513_BC22","ICR_1053"
"6238","chr18",80148343,80148344,"chr18",80147991,80149033,"cg23828514_TC21","ICR_1053"
"6239","chr18",80148375,80148376,"chr18",80147991,80149033,"cg23828516_TC21","ICR_1053"
"6240","chr18",80148375,80148376,"chr18",80147991,80149033,"cg23828516_TC22","ICR_1053"
"6241","chr18",80148450,80148451,"chr18",80147991,80149033,"cg23828518_BC21","ICR_1053"
"6242","chr18",80148450,80148451,"chr18",80147991,80149033,"cg23828518_BC22","ICR_1053"
"6243","chr18",80148475,80148476,"chr18",80147991,80149033,"cg23828519_BC11","ICR_1053"
"6244","chr18",80148475,80148476,"chr18",80147991,80149033,"cg23828519_BC12","ICR_1053"
"6245","chr18",80148502,80148503,"chr18",80147991,80149033,"cg23828520_TO11","ICR_1053"
"6246","chr18",80148504,80148505,"chr18",80147991,80149033,"cg23828521_TO11","ICR_1053"
"6247","chr18",80148508,80148509,"chr18",80147991,80149033,"cg23828522_TC21","ICR_1053"
"6248","chr18",80148522,80148523,"chr18",80147991,80149033,"cg23828523_BC11","ICR_1053"
"6249","chr18",80148522,80148523,"chr18",80147991,80149033,"cg23828523_BC12","ICR_1053"
"6250","chr18",80148581,80148582,"chr18",80147991,80149033,"cg23828525_BC21","ICR_1053"
"6251","chr18",80148711,80148712,"chr18",80147991,80149033,"cg23828526_BC11","ICR_1053"
"6252","chr18",80148711,80148712,"chr18",80147991,80149033,"cg23828526_BC12","ICR_1053"
"6253","chr18",80148766,80148767,"chr18",80147991,80149033,"cg23828530_BC21","ICR_1053"
"6254","chr18",80148795,80148796,"chr18",80147991,80149033,"cg23828531_TC11","ICR_1053"
"6255","chr18",80148830,80148831,"chr18",80147991,80149033,"cg23828533_BC11","ICR_1053"
"6256","chr18",80148851,80148852,"chr18",80147991,80149033,"cg23828535_BC21","ICR_1053"
"6257","chr18",80148938,80148939,"chr18",80147991,80149033,"cg23828537_TC21","ICR_1053"
"6258","chr18",80148940,80148941,"chr18",80147991,80149033,"cg23828538_BC11","ICR_1053"
"6259","chr19",386418,386419,"chr19",386288,386791,"cg23834538_BC21","ICR_1054"
"6260","chr19",386505,386506,"chr19",386288,386791,"cg23834541_TC21","ICR_1054"
"6261","chr19",386505,386506,"chr19",386288,386791,"cg23834541_TC22","ICR_1054"
"6262","chr19",386523,386524,"chr19",386288,386791,"cg23834543_TC11","ICR_1054"
"6263","chr19",676876,676877,"chr19",676876,677125,"cg23847153_TC21","ICR_1055"
"6264","chr19",676876,676877,"chr19",676876,677125,"cg23847153_TC22","ICR_1055"
"6265","chr19",676882,676883,"chr19",676876,677125,"cg23847155_BC21","ICR_1055"
"6266","chr19",676882,676883,"chr19",676876,677125,"cg23847155_BC22","ICR_1055"
"6267","chr19",676961,676962,"chr19",676876,677125,"cg23847161_TC21","ICR_1055"
"6268","chr19",676976,676977,"chr19",676876,677125,"cg23847163_TC21","ICR_1055"
"6269","chr19",677081,677082,"chr19",676876,677125,"cg23847166_TC21","ICR_1055"
"6270","chr19",677081,677082,"chr19",676876,677125,"cg23847166_TC22","ICR_1055"
"6271","chr19",677124,677125,"chr19",676876,677125,"cg23847167_TC21","ICR_1055"
"6272","chr19",853480,853481,"chr19",853407,853490,"cg23854086_TO11","ICR_1056"
"6273","chr19",1453909,1453910,"chr19",1453909,1454194,"cg11775595_BC11","ICR_1057"
"6274","chr19",1453912,1453913,"chr19",1453909,1454194,"cg23879617_TC11","ICR_1057"
"6275","chr19",1453966,1453967,"chr19",1453909,1454194,"cg23879620_TC11","ICR_1057"
"6276","chr19",1454008,1454009,"chr19",1453909,1454194,"cg23879622_BC21","ICR_1057"
"6277","chr19",1454184,1454185,"chr19",1453909,1454194,"cg23879624_BC21","ICR_1057"
"6278","chr19",1454184,1454185,"chr19",1453909,1454194,"cg23879624_BC22","ICR_1057"
"6279","chr19",1454193,1454194,"chr19",1453909,1454194,"cg23879625_TC21","ICR_1057"
"6280","chr19",1504101,1504102,"chr19",1504101,1504336,"cg23882041_TC21","ICR_1058"
"6281","chr19",1504101,1504102,"chr19",1504101,1504336,"cg23882041_TC22","ICR_1058"
"6282","chr19",1504117,1504118,"chr19",1504101,1504336,"cg23882043_BC21","ICR_1058"
"6283","chr19",1504117,1504118,"chr19",1504101,1504336,"cg23882043_BC22","ICR_1058"
"6284","chr19",1504194,1504195,"chr19",1504101,1504336,"cg23882044_TC21","ICR_1058"
"6285","chr19",1504194,1504195,"chr19",1504101,1504336,"cg23882044_TC22","ICR_1058"
"6286","chr19",1504222,1504223,"chr19",1504101,1504336,"cg23882045_BC21","ICR_1058"
"6287","chr19",1504222,1504223,"chr19",1504101,1504336,"cg23882045_BC22","ICR_1058"
"6288","chr19",1504274,1504275,"chr19",1504101,1504336,"cg23882048_TC11","ICR_1058"
"6289","chr19",1504302,1504303,"chr19",1504101,1504336,"cg23882049_BC11","ICR_1058"
"6290","chr19",1504335,1504336,"chr19",1504101,1504336,"cg23882051_TC11","ICR_1058"
"6291","chr19",1504335,1504336,"chr19",1504101,1504336,"cg23882051_TC12","ICR_1058"
"6292","chr19",1510751,1510752,"chr19",1510720,1510814,"cg23882254_BC21","ICR_1059"
"6293","chr19",1510771,1510772,"chr19",1510720,1510814,"cg23882255_TC11","ICR_1059"
"6294","chr19",1510813,1510814,"chr19",1510720,1510814,"cg23882256_TC11","ICR_1059"
"6295","chr19",1542690,1542691,"chr19",1542613,1542750,"cg23883348_BC21","ICR_1060"
"6296","chr19",1691213,1691214,"chr19",1691184,1691357,"cg23888788_BC11","ICR_1061"
"6297","chr19",1691251,1691252,"chr19",1691184,1691357,"cg23888792_BO11","ICR_1061"
"6298","chr19",1691313,1691314,"chr19",1691184,1691357,"cg23888793_BC21","ICR_1061"
"6299","chr19",1691356,1691357,"chr19",1691184,1691357,"cg23888794_BO11","ICR_1061"
"6300","chr19",1779884,1779885,"chr19",1779884,1780102,"cg23891743_TC11","ICR_1062"
"6301","chr19",1779923,1779924,"chr19",1779884,1780102,"cg23891745_BO11","ICR_1062"
"6302","chr19",1779972,1779973,"chr19",1779884,1780102,"cg23891747_BC11","ICR_1062"
"6303","chr19",1780005,1780006,"chr19",1779884,1780102,"cg23891748_TC21","ICR_1062"
"6304","chr19",2041898,2041899,"chr19",2041792,2041938,"cg23901530_TO11","ICR_1063"
"6305","chr19",2041905,2041906,"chr19",2041792,2041938,"cg22580935_TC21","ICR_1063"
"6306","chr19",2041913,2041914,"chr19",2041792,2041938,"cg23901531_TC11","ICR_1063"
"6307","chr19",2041913,2041914,"chr19",2041792,2041938,"cg23901531_TC12","ICR_1063"
"6308","chr19",2097443,2097444,"chr19",2097443,2097551,"cg23903448_TC21","ICR_1064"
"6309","chr19",2097455,2097456,"chr19",2097443,2097551,"cg23903449_BC21","ICR_1064"
"6310","chr19",2097481,2097482,"chr19",2097443,2097551,"cg23903450_BC21","ICR_1064"
"6311","chr19",2097490,2097491,"chr19",2097443,2097551,"cg23903451_TC21","ICR_1064"
"6312","chr19",2097490,2097491,"chr19",2097443,2097551,"cg23903451_TC22","ICR_1064"
"6313","chr19",2271479,2271480,"chr19",2271479,2271693,"cg23910083_TC21","ICR_1065"
"6314","chr19",2271479,2271480,"chr19",2271479,2271693,"cg23910083_TC22","ICR_1065"
"6315","chr19",2271529,2271530,"chr19",2271479,2271693,"cg23910084_BC21","ICR_1065"
"6316","chr19",2271529,2271530,"chr19",2271479,2271693,"cg23910084_BC22","ICR_1065"
"6317","chr19",2271599,2271600,"chr19",2271479,2271693,"cg23910086_BC21","ICR_1065"
"6318","chr19",2271621,2271622,"chr19",2271479,2271693,"cg23910087_TC21","ICR_1065"
"6319","chr19",2271648,2271649,"chr19",2271479,2271693,"cg23910088_TC21","ICR_1065"
"6320","chr19",2271648,2271649,"chr19",2271479,2271693,"cg23910088_TC22","ICR_1065"
"6321","chr19",2271651,2271652,"chr19",2271479,2271693,"cg23910089_BC21","ICR_1065"
"6322","chr19",2271674,2271675,"chr19",2271479,2271693,"cg23910090_TC11","ICR_1065"
"6323","chr19",2271692,2271693,"chr19",2271479,2271693,"cg23910091_BO11","ICR_1065"
"6324","chr19",2639358,2639359,"chr19",2639358,2639532,"cg23921626_BC21","ICR_1066"
"6325","chr19",2639361,2639362,"chr19",2639358,2639532,"cg23921627_TC21","ICR_1066"
"6326","chr19",2639421,2639422,"chr19",2639358,2639532,"cg23921628_BC21","ICR_1066"
"6327","chr19",2639425,2639426,"chr19",2639358,2639532,"cg26988138_TC11","ICR_1066"
"6328","chr19",2639434,2639435,"chr19",2639358,2639532,"cg23921629_BC21","ICR_1066"
"6329","chr19",2639470,2639471,"chr19",2639358,2639532,"cg23921630_BC21","ICR_1066"
"6330","chr19",2639508,2639509,"chr19",2639358,2639532,"cg23921631_TC21","ICR_1066"
"6331","chr19",2749063,2749064,"chr19",2749063,2749211,"cg23924599_TC11","ICR_1067"
"6332","chr19",2749071,2749072,"chr19",2749063,2749211,"cg23924600_TC21","ICR_1067"
"6333","chr19",2749073,2749074,"chr19",2749063,2749211,"cg23924601_BC21","ICR_1067"
"6334","chr19",2749075,2749076,"chr19",2749063,2749211,"cg23924602_TC21","ICR_1067"
"6335","chr19",2749081,2749082,"chr19",2749063,2749211,"cg24953735_BC21","ICR_1067"
"6336","chr19",2749081,2749082,"chr19",2749063,2749211,"cg24953735_BC22","ICR_1067"
"6337","chr19",2749087,2749088,"chr19",2749063,2749211,"cg23924604_BC21","ICR_1067"
"6338","chr19",2749155,2749156,"chr19",2749063,2749211,"cg23924605_TC21","ICR_1067"
"6339","chr19",2749155,2749156,"chr19",2749063,2749211,"cg23924605_TC22","ICR_1067"
"6340","chr19",2749183,2749184,"chr19",2749063,2749211,"cg23924606_BC21","ICR_1067"
"6341","chr19",2749191,2749192,"chr19",2749063,2749211,"cg23924607_TC21","ICR_1067"
"6342","chr19",2749210,2749211,"chr19",2749063,2749211,"cg23924608_BC21","ICR_1067"
"6343","chr19",3006308,3006309,"chr19",3006288,3006627,"cg23931775_TC11","ICR_1068"
"6344","chr19",3006333,3006334,"chr19",3006288,3006627,"cg23931776_BC11","ICR_1068"
"6345","chr19",3006393,3006394,"chr19",3006288,3006627,"cg23931779_BC11","ICR_1068"
"6346","chr19",3006427,3006428,"chr19",3006288,3006627,"cg23931781_BC11","ICR_1068"
"6347","chr19",3006439,3006440,"chr19",3006288,3006627,"cg19334452_BC21","ICR_1068"
"6348","chr19",3006443,3006444,"chr19",3006288,3006627,"cg23931782_TC21","ICR_1068"
"6349","chr19",3006466,3006467,"chr19",3006288,3006627,"cg23931783_TC11","ICR_1068"
"6350","chr19",3006497,3006498,"chr19",3006288,3006627,"cg23931785_TC11","ICR_1068"
"6351","chr19",3006533,3006534,"chr19",3006288,3006627,"cg23931787_TC11","ICR_1068"
"6352","chr19",3006533,3006534,"chr19",3006288,3006627,"cg23931787_TC12","ICR_1068"
"6353","chr19",3006535,3006536,"chr19",3006288,3006627,"cg23931788_BC11","ICR_1068"
"6354","chr19",3006535,3006536,"chr19",3006288,3006627,"cg23931788_BC12","ICR_1068"
"6355","chr19",3314675,3314676,"chr19",3314580,3314748,"cg23940663_TC11","ICR_1069"
"6356","chr19",3314692,3314693,"chr19",3314580,3314748,"cg23940664_TC11","ICR_1069"
"6357","chr19",3375261,3375262,"chr19",3375238,3375520,"cg23942356_BC21","ICR_1071"
"6358","chr19",3375261,3375262,"chr19",3375238,3375520,"cg23942356_BC22","ICR_1071"
"6359","chr19",3375285,3375286,"chr19",3375238,3375520,"cg23942357_BC11","ICR_1071"
"6360","chr19",3375298,3375299,"chr19",3375238,3375520,"cg23942358_TC21","ICR_1071"
"6361","chr19",3375298,3375299,"chr19",3375238,3375520,"cg23942358_TC22","ICR_1071"
"6362","chr19",3375329,3375330,"chr19",3375238,3375520,"cg23942359_BC11","ICR_1071"
"6363","chr19",3375329,3375330,"chr19",3375238,3375520,"cg23942359_BC12","ICR_1071"
"6364","chr19",3375386,3375387,"chr19",3375238,3375520,"cg23942362_TC21","ICR_1071"
"6365","chr19",3375519,3375520,"chr19",3375238,3375520,"cg23942365_TC21","ICR_1071"
"6366","chr19",3403799,3403800,"chr19",3403799,3403966,"cg23943126_TO11","ICR_1072"
"6367","chr19",3403822,3403823,"chr19",3403799,3403966,"cg23943128_BC11","ICR_1072"
"6368","chr19",3403862,3403863,"chr19",3403799,3403966,"cg23943134_TC11","ICR_1072"
"6369","chr19",3403862,3403863,"chr19",3403799,3403966,"cg23943134_TC12","ICR_1072"
"6370","chr19",3403884,3403885,"chr19",3403799,3403966,"cg23943135_BC11","ICR_1072"
"6371","chr19",3403888,3403889,"chr19",3403799,3403966,"cg23943137_TC21","ICR_1072"
"6372","chr19",3403894,3403895,"chr19",3403799,3403966,"cg23943138_TC21","ICR_1072"
"6373","chr19",3403894,3403895,"chr19",3403799,3403966,"cg23943138_TC22","ICR_1072"
"6374","chr19",3403913,3403914,"chr19",3403799,3403966,"cg23943139_BC11","ICR_1072"
"6375","chr19",3403953,3403954,"chr19",3403799,3403966,"cg23943141_BC11","ICR_1072"
"6376","chr19",3403953,3403954,"chr19",3403799,3403966,"cg23943141_BC12","ICR_1072"
"6377","chr19",3789253,3789254,"chr19",3789253,3789767,"cg23955782_BC21","ICR_1073"
"6378","chr19",3789253,3789254,"chr19",3789253,3789767,"cg23955782_BC22","ICR_1073"
"6379","chr19",3789291,3789292,"chr19",3789253,3789767,"cg23955783_TC21","ICR_1073"
"6380","chr19",3789300,3789301,"chr19",3789253,3789767,"cg23955784_TC11","ICR_1073"
"6381","chr19",3789303,3789304,"chr19",3789253,3789767,"cg23955785_TO11","ICR_1073"
"6382","chr19",3789321,3789322,"chr19",3789253,3789767,"cg23955786_BC21","ICR_1073"
"6383","chr19",3789436,3789437,"chr19",3789253,3789767,"cg17880816_TC21","ICR_1073"
"6384","chr19",3789454,3789455,"chr19",3789253,3789767,"cg23955787_TC21","ICR_1073"
"6385","chr19",3789518,3789519,"chr19",3789253,3789767,"cg23955788_TO21","ICR_1073"
"6386","chr19",4194947,4194948,"chr19",4194878,4195135,"cg23968019_BC21","ICR_1074"
"6387","chr19",4195029,4195030,"chr19",4194878,4195135,"cg23968021_TC11","ICR_1074"
"6388","chr19",4195038,4195039,"chr19",4194878,4195135,"cg23968023_TC11","ICR_1074"
"6389","chr19",4414823,4414824,"chr19",4414818,4415739,"cg23973963_TO21","ICR_1075"
"6390","chr19",4414895,4414896,"chr19",4414818,4415739,"cg23973964_BC21","ICR_1075"
"6391","chr19",4414919,4414920,"chr19",4414818,4415739,"cg23973965_BC21","ICR_1075"
"6392","chr19",4415043,4415044,"chr19",4414818,4415739,"cg23973966_TO21","ICR_1075"
"6393","chr19",4415046,4415047,"chr19",4414818,4415739,"cg23973967_TC11","ICR_1075"
"6394","chr19",4415063,4415064,"chr19",4414818,4415739,"cg23973968_TC21","ICR_1075"
"6395","chr19",4415063,4415064,"chr19",4414818,4415739,"cg23973968_TC22","ICR_1075"
"6396","chr19",4415103,4415104,"chr19",4414818,4415739,"cg23973969_BC21","ICR_1075"
"6397","chr19",4415103,4415104,"chr19",4414818,4415739,"cg23973969_BC22","ICR_1075"
"6398","chr19",4415133,4415134,"chr19",4414818,4415739,"cg23973970_TC21","ICR_1075"
"6399","chr19",4415329,4415330,"chr19",4414818,4415739,"cg23973971_BC21","ICR_1075"
"6400","chr19",4415454,4415455,"chr19",4414818,4415739,"cg23973973_BC21","ICR_1075"
"6401","chr19",4415475,4415476,"chr19",4414818,4415739,"cg23973974_TC21","ICR_1075"
"6402","chr19",4415475,4415476,"chr19",4414818,4415739,"cg23973974_TC22","ICR_1075"
"6403","chr19",4415550,4415551,"chr19",4414818,4415739,"cg23973976_BC11","ICR_1075"
"6404","chr19",4415636,4415637,"chr19",4414818,4415739,"cg23973977_BC21","ICR_1075"
"6405","chr19",4415636,4415637,"chr19",4414818,4415739,"cg23973977_BC22","ICR_1075"
"6406","chr19",4415694,4415695,"chr19",4414818,4415739,"cg23973978_TC21","ICR_1075"
"6407","chr19",4415720,4415721,"chr19",4414818,4415739,"cg23973979_TC21","ICR_1075"
"6408","chr19",4415738,4415739,"chr19",4414818,4415739,"cg23973980_BC21","ICR_1075"
"6409","chr19",6018932,6018933,"chr19",6018851,6019122,"cg24015422_TC21","ICR_1076"
"6410","chr19",6018932,6018933,"chr19",6018851,6019122,"cg24015422_TC22","ICR_1076"
"6411","chr19",6019063,6019064,"chr19",6018851,6019122,"cg24015425_TC11","ICR_1076"
"6412","chr19",6019063,6019064,"chr19",6018851,6019122,"cg24015425_TC12","ICR_1076"
"6413","chr19",6019098,6019099,"chr19",6018851,6019122,"cg26526509_TC21","ICR_1076"
"6414","chr19",6489585,6489586,"chr19",6489482,6490032,"cg19540682_TC21","ICR_1078"
"6415","chr19",6489726,6489727,"chr19",6489482,6490032,"cg24025596_BC21","ICR_1078"
"6416","chr19",6489841,6489842,"chr19",6489482,6490032,"cg24025597_BC21","ICR_1078"
"6417","chr19",6489859,6489860,"chr19",6489482,6490032,"cg24025598_TC21","ICR_1078"
"6418","chr19",6489945,6489946,"chr19",6489482,6490032,"cg24025599_TC21","ICR_1078"
"6419","chr19",6489999,6490000,"chr19",6489482,6490032,"cg24025600_TC21","ICR_1078"
"6420","chr19",6489999,6490000,"chr19",6489482,6490032,"cg24025600_TC22","ICR_1078"
"6421","chr19",6490031,6490032,"chr19",6489482,6490032,"cg24025601_BC21","ICR_1078"
"6422","chr19",6490031,6490032,"chr19",6489482,6490032,"cg24025601_BC22","ICR_1078"
"6423","chr19",6509308,6509309,"chr19",6509208,6509630,"cg24026083_BO11","ICR_1079"
"6424","chr19",6509338,6509339,"chr19",6509208,6509630,"cg24026084_BC11","ICR_1079"
"6425","chr19",6509440,6509441,"chr19",6509208,6509630,"cg24026085_TC11","ICR_1079"
"6426","chr19",6509477,6509478,"chr19",6509208,6509630,"cg24026088_BC11","ICR_1079"
"6427","chr19",6509499,6509500,"chr19",6509208,6509630,"cg24026089_BC11","ICR_1079"
"6428","chr19",6509506,6509507,"chr19",6509208,6509630,"cg24026090_TC11","ICR_1079"
"6429","chr19",6509506,6509507,"chr19",6509208,6509630,"cg24026090_TC12","ICR_1079"
"6430","chr19",6509515,6509516,"chr19",6509208,6509630,"cg24026091_BC21","ICR_1079"
"6431","chr19",6509551,6509552,"chr19",6509208,6509630,"cg24026093_BC21","ICR_1079"
"6432","chr19",6677832,6677833,"chr19",6677832,6677968,"cg24029164_BC21","ICR_1080"
"6433","chr19",6677913,6677914,"chr19",6677832,6677968,"cg24029165_TC21","ICR_1080"
"6434","chr19",6677913,6677914,"chr19",6677832,6677968,"cg24029165_TC22","ICR_1080"
"6435","chr19",6677922,6677923,"chr19",6677832,6677968,"cg24029166_TC21","ICR_1080"
"6436","chr19",6677925,6677926,"chr19",6677832,6677968,"cg24029167_BC21","ICR_1080"
"6437","chr19",6677955,6677956,"chr19",6677832,6677968,"cg24029168_TC21","ICR_1080"
"6438","chr19",6677967,6677968,"chr19",6677832,6677968,"cg24029169_TC21","ICR_1080"
"6439","chr19",7004362,7004363,"chr19",7004362,7004710,"cg24034743_TC21","ICR_1081"
"6440","chr19",7004371,7004372,"chr19",7004362,7004710,"cg24034744_BC21","ICR_1081"
"6441","chr19",7004430,7004431,"chr19",7004362,7004710,"cg24034745_BC21","ICR_1081"
"6442","chr19",7004484,7004485,"chr19",7004362,7004710,"cg24034747_BO21","ICR_1081"
"6443","chr19",7004499,7004500,"chr19",7004362,7004710,"cg24034748_BC21","ICR_1081"
"6444","chr19",7004551,7004552,"chr19",7004362,7004710,"cg24034749_BC21","ICR_1081"
"6445","chr19",7004645,7004646,"chr19",7004362,7004710,"cg24245216_TC21","ICR_1081"
"6446","chr19",7004645,7004646,"chr19",7004362,7004710,"cg24245216_TC22","ICR_1081"
"6447","chr19",7004647,7004648,"chr19",7004362,7004710,"cg24034750_BC21","ICR_1081"
"6448","chr19",7004657,7004658,"chr19",7004362,7004710,"cg24034751_TC21","ICR_1081"
"6449","chr19",7004690,7004691,"chr19",7004362,7004710,"cg24034754_TC21","ICR_1081"
"6450","chr19",7004709,7004710,"chr19",7004362,7004710,"cg24034756_TC21","ICR_1081"
"6451","chr19",7646032,7646033,"chr19",7646032,7646285,"cg24048097_TC21","ICR_1082"
"6452","chr19",7646061,7646062,"chr19",7646032,7646285,"cg24048098_BC11","ICR_1082"
"6453","chr19",7646110,7646111,"chr19",7646032,7646285,"cg24048100_TC11","ICR_1082"
"6454","chr19",7646266,7646267,"chr19",7646032,7646285,"cg15576517_BC11","ICR_1082"
"6455","chr19",7646266,7646267,"chr19",7646032,7646285,"cg15576517_BC12","ICR_1082"
"6456","chr19",7646276,7646277,"chr19",7646032,7646285,"cg24048104_TC11","ICR_1082"
"6457","chr19",7646284,7646285,"chr19",7646032,7646285,"cg10494807_BC21","ICR_1082"
"6458","chr19",7863837,7863838,"chr19",7863801,7864121,"cg24052802_BO11","ICR_1083"
"6459","chr19",7863864,7863865,"chr19",7863801,7864121,"cg24014869_TC11","ICR_1083"
"6460","chr19",7863886,7863887,"chr19",7863801,7864121,"cg22501922_TC21","ICR_1083"
"6461","chr19",7863940,7863941,"chr19",7863801,7864121,"cg24052805_TC21","ICR_1083"
"6462","chr19",7864017,7864018,"chr19",7863801,7864121,"cg24052807_BC21","ICR_1083"
"6463","chr19",7864089,7864090,"chr19",7863801,7864121,"cg24052808_BC21","ICR_1083"
"6464","chr19",7864120,7864121,"chr19",7863801,7864121,"cg24052810_BC21","ICR_1083"
"6465","chr19",7872626,7872627,"chr19",7872626,7872688,"cg24053142_TC11","ICR_1084"
"6466","chr19",7872640,7872641,"chr19",7872626,7872688,"cg24053143_TC11","ICR_1084"
"6467","chr19",9912720,9912721,"chr19",9912720,9912951,"cg24088173_TC21","ICR_1085"
"6468","chr19",9912755,9912756,"chr19",9912720,9912951,"cg24088174_TC21","ICR_1085"
"6469","chr19",9912768,9912769,"chr19",9912720,9912951,"cg24088175_BC21","ICR_1085"
"6470","chr19",9912773,9912774,"chr19",9912720,9912951,"cg24088176_TC21","ICR_1085"
"6471","chr19",9912823,9912824,"chr19",9912720,9912951,"cg24088177_TO21","ICR_1085"
"6472","chr19",9912823,9912824,"chr19",9912720,9912951,"cg24088177_TO22","ICR_1085"
"6473","chr19",9912838,9912839,"chr19",9912720,9912951,"cg24088178_TC21","ICR_1085"
"6474","chr19",9912893,9912894,"chr19",9912720,9912951,"cg12098102_BC21","ICR_1085"
"6475","chr19",9912950,9912951,"chr19",9912720,9912951,"cg24088179_BC21","ICR_1085"
"6476","chr19",9953807,9953808,"chr19",9953807,9954321,"cg24089120_BC21","ICR_1086"
"6477","chr19",9953812,9953813,"chr19",9953807,9954321,"cg24089121_TC21","ICR_1086"
"6478","chr19",9953814,9953815,"chr19",9953807,9954321,"cg24089122_TC21","ICR_1086"
"6479","chr19",9953850,9953851,"chr19",9953807,9954321,"cg24089123_TO11","ICR_1086"
"6480","chr19",9953975,9953976,"chr19",9953807,9954321,"cg24089124_BC21","ICR_1086"
"6481","chr19",9953983,9953984,"chr19",9953807,9954321,"cg24089125_TC21","ICR_1086"
"6482","chr19",9953983,9953984,"chr19",9953807,9954321,"cg24089125_TC22","ICR_1086"
"6483","chr19",9954067,9954068,"chr19",9953807,9954321,"cg24089126_TC21","ICR_1086"
"6484","chr19",9954103,9954104,"chr19",9953807,9954321,"cg24089127_BC21","ICR_1086"
"6485","chr19",9954147,9954148,"chr19",9953807,9954321,"cg24089128_TC21","ICR_1086"
"6486","chr19",9954165,9954166,"chr19",9953807,9954321,"cg24089129_TC21","ICR_1086"
"6487","chr19",9954199,9954200,"chr19",9953807,9954321,"cg24089130_TC11","ICR_1086"
"6488","chr19",9954209,9954210,"chr19",9953807,9954321,"cg24089131_TC21","ICR_1086"
"6489","chr19",9954224,9954225,"chr19",9953807,9954321,"cg24089132_TC11","ICR_1086"
"6490","chr19",9954249,9954250,"chr19",9953807,9954321,"cg24089134_TC21","ICR_1086"
"6491","chr19",9954320,9954321,"chr19",9953807,9954321,"cg24089135_TC21","ICR_1086"
"6492","chr19",9954320,9954321,"chr19",9953807,9954321,"cg24089135_TC22","ICR_1086"
"6493","chr19",12873532,12873533,"chr19",12873530,12873750,"cg24151552_BO11","ICR_1087"
"6494","chr19",12873548,12873549,"chr19",12873530,12873750,"cg24151555_BC21","ICR_1087"
"6495","chr19",12873584,12873585,"chr19",12873530,12873750,"cg24151556_TC21","ICR_1087"
"6496","chr19",12873584,12873585,"chr19",12873530,12873750,"cg24151556_TC22","ICR_1087"
"6497","chr19",12873603,12873604,"chr19",12873530,12873750,"cg24151557_TC21","ICR_1087"
"6498","chr19",12873609,12873610,"chr19",12873530,12873750,"cg24151558_TC21","ICR_1087"
"6499","chr19",12873653,12873654,"chr19",12873530,12873750,"cg24151561_TO11","ICR_1087"
"6500","chr19",12873662,12873663,"chr19",12873530,12873750,"cg24151563_TO11","ICR_1087"
"6501","chr19",12873665,12873666,"chr19",12873530,12873750,"cg24151564_TO11","ICR_1087"
"6502","chr19",12873668,12873669,"chr19",12873530,12873750,"cg24151565_TC11","ICR_1087"
"6503","chr19",12873671,12873672,"chr19",12873530,12873750,"cg24151566_BC11","ICR_1087"
"6504","chr19",12873682,12873683,"chr19",12873530,12873750,"cg24151567_BC11","ICR_1087"
"6505","chr19",12873692,12873693,"chr19",12873530,12873750,"cg24151568_BC11","ICR_1087"
"6506","chr19",12873699,12873700,"chr19",12873530,12873750,"cg24151569_BC11","ICR_1087"
"6507","chr19",12873721,12873722,"chr19",12873530,12873750,"cg24151571_BC11","ICR_1087"
"6508","chr19",12873739,12873740,"chr19",12873530,12873750,"cg24151574_TC11","ICR_1087"
"6509","chr19",12873749,12873750,"chr19",12873530,12873750,"cg24151575_BC11","ICR_1087"
"6510","chr19",13087923,13087924,"chr19",13087917,13088184,"cg24156941_TC11","ICR_1088"
"6511","chr19",13087923,13087924,"chr19",13087917,13088184,"cg24156941_TC12","ICR_1088"
"6512","chr19",13087933,13087934,"chr19",13087917,13088184,"cg24156942_TC21","ICR_1088"
"6513","chr19",13087983,13087984,"chr19",13087917,13088184,"cg13649253_TC21","ICR_1088"
"6514","chr19",13087999,13088000,"chr19",13087917,13088184,"cg21128541_TC11","ICR_1088"
"6515","chr19",13088034,13088035,"chr19",13087917,13088184,"cg24156944_TC11","ICR_1088"
"6516","chr19",13088037,13088038,"chr19",13087917,13088184,"cg24156945_TC11","ICR_1088"
"6517","chr19",13088107,13088108,"chr19",13087917,13088184,"cg24156947_BC11","ICR_1088"
"6518","chr19",13088110,13088111,"chr19",13087917,13088184,"cg24156948_BC11","ICR_1088"
"6519","chr19",13088145,13088146,"chr19",13087917,13088184,"cg11883009_TC11","ICR_1088"
"6520","chr19",13088154,13088155,"chr19",13087917,13088184,"cg24156951_TC11","ICR_1088"
"6521","chr19",13088165,13088166,"chr19",13087917,13088184,"cg24156952_TC21","ICR_1088"
"6522","chr19",13088172,13088173,"chr19",13087917,13088184,"cg24156953_TC11","ICR_1088"
"6523","chr19",13088178,13088179,"chr19",13087917,13088184,"cg24156954_TO11","ICR_1088"
"6524","chr19",13088183,13088184,"chr19",13087917,13088184,"cg24156955_BO11","ICR_1088"
"6525","chr19",13298940,13298941,"chr19",13298915,13299037,"cg24162095_TC11","ICR_1089"
"6526","chr19",13298954,13298955,"chr19",13298915,13299037,"cg24162096_TC11","ICR_1089"
"6527","chr19",13623855,13623856,"chr19",13623855,13623948,"cg24166355_TC21","ICR_1090"
"6528","chr19",13623855,13623856,"chr19",13623855,13623948,"cg24166355_TC22","ICR_1090"
"6529","chr19",13623910,13623911,"chr19",13623855,13623948,"cg24166360_TC11","ICR_1090"
"6530","chr19",13623929,13623930,"chr19",13623855,13623948,"cg24166361_TC21","ICR_1090"
"6531","chr19",13623929,13623930,"chr19",13623855,13623948,"cg24166361_TC22","ICR_1090"
"6532","chr19",13623947,13623948,"chr19",13623855,13623948,"cg24166362_TC21","ICR_1090"
"6533","chr19",13623947,13623948,"chr19",13623855,13623948,"cg24166362_TC22","ICR_1090"
"6534","chr19",14061714,14061715,"chr19",14061703,14062308,"cg24176537_BC11","ICR_1091"
"6535","chr19",14061824,14061825,"chr19",14061703,14062308,"cg24176538_TC21","ICR_1091"
"6536","chr19",14061856,14061857,"chr19",14061703,14062308,"cg24176539_BC21","ICR_1091"
"6537","chr19",14062029,14062030,"chr19",14061703,14062308,"cg24176542_BC11","ICR_1091"
"6538","chr19",14062092,14062093,"chr19",14061703,14062308,"cg24176545_TO11","ICR_1091"
"6539","chr19",14062135,14062136,"chr19",14061703,14062308,"cg24176548_BC11","ICR_1091"
"6540","chr19",14062135,14062136,"chr19",14061703,14062308,"cg24176548_BC12","ICR_1091"
"6541","chr19",14062254,14062255,"chr19",14061703,14062308,"cg24176549_BC21","ICR_1091"
"6542","chr19",14062254,14062255,"chr19",14061703,14062308,"cg24176549_BC22","ICR_1091"
"6543","chr19",14062273,14062274,"chr19",14061703,14062308,"cg24176550_TC21","ICR_1091"
"6544","chr19",14062273,14062274,"chr19",14061703,14062308,"cg24176550_TC22","ICR_1091"
"6545","chr19",14062307,14062308,"chr19",14061703,14062308,"cg24176553_BC21","ICR_1091"
"6546","chr19",15471931,15471932,"chr19",15471896,15472161,"cg24204548_TC11","ICR_1092"
"6547","chr19",15471956,15471957,"chr19",15471896,15472161,"cg24204550_TC21","ICR_1092"
"6548","chr19",15471956,15471957,"chr19",15471896,15472161,"cg24204550_TC22","ICR_1092"
"6549","chr19",15471963,15471964,"chr19",15471896,15472161,"cg25994622_BC11","ICR_1092"
"6550","chr19",15471972,15471973,"chr19",15471896,15472161,"cg24204552_BC11","ICR_1092"
"6551","chr19",15471972,15471973,"chr19",15471896,15472161,"cg24204552_BC12","ICR_1092"
"6552","chr19",15471992,15471993,"chr19",15471896,15472161,"cg24204553_BC11","ICR_1092"
"6553","chr19",15471992,15471993,"chr19",15471896,15472161,"cg24204553_BC12","ICR_1092"
"6554","chr19",15472007,15472008,"chr19",15471896,15472161,"cg24204554_BC11","ICR_1092"
"6555","chr19",15472007,15472008,"chr19",15471896,15472161,"cg24204554_BC12","ICR_1092"
"6556","chr19",15472023,15472024,"chr19",15471896,15472161,"cg24204555_TC21","ICR_1092"
"6557","chr19",15472041,15472042,"chr19",15471896,15472161,"cg26853265_TC21","ICR_1092"
"6558","chr19",15472045,15472046,"chr19",15471896,15472161,"cg24204557_TC11","ICR_1092"
"6559","chr19",15472045,15472046,"chr19",15471896,15472161,"cg24204557_TC12","ICR_1092"
"6560","chr19",15472160,15472161,"chr19",15471896,15472161,"cg24204564_BC21","ICR_1092"
"6561","chr19",15777134,15777135,"chr19",15777134,15778369,"cg24208026_TC21","ICR_1093"
"6562","chr19",15777134,15777135,"chr19",15777134,15778369,"cg24208026_TC22","ICR_1093"
"6563","chr19",15777340,15777341,"chr19",15777134,15778369,"cg24208028_BC21","ICR_1093"
"6564","chr19",15777619,15777620,"chr19",15777134,15778369,"cg24208029_TC21","ICR_1093"
"6565","chr19",15777619,15777620,"chr19",15777134,15778369,"cg24208029_TC22","ICR_1093"
"6566","chr19",15777628,15777629,"chr19",15777134,15778369,"cg24208030_TO11","ICR_1093"
"6567","chr19",15777687,15777688,"chr19",15777134,15778369,"cg26584538_BC21","ICR_1093"
"6568","chr19",15777726,15777727,"chr19",15777134,15778369,"cg24208031_BO11","ICR_1093"
"6569","chr19",15862821,15862822,"chr19",15862821,15863176,"cg24209151_TC21","ICR_1094"
"6570","chr19",15862821,15862822,"chr19",15862821,15863176,"cg24209151_TC22","ICR_1094"
"6571","chr19",15862876,15862877,"chr19",15862821,15863176,"cg24209154_BO11","ICR_1094"
"6572","chr19",15862916,15862917,"chr19",15862821,15863176,"cg24209155_TC21","ICR_1094"
"6573","chr19",15862916,15862917,"chr19",15862821,15863176,"cg24209155_TC22","ICR_1094"
"6574","chr19",15862955,15862956,"chr19",15862821,15863176,"cg24209156_BC21","ICR_1094"
"6575","chr19",15862967,15862968,"chr19",15862821,15863176,"cg24209157_TC21","ICR_1094"
"6576","chr19",15863020,15863021,"chr19",15862821,15863176,"cg24209160_TC21","ICR_1094"
"6577","chr19",15863048,15863049,"chr19",15862821,15863176,"cg24209162_TC11","ICR_1094"
"6578","chr19",15863119,15863120,"chr19",15862821,15863176,"cg24209166_TC21","ICR_1094"
"6579","chr19",15863130,15863131,"chr19",15862821,15863176,"cg24209167_BC21","ICR_1094"
"6580","chr19",15863130,15863131,"chr19",15862821,15863176,"cg24209167_BC22","ICR_1094"
"6581","chr19",15863155,15863156,"chr19",15862821,15863176,"cg24209168_BC11","ICR_1094"
"6582","chr19",15940416,15940417,"chr19",15940416,15941089,"cg24210067_BO11","ICR_1095"
"6583","chr19",15940416,15940417,"chr19",15940416,15941089,"cg24210067_BO12","ICR_1095"
"6584","chr19",15940683,15940684,"chr19",15940416,15941089,"cg24210068_TC21","ICR_1095"
"6585","chr19",15941001,15941002,"chr19",15940416,15941089,"cg24210069_BC21","ICR_1095"
"6586","chr19",15941066,15941067,"chr19",15940416,15941089,"cg24210070_TC21","ICR_1095"
"6587","chr19",15941066,15941067,"chr19",15940416,15941089,"cg24210070_TC22","ICR_1095"
"6588","chr19",15941088,15941089,"chr19",15940416,15941089,"cg24210071_TC21","ICR_1095"
"6589","chr19",15941088,15941089,"chr19",15940416,15941089,"cg24210071_TC22","ICR_1095"
"6590","chr19",16895887,16895888,"chr19",16895885,16895902,"cg24228798_TC11","ICR_1096"
"6591","chr19",18439086,18439087,"chr19",18439086,18439864,"cg24265683_BC21","ICR_1097"
"6592","chr19",18439086,18439087,"chr19",18439086,18439864,"cg24265683_BC22","ICR_1097"
"6593","chr19",18439371,18439372,"chr19",18439086,18439864,"cg21130532_TC21","ICR_1097"
"6594","chr19",18439467,18439468,"chr19",18439086,18439864,"cg24265685_TC21","ICR_1097"
"6595","chr19",18439484,18439485,"chr19",18439086,18439864,"cg24265686_TC11","ICR_1097"
"6596","chr19",18439687,18439688,"chr19",18439086,18439864,"cg24265690_BC21","ICR_1097"
"6597","chr19",18777231,18777232,"chr19",18777222,18778158,"cg24274097_TC11","ICR_1098"
"6598","chr19",18777234,18777235,"chr19",18777222,18778158,"cg24274098_TC11","ICR_1098"
"6599","chr19",18777234,18777235,"chr19",18777222,18778158,"cg24274098_TC12","ICR_1098"
"6600","chr19",18777243,18777244,"chr19",18777222,18778158,"cg24274099_TO11","ICR_1098"
"6601","chr19",18777249,18777250,"chr19",18777222,18778158,"cg24274100_TC11","ICR_1098"
"6602","chr19",18777270,18777271,"chr19",18777222,18778158,"cg17759252_TC11","ICR_1098"
"6603","chr19",18777282,18777283,"chr19",18777222,18778158,"cg24274101_BC11","ICR_1098"
"6604","chr19",18777300,18777301,"chr19",18777222,18778158,"cg24274103_BC21","ICR_1098"
"6605","chr19",18777318,18777319,"chr19",18777222,18778158,"cg24274104_BC11","ICR_1098"
"6606","chr19",18777441,18777442,"chr19",18777222,18778158,"cg24274120_BC11","ICR_1098"
"6607","chr19",18777445,18777446,"chr19",18777222,18778158,"cg24274121_TC11","ICR_1098"
"6608","chr19",18777452,18777453,"chr19",18777222,18778158,"cg24274122_TC11","ICR_1098"
"6609","chr19",18777465,18777466,"chr19",18777222,18778158,"cg24274124_BC11","ICR_1098"
"6610","chr19",18777469,18777470,"chr19",18777222,18778158,"cg24274125_TC11","ICR_1098"
"6611","chr19",18777497,18777498,"chr19",18777222,18778158,"cg24274126_BC11","ICR_1098"
"6612","chr19",18777504,18777505,"chr19",18777222,18778158,"cg24274127_BC11","ICR_1098"
"6613","chr19",18777511,18777512,"chr19",18777222,18778158,"cg24274128_TC11","ICR_1098"
"6614","chr19",18777610,18777611,"chr19",18777222,18778158,"cg24274141_BC11","ICR_1098"
"6615","chr19",18777685,18777686,"chr19",18777222,18778158,"cg24274146_TO11","ICR_1098"
"6616","chr19",18777721,18777722,"chr19",18777222,18778158,"cg24274149_BC11","ICR_1098"
"6617","chr19",18777747,18777748,"chr19",18777222,18778158,"cg24274151_BC11","ICR_1098"
"6618","chr19",18777749,18777750,"chr19",18777222,18778158,"cg24274152_TO11","ICR_1098"
"6619","chr19",18777758,18777759,"chr19",18777222,18778158,"cg24274153_BC11","ICR_1098"
"6620","chr19",18777774,18777775,"chr19",18777222,18778158,"cg24274154_TC11","ICR_1098"
"6621","chr19",18777779,18777780,"chr19",18777222,18778158,"cg24274155_BC11","ICR_1098"
"6622","chr19",18777779,18777780,"chr19",18777222,18778158,"cg24274155_BC12","ICR_1098"
"6623","chr19",18777788,18777789,"chr19",18777222,18778158,"cg24274156_BC11","ICR_1098"
"6624","chr19",18777826,18777827,"chr19",18777222,18778158,"cg24274157_TC21","ICR_1098"
"6625","chr19",18777843,18777844,"chr19",18777222,18778158,"cg24274158_BC11","ICR_1098"
"6626","chr19",18777886,18777887,"chr19",18777222,18778158,"cg24274161_TO11","ICR_1098"
"6627","chr19",18777902,18777903,"chr19",18777222,18778158,"cg24274162_TC11","ICR_1098"
"6628","chr19",18777910,18777911,"chr19",18777222,18778158,"cg24274163_BC21","ICR_1098"
"6629","chr19",18777912,18777913,"chr19",18777222,18778158,"cg24274166_BC21","ICR_1098"
"6630","chr19",18777921,18777922,"chr19",18777222,18778158,"cg24274167_BC11","ICR_1098"
"6631","chr19",18777948,18777949,"chr19",18777222,18778158,"cg24274168_BC11","ICR_1098"
"6632","chr19",18777988,18777989,"chr19",18777222,18778158,"cg15190383_BC21","ICR_1098"
"6633","chr19",18777995,18777996,"chr19",18777222,18778158,"cg24274169_TC11","ICR_1098"
"6634","chr19",18777995,18777996,"chr19",18777222,18778158,"cg24274169_TC12","ICR_1098"
"6635","chr19",18778073,18778074,"chr19",18777222,18778158,"cg24274175_TC11","ICR_1098"
"6636","chr19",18778131,18778132,"chr19",18777222,18778158,"cg24274180_TO11","ICR_1098"
"6637","chr19",18778141,18778142,"chr19",18777222,18778158,"cg24274181_BC11","ICR_1098"
"6638","chr19",18778151,18778152,"chr19",18777222,18778158,"cg24274182_BC11","ICR_1098"
"6639","chr19",18778155,18778156,"chr19",18777222,18778158,"cg24274183_TC11","ICR_1098"
"6640","chr19",18778155,18778156,"chr19",18777222,18778158,"cg24274183_TC12","ICR_1098"
"6641","chr19",18778157,18778158,"chr19",18777222,18778158,"cg24274184_TC21","ICR_1098"
"6642","chr19",19120807,19120808,"chr19",19120807,19121015,"cg24282509_BC21","ICR_1099"
"6643","chr19",19120807,19120808,"chr19",19120807,19121015,"cg24282509_BC22","ICR_1099"
"6644","chr19",19120810,19120811,"chr19",19120807,19121015,"cg24282510_TC21","ICR_1099"
"6645","chr19",19120833,19120834,"chr19",19120807,19121015,"cg24282511_BC11","ICR_1099"
"6646","chr19",19120833,19120834,"chr19",19120807,19121015,"cg24282511_BC12","ICR_1099"
"6647","chr19",19120853,19120854,"chr19",19120807,19121015,"cg24282512_TC11","ICR_1099"
"6648","chr19",19120853,19120854,"chr19",19120807,19121015,"cg24282512_TC12","ICR_1099"
"6649","chr19",19120982,19120983,"chr19",19120807,19121015,"cg24282517_TC21","ICR_1099"
"6650","chr19",19121014,19121015,"chr19",19120807,19121015,"cg24282519_TC11","ICR_1099"
"6651","chr19",19121014,19121015,"chr19",19120807,19121015,"cg24282519_TC12","ICR_1099"
"6652","chr19",19514711,19514712,"chr19",19514691,19514749,"cg24290762_TC11","ICR_1100"
"6653","chr19",19514745,19514746,"chr19",19514691,19514749,"cg24290766_TC11","ICR_1100"
"6654","chr19",19997704,19997705,"chr19",19997704,19997967,"cg24298939_BC21","ICR_1101"
"6655","chr19",19997729,19997730,"chr19",19997704,19997967,"cg24298940_TO11","ICR_1101"
"6656","chr19",19997744,19997745,"chr19",19997704,19997967,"cg24298941_BC21","ICR_1101"
"6657","chr19",19997744,19997745,"chr19",19997704,19997967,"cg24298941_BC22","ICR_1101"
"6658","chr19",19997966,19997967,"chr19",19997704,19997967,"cg24298943_BC21","ICR_1101"
"6659","chr19",19997966,19997967,"chr19",19997704,19997967,"cg24298943_BC22","ICR_1101"
"6660","chr19",21568785,21568786,"chr19",21568785,21569830,"cg24314233_TC21","ICR_1103"
"6661","chr19",21568869,21568870,"chr19",21568785,21569830,"cg24314235_BC21","ICR_1103"
"6662","chr19",21568931,21568932,"chr19",21568785,21569830,"cg24314236_TC21","ICR_1103"
"6663","chr19",21568987,21568988,"chr19",21568785,21569830,"cg24314237_TO11","ICR_1103"
"6664","chr19",21568992,21568993,"chr19",21568785,21569830,"cg24314238_TC21","ICR_1103"
"6665","chr19",21569014,21569015,"chr19",21568785,21569830,"cg24314239_BC21","ICR_1103"
"6666","chr19",21569023,21569024,"chr19",21568785,21569830,"cg24314240_BC11","ICR_1103"
"6667","chr19",21569085,21569086,"chr19",21568785,21569830,"cg24314241_BC11","ICR_1103"
"6668","chr19",21569174,21569175,"chr19",21568785,21569830,"cg24314243_TC21","ICR_1103"
"6669","chr19",21569174,21569175,"chr19",21568785,21569830,"cg24314243_TC22","ICR_1103"
"6670","chr19",21569200,21569201,"chr19",21568785,21569830,"cg24314244_BC21","ICR_1103"
"6671","chr19",21569220,21569221,"chr19",21568785,21569830,"cg20246743_TC21","ICR_1103"
"6672","chr19",21569243,21569244,"chr19",21568785,21569830,"cg24314245_BC11","ICR_1103"
"6673","chr19",21569270,21569271,"chr19",21568785,21569830,"cg24314247_TC21","ICR_1103"
"6674","chr19",21569341,21569342,"chr19",21568785,21569830,"cg24314250_BC21","ICR_1103"
"6675","chr19",21569367,21569368,"chr19",21568785,21569830,"cg24314251_BC21","ICR_1103"
"6676","chr19",21569406,21569407,"chr19",21568785,21569830,"cg24314252_BC21","ICR_1103"
"6677","chr19",21569410,21569411,"chr19",21568785,21569830,"cg24314253_TC21","ICR_1103"
"6678","chr19",21569426,21569427,"chr19",21568785,21569830,"cg24314254_BC21","ICR_1103"
"6679","chr19",21569426,21569427,"chr19",21568785,21569830,"cg24314254_BC22","ICR_1103"
"6680","chr19",21569671,21569672,"chr19",21568785,21569830,"cg24314257_BC11","ICR_1103"
"6681","chr19",21569671,21569672,"chr19",21568785,21569830,"cg24314257_BC12","ICR_1103"
"6682","chr19",21569792,21569793,"chr19",21568785,21569830,"cg24314264_BC11","ICR_1103"
"6683","chr19",21569802,21569803,"chr19",21568785,21569830,"cg24314265_TC11","ICR_1103"
"6684","chr19",21569802,21569803,"chr19",21568785,21569830,"cg24314265_TC12","ICR_1103"
"6685","chr19",21569810,21569811,"chr19",21568785,21569830,"cg24314266_TC11","ICR_1103"
"6686","chr19",21569829,21569830,"chr19",21568785,21569830,"cg24314267_BC11","ICR_1103"
"6687","chr19",21678118,21678119,"chr19",21678107,21678334,"cg24315341_BC11","ICR_1104"
"6688","chr19",21678118,21678119,"chr19",21678107,21678334,"cg24315341_BC12","ICR_1104"
"6689","chr19",21678152,21678153,"chr19",21678107,21678334,"cg24315342_BC11","ICR_1104"
"6690","chr19",21678152,21678153,"chr19",21678107,21678334,"cg24315342_BC12","ICR_1104"
"6691","chr19",21678184,21678185,"chr19",21678107,21678334,"cg24315345_TC21","ICR_1104"
"6692","chr19",21678184,21678185,"chr19",21678107,21678334,"cg24315345_TC22","ICR_1104"
"6693","chr19",21678205,21678206,"chr19",21678107,21678334,"cg24315347_TC11","ICR_1104"
"6694","chr19",21678249,21678250,"chr19",21678107,21678334,"cg24315349_TC11","ICR_1104"
"6695","chr19",21678288,21678289,"chr19",21678107,21678334,"cg24315350_BC21","ICR_1104"
"6696","chr19",21678333,21678334,"chr19",21678107,21678334,"cg21994712_TC11","ICR_1104"
"6697","chr19",21678333,21678334,"chr19",21678107,21678334,"cg21994712_TC12","ICR_1104"
"6698","chr19",22517559,22517560,"chr19",22517559,22518023,"cg24322838_TC21","ICR_1105"
"6699","chr19",22517594,22517595,"chr19",22517559,22518023,"cg21867110_TC21","ICR_1105"
"6700","chr19",22517615,22517616,"chr19",22517559,22518023,"cg24322841_TO11","ICR_1105"
"6701","chr19",22517737,22517738,"chr19",22517559,22518023,"cg24322857_TC11","ICR_1105"
"6702","chr19",22517737,22517738,"chr19",22517559,22518023,"cg24322857_TC12","ICR_1105"
"6703","chr19",22517801,22517802,"chr19",22517559,22518023,"cg24322861_BC11","ICR_1105"
"6704","chr19",22517801,22517802,"chr19",22517559,22518023,"cg24322861_BC12","ICR_1105"
"6705","chr19",22517803,22517804,"chr19",22517559,22518023,"cg24322862_BC11","ICR_1105"
"6706","chr19",22517805,22517806,"chr19",22517559,22518023,"cg24322863_TC11","ICR_1105"
"6707","chr19",22517887,22517888,"chr19",22517559,22518023,"cg24322867_TO11","ICR_1105"
"6708","chr19",22517926,22517927,"chr19",22517559,22518023,"cg24322870_BO11","ICR_1105"
"6709","chr19",22517937,22517938,"chr19",22517559,22518023,"cg24322872_TC11","ICR_1105"
"6710","chr19",22517939,22517940,"chr19",22517559,22518023,"cg24322873_TC11","ICR_1105"
"6711","chr19",22517968,22517969,"chr19",22517559,22518023,"cg24322874_TC11","ICR_1105"
"6712","chr19",22518007,22518008,"chr19",22517559,22518023,"cg24322878_TO11","ICR_1105"
"6713","chr19",29269045,29269046,"chr19",29269045,29269583,"cg24358409_BC21","ICR_1106"
"6714","chr19",29269187,29269188,"chr19",29269045,29269583,"cg24358410_BC21","ICR_1106"
"6715","chr19",29269198,29269199,"chr19",29269045,29269583,"cg24358411_BC21","ICR_1106"
"6716","chr19",29269249,29269250,"chr19",29269045,29269583,"cg24358412_TC21","ICR_1106"
"6717","chr19",29269251,29269252,"chr19",29269045,29269583,"cg24358413_TC21","ICR_1106"
"6718","chr19",29269268,29269269,"chr19",29269045,29269583,"cg24358414_TC11","ICR_1106"
"6719","chr19",29269280,29269281,"chr19",29269045,29269583,"cg24358416_TC11","ICR_1106"
"6720","chr19",29269326,29269327,"chr19",29269045,29269583,"cg24358418_TC11","ICR_1106"
"6721","chr19",29269328,29269329,"chr19",29269045,29269583,"cg24358419_TC21","ICR_1106"
"6722","chr19",29269339,29269340,"chr19",29269045,29269583,"cg24358420_TC21","ICR_1106"
"6723","chr19",29269430,29269431,"chr19",29269045,29269583,"cg24358421_BC21","ICR_1106"
"6724","chr19",29269582,29269583,"chr19",29269045,29269583,"cg24358422_BC21","ICR_1106"
"6725","chr19",29662157,29662158,"chr19",29662033,29662704,"cg24363696_TO11","ICR_1107"
"6726","chr19",29662194,29662195,"chr19",29662033,29662704,"cg24363697_BC21","ICR_1107"
"6727","chr19",29662263,29662264,"chr19",29662033,29662704,"cg24363698_BC21","ICR_1107"
"6728","chr19",29662542,29662543,"chr19",29662033,29662704,"cg24363699_BC21","ICR_1107"
"6729","chr19",29662542,29662543,"chr19",29662033,29662704,"cg24363699_BC22","ICR_1107"
"6730","chr19",29662608,29662609,"chr19",29662033,29662704,"cg24363700_BC21","ICR_1107"
"6731","chr19",29662641,29662642,"chr19",29662033,29662704,"cg24363703_BC11","ICR_1107"
"6732","chr19",29662698,29662699,"chr19",29662033,29662704,"cg24363704_TC21","ICR_1107"
"6733","chr19",29662703,29662704,"chr19",29662033,29662704,"cg24363705_TC21","ICR_1107"
"6734","chr19",30253853,30253854,"chr19",30253853,30254259,"cg24372886_TC21","ICR_1108"
"6735","chr19",30253856,30253857,"chr19",30253853,30254259,"cg24372887_BC21","ICR_1108"
"6736","chr19",30253896,30253897,"chr19",30253853,30254259,"cg24372888_TC21","ICR_1108"
"6737","chr19",30253910,30253911,"chr19",30253853,30254259,"cg24372889_BC21","ICR_1108"
"6738","chr19",30254043,30254044,"chr19",30253853,30254259,"cg24372890_TC21","ICR_1108"
"6739","chr19",30254064,30254065,"chr19",30253853,30254259,"cg27302197_TC21","ICR_1108"
"6740","chr19",30254095,30254096,"chr19",30253853,30254259,"cg24372891_BC21","ICR_1108"
"6741","chr19",30254219,30254220,"chr19",30253853,30254259,"cg24372892_TC21","ICR_1108"
"6742","chr19",30254258,30254259,"chr19",30253853,30254259,"cg24372893_BC21","ICR_1108"
"6743","chr19",33298683,33298684,"chr19",33298570,33298842,"cg24411474_BC21","ICR_1109"
"6744","chr19",33298700,33298701,"chr19",33298570,33298842,"cg24411475_TC21","ICR_1109"
"6745","chr19",33298707,33298708,"chr19",33298570,33298842,"cg24411476_TC21","ICR_1109"
"6746","chr19",33298707,33298708,"chr19",33298570,33298842,"cg24411476_TC22","ICR_1109"
"6747","chr19",33298813,33298814,"chr19",33298570,33298842,"cg24411486_TC11","ICR_1109"
"6748","chr19",35703265,35703266,"chr19",35703211,35703486,"cg24449037_TC21","ICR_1110"
"6749","chr19",35703444,35703445,"chr19",35703211,35703486,"cg24449043_TC21","ICR_1110"
"6750","chr19",37403621,37403622,"chr19",37403621,37403742,"cg24476847_TO11","ICR_1111"
"6751","chr19",37403642,37403643,"chr19",37403621,37403742,"cg24476849_TC11","ICR_1111"
"6752","chr19",37403692,37403693,"chr19",37403621,37403742,"cg24476851_BC21","ICR_1111"
"6753","chr19",37403696,37403697,"chr19",37403621,37403742,"cg24476852_TC21","ICR_1111"
"6754","chr19",37403710,37403711,"chr19",37403621,37403742,"cg24476853_TC21","ICR_1111"
"6755","chr19",39875915,39875916,"chr19",39875819,39875935,"cg24521007_BC11","ICR_1113"
"6756","chr19",39875921,39875922,"chr19",39875819,39875935,"cg24521008_TC11","ICR_1113"
"6757","chr19",39875924,39875925,"chr19",39875819,39875935,"cg24521009_BC11","ICR_1113"
"6758","chr19",39892119,39892120,"chr19",39892074,39892180,"cg24521416_BO11","ICR_1114"
"6759","chr19",39892170,39892171,"chr19",39892074,39892180,"cg24521420_BC11","ICR_1114"
"6760","chr19",39892176,39892177,"chr19",39892074,39892180,"cg24521421_TC11","ICR_1114"
"6761","chr19",39892179,39892180,"chr19",39892074,39892180,"cg24521422_BC11","ICR_1114"
"6762","chr19",39915246,39915247,"chr19",39915213,39915303,"cg24521702_BC11","ICR_1115"
"6763","chr19",39915249,39915250,"chr19",39915213,39915303,"cg24521703_BC11","ICR_1115"
"6764","chr19",39915251,39915252,"chr19",39915213,39915303,"cg24521704_TC21","ICR_1115"
"6765","chr19",39915253,39915254,"chr19",39915213,39915303,"cg24521705_TC21","ICR_1115"
"6766","chr19",39915278,39915279,"chr19",39915213,39915303,"cg24521706_TC11","ICR_1115"
"6767","chr19",39915285,39915286,"chr19",39915213,39915303,"cg24521707_TC11","ICR_1115"
"6768","chr19",40489766,40489767,"chr19",40489766,40490020,"cg24531491_TC21","ICR_1116"
"6769","chr19",40489785,40489786,"chr19",40489766,40490020,"cg24531492_BC11","ICR_1116"
"6770","chr19",40489810,40489811,"chr19",40489766,40490020,"cg24531495_TC11","ICR_1116"
"6771","chr19",40489814,40489815,"chr19",40489766,40490020,"cg24531496_BC11","ICR_1116"
"6772","chr19",40489837,40489838,"chr19",40489766,40490020,"cg24531497_TC21","ICR_1116"
"6773","chr19",40489936,40489937,"chr19",40489766,40490020,"cg24531499_TO11","ICR_1116"
"6774","chr19",40489973,40489974,"chr19",40489766,40490020,"cg24531500_BO11","ICR_1116"
"6775","chr19",40489981,40489982,"chr19",40489766,40490020,"cg24531501_BO11","ICR_1116"
"6776","chr19",40489988,40489989,"chr19",40489766,40490020,"cg24531502_TC21","ICR_1116"
"6777","chr19",40490007,40490008,"chr19",40489766,40490020,"cg24531503_TC21","ICR_1116"
"6778","chr19",40490013,40490014,"chr19",40489766,40490020,"cg15572907_BC11","ICR_1116"
"6779","chr19",40490019,40490020,"chr19",40489766,40490020,"cg24531504_BC11","ICR_1116"
"6780","chr19",41226760,41226761,"chr19",41226760,41226873,"cg24544346_TC21","ICR_1117"
"6781","chr19",41226762,41226763,"chr19",41226760,41226873,"cg20561790_TC21","ICR_1117"
"6782","chr19",41226773,41226774,"chr19",41226760,41226873,"cg24544347_TC21","ICR_1117"
"6783","chr19",41226787,41226788,"chr19",41226760,41226873,"cg24544348_TC11","ICR_1117"
"6784","chr19",41226814,41226815,"chr19",41226760,41226873,"cg24544349_BC11","ICR_1117"
"6785","chr19",41226821,41226822,"chr19",41226760,41226873,"cg24544350_BO11","ICR_1117"
"6786","chr19",41226837,41226838,"chr19",41226760,41226873,"cg24544351_BC11","ICR_1117"
"6787","chr19",41515216,41515217,"chr19",41515216,41515351,"cg24549581_BC21","ICR_1118"
"6788","chr19",41515230,41515231,"chr19",41515216,41515351,"cg24549582_BC11","ICR_1118"
"6789","chr19",41515256,41515257,"chr19",41515216,41515351,"cg24549583_BC21","ICR_1118"
"6790","chr19",41515270,41515271,"chr19",41515216,41515351,"cg24549584_TC21","ICR_1118"
"6791","chr19",41515296,41515297,"chr19",41515216,41515351,"cg24549585_BC11","ICR_1118"
"6792","chr19",41515306,41515307,"chr19",41515216,41515351,"cg24549586_TC11","ICR_1118"
"6793","chr19",43406340,43406341,"chr19",43406340,43406626,"cg20083079_TC11","ICR_1120"
"6794","chr19",43406340,43406341,"chr19",43406340,43406626,"cg20083079_TC12","ICR_1120"
"6795","chr19",43406352,43406353,"chr19",43406340,43406626,"cg12127605_TC21","ICR_1120"
"6796","chr19",43406372,43406373,"chr19",43406340,43406626,"cg24574100_TC11","ICR_1120"
"6797","chr19",43406400,43406401,"chr19",43406340,43406626,"cg24574101_TC11","ICR_1120"
"6798","chr19",43406409,43406410,"chr19",43406340,43406626,"cg24574102_TC11","ICR_1120"
"6799","chr19",43406476,43406477,"chr19",43406340,43406626,"cg24574105_TC11","ICR_1120"
"6800","chr19",43406482,43406483,"chr19",43406340,43406626,"cg24574106_TC11","ICR_1120"
"6801","chr19",43406511,43406512,"chr19",43406340,43406626,"cg24574108_TC21","ICR_1120"
"6802","chr19",43406533,43406534,"chr19",43406340,43406626,"cg24574109_TC21","ICR_1120"
"6803","chr19",43406594,43406595,"chr19",43406340,43406626,"cg24574112_TC11","ICR_1120"
"6804","chr19",43406596,43406597,"chr19",43406340,43406626,"cg24574113_TC21","ICR_1120"
"6805","chr19",43406603,43406604,"chr19",43406340,43406626,"cg24574114_BC21","ICR_1120"
"6806","chr19",43406625,43406626,"chr19",43406340,43406626,"cg24574115_TC21","ICR_1120"
"6807","chr19",46270330,46270331,"chr19",46270330,46270412,"cg24625069_BC21","ICR_1122"
"6808","chr19",46270372,46270373,"chr19",46270330,46270412,"cg24625071_BC21","ICR_1122"
"6809","chr19",46270376,46270377,"chr19",46270330,46270412,"cg24625072_BC21","ICR_1122"
"6810","chr19",46270383,46270384,"chr19",46270330,46270412,"cg24625073_BC11","ICR_1122"
"6811","chr19",46270383,46270384,"chr19",46270330,46270412,"cg24625073_BC12","ICR_1122"
"6812","chr19",46270390,46270391,"chr19",46270330,46270412,"cg24625074_TC21","ICR_1122"
"6813","chr19",46270394,46270395,"chr19",46270330,46270412,"cg24625075_BC11","ICR_1122"
"6814","chr19",46270405,46270406,"chr19",46270330,46270412,"cg24625076_TO11","ICR_1122"
"6815","chr19",47601159,47601160,"chr19",47601135,47601199,"cg24653846_TO11","ICR_1123"
"6816","chr19",48195065,48195066,"chr19",48195062,48195219,"cg24665172_TC11","ICR_1124"
"6817","chr19",48195145,48195146,"chr19",48195062,48195219,"cg24665187_TC11","ICR_1124"
"6818","chr19",48195152,48195153,"chr19",48195062,48195219,"cg24665188_TC11","ICR_1124"
"6819","chr19",48895256,48895257,"chr19",48895256,48895520,"cg24682015_TC21","ICR_1125"
"6820","chr19",48895376,48895377,"chr19",48895256,48895520,"cg24682019_TC21","ICR_1125"
"6821","chr19",48895378,48895379,"chr19",48895256,48895520,"cg24682020_BC11","ICR_1125"
"6822","chr19",48895384,48895385,"chr19",48895256,48895520,"cg24682021_BC11","ICR_1125"
"6823","chr19",48895392,48895393,"chr19",48895256,48895520,"cg24682022_BC11","ICR_1125"
"6824","chr19",48895394,48895395,"chr19",48895256,48895520,"cg24682023_TC21","ICR_1125"
"6825","chr19",48895398,48895399,"chr19",48895256,48895520,"cg24682024_BC21","ICR_1125"
"6826","chr19",48895407,48895408,"chr19",48895256,48895520,"cg24682025_TC21","ICR_1125"
"6827","chr19",48895407,48895408,"chr19",48895256,48895520,"cg24682025_TC22","ICR_1125"
"6828","chr19",48895425,48895426,"chr19",48895256,48895520,"cg24682026_BC21","ICR_1125"
"6829","chr19",48895481,48895482,"chr19",48895256,48895520,"cg24682027_TC21","ICR_1125"
"6830","chr19",49889872,49889873,"chr19",49889831,49889898,"cg24706826_TC11","ICR_1127"
"6831","chr19",49889875,49889876,"chr19",49889831,49889898,"cg24706827_BC11","ICR_1127"
"6832","chr19",50458702,50458703,"chr19",50458697,50458780,"cg24718305_BC11","ICR_1128"
"6833","chr19",50458707,50458708,"chr19",50458697,50458780,"cg24718306_BC11","ICR_1128"
"6834","chr19",50458779,50458780,"chr19",50458697,50458780,"cg24718312_TC11","ICR_1128"
"6835","chr19",50458779,50458780,"chr19",50458697,50458780,"cg24718312_TC12","ICR_1128"
"6836","chr19",50489545,50489546,"chr19",50489533,50489611,"cg24719125_TC11","ICR_1129"
"6837","chr19",50489545,50489546,"chr19",50489533,50489611,"cg24719125_TC12","ICR_1129"
"6838","chr19",50489568,50489569,"chr19",50489533,50489611,"cg24719126_TC11","ICR_1129"
"6839","chr19",50489588,50489589,"chr19",50489533,50489611,"cg24719127_TC11","ICR_1129"
"6840","chr19",50489588,50489589,"chr19",50489533,50489611,"cg24719127_TC12","ICR_1129"
"6841","chr19",50489591,50489592,"chr19",50489533,50489611,"cg24719128_TC21","ICR_1129"
"6842","chr19",50489610,50489611,"chr19",50489533,50489611,"cg24719129_BC11","ICR_1129"
"6843","chr19",50489610,50489611,"chr19",50489533,50489611,"cg24719129_BC12","ICR_1129"
"6844","chr19",50870490,50870491,"chr19",50870490,50870617,"cg24727755_BC21","ICR_1130"
"6845","chr19",50870492,50870493,"chr19",50870490,50870617,"cg24727756_TC21","ICR_1130"
"6846","chr19",50870521,50870522,"chr19",50870490,50870617,"cg24727757_TC21","ICR_1130"
"6847","chr19",50870567,50870568,"chr19",50870490,50870617,"cg24727758_TC11","ICR_1130"
"6848","chr19",50870571,50870572,"chr19",50870490,50870617,"cg24727759_BC21","ICR_1130"
"6849","chr19",50870577,50870578,"chr19",50870490,50870617,"cg24727760_TC11","ICR_1130"
"6850","chr19",50870580,50870581,"chr19",50870490,50870617,"cg24727761_TC11","ICR_1130"
"6851","chr19",50870588,50870589,"chr19",50870490,50870617,"cg24727762_TC11","ICR_1130"
"6852","chr19",50870601,50870602,"chr19",50870490,50870617,"cg24727763_TC11","ICR_1130"
"6853","chr19",50870616,50870617,"chr19",50870490,50870617,"cg24727764_BC11","ICR_1130"
"6854","chr19",50949992,50949993,"chr19",50949975,50950140,"cg24728934_TC21","ICR_1131"
"6855","chr19",50950017,50950018,"chr19",50949975,50950140,"cg24728937_TC21","ICR_1131"
"6856","chr19",50950026,50950027,"chr19",50949975,50950140,"cg24728938_BC21","ICR_1131"
"6857","chr19",50950065,50950066,"chr19",50949975,50950140,"cg24728939_BC21","ICR_1131"
"6858","chr19",50950104,50950105,"chr19",50949975,50950140,"cg24728940_BC11","ICR_1131"
"6859","chr19",50950123,50950124,"chr19",50949975,50950140,"cg24728941_TC21","ICR_1131"
"6860","chr19",51002730,51002731,"chr19",51002709,51003017,"cg24729683_TC11","ICR_1132"
"6861","chr19",51002781,51002782,"chr19",51002709,51003017,"cg24729685_BC21","ICR_1132"
"6862","chr19",51002788,51002789,"chr19",51002709,51003017,"cg24729686_BC11","ICR_1132"
"6863","chr19",51002788,51002789,"chr19",51002709,51003017,"cg24729686_BC12","ICR_1132"
"6864","chr19",51002870,51002871,"chr19",51002709,51003017,"cg24729689_TO11","ICR_1132"
"6865","chr19",51002895,51002896,"chr19",51002709,51003017,"cg24729692_BC11","ICR_1132"
"6866","chr19",51002895,51002896,"chr19",51002709,51003017,"cg24729692_BC12","ICR_1132"
"6867","chr19",51002908,51002909,"chr19",51002709,51003017,"cg26749518_BC11","ICR_1132"
"6868","chr19",51002921,51002922,"chr19",51002709,51003017,"cg24729694_BC11","ICR_1132"
"6869","chr19",51002923,51002924,"chr19",51002709,51003017,"cg24729695_BC11","ICR_1132"
"6870","chr19",51003016,51003017,"chr19",51002709,51003017,"cg19149785_TC21","ICR_1132"
"6871","chr19",51003016,51003017,"chr19",51002709,51003017,"cg19149785_TC22","ICR_1132"
"6872","chr19",51132330,51132331,"chr19",51132330,51132649,"cg15263243_BC21","ICR_1133"
"6873","chr19",51132395,51132396,"chr19",51132330,51132649,"cg24732060_TC21","ICR_1133"
"6874","chr19",51132401,51132402,"chr19",51132330,51132649,"cg24732061_TC21","ICR_1133"
"6875","chr19",51132456,51132457,"chr19",51132330,51132649,"cg24732063_BC11","ICR_1133"
"6876","chr19",51132475,51132476,"chr19",51132330,51132649,"cg24732064_BC21","ICR_1133"
"6877","chr19",51132477,51132478,"chr19",51132330,51132649,"cg26991112_TC21","ICR_1133"
"6878","chr19",51132541,51132542,"chr19",51132330,51132649,"cg24732065_BC21","ICR_1133"
"6879","chr19",51132589,51132590,"chr19",51132330,51132649,"cg24732066_TC21","ICR_1133"
"6880","chr19",51132603,51132604,"chr19",51132330,51132649,"cg24732067_BC21","ICR_1133"
"6881","chr19",51132607,51132608,"chr19",51132330,51132649,"cg24732068_TC21","ICR_1133"
"6882","chr19",51132619,51132620,"chr19",51132330,51132649,"cg24732069_TC21","ICR_1133"
"6883","chr19",51132645,51132646,"chr19",51132330,51132649,"cg24732071_TC21","ICR_1133"
"6884","chr19",51132648,51132649,"chr19",51132330,51132649,"cg24732072_TC21","ICR_1133"
"6885","chr19",51271034,51271035,"chr19",51271034,51271265,"cg24733724_BC21","ICR_1134"
"6886","chr19",51271106,51271107,"chr19",51271034,51271265,"cg24733725_BC21","ICR_1134"
"6887","chr19",51271122,51271123,"chr19",51271034,51271265,"cg15497724_TC21","ICR_1134"
"6888","chr19",51271129,51271130,"chr19",51271034,51271265,"cg24733726_BC21","ICR_1134"
"6889","chr19",51271176,51271177,"chr19",51271034,51271265,"cg24733727_BC21","ICR_1134"
"6890","chr19",51271178,51271179,"chr19",51271034,51271265,"cg24733728_BC11","ICR_1134"
"6891","chr19",51271190,51271191,"chr19",51271034,51271265,"cg24733729_TC11","ICR_1134"
"6892","chr19",51271196,51271197,"chr19",51271034,51271265,"cg14884932_TC21","ICR_1134"
"6893","chr19",51271252,51271253,"chr19",51271034,51271265,"cg24733732_TC21","ICR_1134"
"6894","chr19",51271254,51271255,"chr19",51271034,51271265,"cg24733733_BC11","ICR_1134"
"6895","chr19",51271254,51271255,"chr19",51271034,51271265,"cg24733733_BC12","ICR_1134"
"6896","chr19",51271264,51271265,"chr19",51271034,51271265,"cg24733735_TC11","ICR_1134"
"6897","chr19",53537509,53537510,"chr19",53537444,53538957,"cg24766414_TC21","ICR_1135"
"6898","chr19",53537563,53537564,"chr19",53537444,53538957,"cg15576576_TC11","ICR_1135"
"6899","chr19",53537563,53537564,"chr19",53537444,53538957,"cg15576576_TC12","ICR_1135"
"6900","chr19",53537581,53537582,"chr19",53537444,53538957,"cg16020674_BC21","ICR_1135"
"6901","chr19",53537605,53537606,"chr19",53537444,53538957,"cg24766417_TC21","ICR_1135"
"6902","chr19",53537610,53537611,"chr19",53537444,53538957,"cg24766418_TC21","ICR_1135"
"6903","chr19",53537643,53537644,"chr19",53537444,53538957,"cg24766419_TC11","ICR_1135"
"6904","chr19",53537646,53537647,"chr19",53537444,53538957,"cg24766420_BO11","ICR_1135"
"6905","chr19",53537665,53537666,"chr19",53537444,53538957,"cg24766421_TC11","ICR_1135"
"6906","chr19",53537690,53537691,"chr19",53537444,53538957,"cg24766422_BC11","ICR_1135"
"6907","chr19",53537690,53537691,"chr19",53537444,53538957,"cg24766422_BC12","ICR_1135"
"6908","chr19",53537699,53537700,"chr19",53537444,53538957,"cg24766424_BC11","ICR_1135"
"6909","chr19",53537829,53537830,"chr19",53537444,53538957,"cg24766434_BO11","ICR_1135"
"6910","chr19",53537831,53537832,"chr19",53537444,53538957,"cg24766435_TO11","ICR_1135"
"6911","chr19",53537851,53537852,"chr19",53537444,53538957,"cg24766436_BC11","ICR_1135"
"6912","chr19",53537864,53537865,"chr19",53537444,53538957,"cg24766438_TC11","ICR_1135"
"6913","chr19",53537888,53537889,"chr19",53537444,53538957,"cg24766439_BC21","ICR_1135"
"6914","chr19",53537893,53537894,"chr19",53537444,53538957,"cg24766440_TC11","ICR_1135"
"6915","chr19",53537904,53537905,"chr19",53537444,53538957,"cg24766441_BC21","ICR_1135"
"6916","chr19",53537908,53537909,"chr19",53537444,53538957,"cg22475353_BC11","ICR_1135"
"6917","chr19",53537914,53537915,"chr19",53537444,53538957,"cg24766442_TC11","ICR_1135"
"6918","chr19",53537936,53537937,"chr19",53537444,53538957,"cg24766444_TC11","ICR_1135"
"6919","chr19",53537946,53537947,"chr19",53537444,53538957,"cg24766445_TC21","ICR_1135"
"6920","chr19",53537946,53537947,"chr19",53537444,53538957,"cg24766445_TC22","ICR_1135"
"6921","chr19",53537962,53537963,"chr19",53537444,53538957,"cg24766446_BO11","ICR_1135"
"6922","chr19",53537962,53537963,"chr19",53537444,53538957,"cg24766446_BO12","ICR_1135"
"6923","chr19",53537986,53537987,"chr19",53537444,53538957,"cg24766448_TC21","ICR_1135"
"6924","chr19",53537996,53537997,"chr19",53537444,53538957,"cg27296330_TC21","ICR_1135"
"6925","chr19",53538001,53538002,"chr19",53537444,53538957,"cg24766449_TC11","ICR_1135"
"6926","chr19",53538001,53538002,"chr19",53537444,53538957,"cg24766449_TC12","ICR_1135"
"6927","chr19",53538014,53538015,"chr19",53537444,53538957,"cg24766450_TC11","ICR_1135"
"6928","chr19",53538024,53538025,"chr19",53537444,53538957,"cg24766451_TC11","ICR_1135"
"6929","chr19",53538048,53538049,"chr19",53537444,53538957,"cg10023249_BC11","ICR_1135"
"6930","chr19",53538053,53538054,"chr19",53537444,53538957,"cg15607708_TC11","ICR_1135"
"6931","chr19",53538072,53538073,"chr19",53537444,53538957,"cg24766452_TC21","ICR_1135"
"6932","chr19",53538079,53538080,"chr19",53537444,53538957,"cg24766453_TC11","ICR_1135"
"6933","chr19",53538079,53538080,"chr19",53537444,53538957,"cg24766453_TC12","ICR_1135"
"6934","chr19",53538151,53538152,"chr19",53537444,53538957,"cg24766463_BC11","ICR_1135"
"6935","chr19",53538161,53538162,"chr19",53537444,53538957,"cg24766464_TC11","ICR_1135"
"6936","chr19",53538161,53538162,"chr19",53537444,53538957,"cg24766464_TC12","ICR_1135"
"6937","chr19",53538170,53538171,"chr19",53537444,53538957,"cg09204524_TC11","ICR_1135"
"6938","chr19",53538172,53538173,"chr19",53537444,53538957,"cg24766465_TC11","ICR_1135"
"6939","chr19",53538187,53538188,"chr19",53537444,53538957,"cg24766467_TO11","ICR_1135"
"6940","chr19",53538208,53538209,"chr19",53537444,53538957,"cg24766469_BO11","ICR_1135"
"6941","chr19",53538210,53538211,"chr19",53537444,53538957,"cg24766470_TO11","ICR_1135"
"6942","chr19",53538236,53538237,"chr19",53537444,53538957,"cg24766473_BC11","ICR_1135"
"6943","chr19",53538249,53538250,"chr19",53537444,53538957,"cg24766474_BC11","ICR_1135"
"6944","chr19",53538270,53538271,"chr19",53537444,53538957,"cg24766475_BC11","ICR_1135"
"6945","chr19",53538328,53538329,"chr19",53537444,53538957,"cg24766482_BO11","ICR_1135"
"6946","chr19",53538334,53538335,"chr19",53537444,53538957,"cg24766483_BO11","ICR_1135"
"6947","chr19",53538352,53538353,"chr19",53537444,53538957,"cg24766485_BC21","ICR_1135"
"6948","chr19",53538408,53538409,"chr19",53537444,53538957,"cg24766488_TC21","ICR_1135"
"6949","chr19",53538436,53538437,"chr19",53537444,53538957,"cg24766489_TC21","ICR_1135"
"6950","chr19",53538443,53538444,"chr19",53537444,53538957,"cg24766490_BC21","ICR_1135"
"6951","chr19",53538458,53538459,"chr19",53537444,53538957,"cg24766491_TC21","ICR_1135"
"6952","chr19",53538461,53538462,"chr19",53537444,53538957,"cg24766492_BC11","ICR_1135"
"6953","chr19",53538466,53538467,"chr19",53537444,53538957,"cg24766493_BC11","ICR_1135"
"6954","chr19",53538494,53538495,"chr19",53537444,53538957,"cg24766495_BC11","ICR_1135"
"6955","chr19",53538510,53538511,"chr19",53537444,53538957,"cg24766496_TC11","ICR_1135"
"6956","chr19",53538519,53538520,"chr19",53537444,53538957,"cg24766497_BC21","ICR_1135"
"6957","chr19",53538523,53538524,"chr19",53537444,53538957,"cg24766498_TC11","ICR_1135"
"6958","chr19",53538528,53538529,"chr19",53537444,53538957,"cg24766499_TC11","ICR_1135"
"6959","chr19",53538536,53538537,"chr19",53537444,53538957,"cg24766500_BC11","ICR_1135"
"6960","chr19",53538545,53538546,"chr19",53537444,53538957,"cg24766501_TC11","ICR_1135"
"6961","chr19",53538581,53538582,"chr19",53537444,53538957,"cg24766503_BC11","ICR_1135"
"6962","chr19",53538592,53538593,"chr19",53537444,53538957,"cg14593306_BC21","ICR_1135"
"6963","chr19",53538620,53538621,"chr19",53537444,53538957,"cg24766504_BC11","ICR_1135"
"6964","chr19",53538708,53538709,"chr19",53537444,53538957,"cg27357191_BC21","ICR_1135"
"6965","chr19",53538744,53538745,"chr19",53537444,53538957,"cg25409185_BC21","ICR_1135"
"6966","chr19",53538768,53538769,"chr19",53537444,53538957,"cg26549991_TC21","ICR_1135"
"6967","chr19",53538820,53538821,"chr19",53537444,53538957,"cg24766506_BC21","ICR_1135"
"6968","chr19",53538885,53538886,"chr19",53537444,53538957,"cg24766509_TC11","ICR_1135"
"6969","chr19",53538893,53538894,"chr19",53537444,53538957,"cg24766510_TC21","ICR_1135"
"6970","chr19",53538899,53538900,"chr19",53537444,53538957,"cg24766511_BC21","ICR_1135"
"6971","chr19",53538899,53538900,"chr19",53537444,53538957,"cg24766511_BC22","ICR_1135"
"6972","chr19",53538910,53538911,"chr19",53537444,53538957,"cg15545827_BC21","ICR_1135"
"6973","chr19",53538956,53538957,"chr19",53537444,53538957,"cg24766512_BC21","ICR_1135"
"6974","chr19",53553955,53553956,"chr19",53553905,53554999,"cg24766734_BC21","ICR_1136"
"6975","chr19",53553979,53553980,"chr19",53553905,53554999,"cg24766735_BC21","ICR_1136"
"6976","chr19",53553991,53553992,"chr19",53553905,53554999,"cg24766736_TC21","ICR_1136"
"6977","chr19",53554039,53554040,"chr19",53553905,53554999,"cg24766738_BC21","ICR_1136"
"6978","chr19",53554070,53554071,"chr19",53553905,53554999,"cg24766739_TC21","ICR_1136"
"6979","chr19",53554098,53554099,"chr19",53553905,53554999,"cg24766740_TC11","ICR_1136"
"6980","chr19",53554134,53554135,"chr19",53553905,53554999,"cg24766741_TC21","ICR_1136"
"6981","chr19",53554162,53554163,"chr19",53553905,53554999,"cg24766742_BC21","ICR_1136"
"6982","chr19",53554243,53554244,"chr19",53553905,53554999,"cg24766749_TO11","ICR_1136"
"6983","chr19",53554247,53554248,"chr19",53553905,53554999,"cg24766750_BO11","ICR_1136"
"6984","chr19",53554249,53554250,"chr19",53553905,53554999,"cg24766751_TO11","ICR_1136"
"6985","chr19",53554273,53554274,"chr19",53553905,53554999,"cg24766752_TO11","ICR_1136"
"6986","chr19",53554283,53554284,"chr19",53553905,53554999,"cg24766753_TC11","ICR_1136"
"6987","chr19",53554285,53554286,"chr19",53553905,53554999,"cg24766754_BC11","ICR_1136"
"6988","chr19",53554298,53554299,"chr19",53553905,53554999,"cg24766755_TC21","ICR_1136"
"6989","chr19",53554309,53554310,"chr19",53553905,53554999,"cg24766756_TC11","ICR_1136"
"6990","chr19",53554317,53554318,"chr19",53553905,53554999,"cg24766757_BC11","ICR_1136"
"6991","chr19",53554337,53554338,"chr19",53553905,53554999,"cg24766758_TC21","ICR_1136"
"6992","chr19",53554343,53554344,"chr19",53553905,53554999,"cg24766759_BC11","ICR_1136"
"6993","chr19",53554343,53554344,"chr19",53553905,53554999,"cg24766759_BC12","ICR_1136"
"6994","chr19",53554360,53554361,"chr19",53553905,53554999,"cg17223707_TC21","ICR_1136"
"6995","chr19",53554362,53554363,"chr19",53553905,53554999,"cg24766760_BC11","ICR_1136"
"6996","chr19",53554368,53554369,"chr19",53553905,53554999,"cg24766761_TC11","ICR_1136"
"6997","chr19",53554377,53554378,"chr19",53553905,53554999,"cg24766762_TC11","ICR_1136"
"6998","chr19",53554379,53554380,"chr19",53553905,53554999,"cg24766763_TO11","ICR_1136"
"6999","chr19",53554396,53554397,"chr19",53553905,53554999,"cg24766764_BC11","ICR_1136"
"7000","chr19",53554416,53554417,"chr19",53553905,53554999,"cg10823956_TC11","ICR_1136"
"7001","chr19",53554424,53554425,"chr19",53553905,53554999,"cg24766765_BC11","ICR_1136"
"7002","chr19",53554429,53554430,"chr19",53553905,53554999,"cg24766766_TC11","ICR_1136"
"7003","chr19",53554448,53554449,"chr19",53553905,53554999,"cg24766767_TC11","ICR_1136"
"7004","chr19",53554450,53554451,"chr19",53553905,53554999,"cg19696891_BC11","ICR_1136"
"7005","chr19",53554488,53554489,"chr19",53553905,53554999,"cg24766772_BO11","ICR_1136"
"7006","chr19",53554503,53554504,"chr19",53553905,53554999,"cg24766775_TO11","ICR_1136"
"7007","chr19",53554547,53554548,"chr19",53553905,53554999,"cg24766778_BC11","ICR_1136"
"7008","chr19",53554547,53554548,"chr19",53553905,53554999,"cg24766778_BC12","ICR_1136"
"7009","chr19",53554557,53554558,"chr19",53553905,53554999,"cg22815181_BC11","ICR_1136"
"7010","chr19",53554566,53554567,"chr19",53553905,53554999,"cg20189116_TC11","ICR_1136"
"7011","chr19",53554568,53554569,"chr19",53553905,53554999,"cg24766779_BC11","ICR_1136"
"7012","chr19",53554571,53554572,"chr19",53553905,53554999,"cg24766780_TC11","ICR_1136"
"7013","chr19",53554584,53554585,"chr19",53553905,53554999,"cg24766781_TO11","ICR_1136"
"7014","chr19",53554597,53554598,"chr19",53553905,53554999,"cg24766782_TC11","ICR_1136"
"7015","chr19",53554611,53554612,"chr19",53553905,53554999,"cg24766784_TO11","ICR_1136"
"7016","chr19",53554633,53554634,"chr19",53553905,53554999,"cg10410239_BC11","ICR_1136"
"7017","chr19",53554639,53554640,"chr19",53553905,53554999,"cg24766785_TC11","ICR_1136"
"7018","chr19",53554655,53554656,"chr19",53553905,53554999,"cg24766786_BC11","ICR_1136"
"7019","chr19",53554667,53554668,"chr19",53553905,53554999,"cg24766787_TC11","ICR_1136"
"7020","chr19",53554749,53554750,"chr19",53553905,53554999,"cg24766795_TC11","ICR_1136"
"7021","chr19",53554777,53554778,"chr19",53553905,53554999,"cg24766796_BC11","ICR_1136"
"7022","chr19",53554783,53554784,"chr19",53553905,53554999,"cg24766797_BO11","ICR_1136"
"7023","chr19",53554817,53554818,"chr19",53553905,53554999,"cg24766798_BC11","ICR_1136"
"7024","chr19",53554833,53554834,"chr19",53553905,53554999,"cg24766799_BC11","ICR_1136"
"7025","chr19",53554840,53554841,"chr19",53553905,53554999,"cg24766800_BC11","ICR_1136"
"7026","chr19",53554855,53554856,"chr19",53553905,53554999,"cg24766801_BO11","ICR_1136"
"7027","chr19",53554863,53554864,"chr19",53553905,53554999,"cg24766802_TO11","ICR_1136"
"7028","chr19",53554891,53554892,"chr19",53553905,53554999,"cg24766804_BC11","ICR_1136"
"7029","chr19",53554913,53554914,"chr19",53553905,53554999,"cg24766805_BC21","ICR_1136"
"7030","chr19",53554916,53554917,"chr19",53553905,53554999,"cg24766806_BC11","ICR_1136"
"7031","chr19",53554925,53554926,"chr19",53553905,53554999,"cg24766807_BO11","ICR_1136"
"7032","chr19",53554933,53554934,"chr19",53553905,53554999,"cg24766808_BC11","ICR_1136"
"7033","chr19",53554942,53554943,"chr19",53553905,53554999,"cg24766809_TC11","ICR_1136"
"7034","chr19",53554971,53554972,"chr19",53553905,53554999,"cg24766810_TC11","ICR_1136"
"7035","chr19",53554983,53554984,"chr19",53553905,53554999,"cg24766812_BC21","ICR_1136"
"7036","chr19",53554989,53554990,"chr19",53553905,53554999,"cg24766813_BC11","ICR_1136"
"7037","chr19",53554989,53554990,"chr19",53553905,53554999,"cg24766813_BC12","ICR_1136"
"7038","chr19",53554998,53554999,"chr19",53553905,53554999,"cg24766814_BC11","ICR_1136"
"7039","chr19",55444309,55444310,"chr19",55444224,55444310,"cg24806792_TC21","ICR_1138"
"7040","chr19",55493631,55493632,"chr19",55493631,55493692,"cg24808526_TO11","ICR_1139"
"7041","chr19",55493637,55493638,"chr19",55493631,55493692,"cg24808527_BO11","ICR_1139"
"7042","chr19",55493688,55493689,"chr19",55493631,55493692,"cg24808534_TC11","ICR_1139"
"7043","chr19",55493691,55493692,"chr19",55493631,55493692,"cg24808535_TC11","ICR_1139"
"7044","chr19",55545910,55545911,"chr19",55545890,55546024,"cg23034487_BC11","ICR_1140"
"7045","chr19",56478787,56478788,"chr19",56478787,56479078,"cg24827616_BC21","ICR_1141"
"7046","chr19",56478799,56478800,"chr19",56478787,56479078,"cg24827617_TC21","ICR_1141"
"7047","chr19",56478881,56478882,"chr19",56478787,56479078,"cg24827618_TO11","ICR_1141"
"7048","chr19",56478889,56478890,"chr19",56478787,56479078,"cg24827619_TO11","ICR_1141"
"7049","chr19",56478897,56478898,"chr19",56478787,56479078,"cg24827621_TO11","ICR_1141"
"7050","chr19",56479002,56479003,"chr19",56478787,56479078,"cg24827627_TC21","ICR_1141"
"7051","chr19",56837319,56837320,"chr19",56837319,56841439,"cg24831995_TO11","ICR_1142"
"7052","chr19",56837351,56837352,"chr19",56837319,56841439,"cg24831996_TC21","ICR_1142"
"7053","chr19",56837476,56837477,"chr19",56837319,56841439,"cg24831997_BC21","ICR_1142"
"7054","chr19",56837539,56837540,"chr19",56837319,56841439,"cg24831998_TC21","ICR_1142"
"7055","chr19",56837550,56837551,"chr19",56837319,56841439,"cg24832000_TC11","ICR_1142"
"7056","chr19",56837566,56837567,"chr19",56837319,56841439,"cg24832001_BC21","ICR_1142"
"7057","chr19",56837587,56837588,"chr19",56837319,56841439,"cg24832002_BC11","ICR_1142"
"7058","chr19",56837622,56837623,"chr19",56837319,56841439,"cg24832004_TC11","ICR_1142"
"7059","chr19",56837644,56837645,"chr19",56837319,56841439,"cg24832005_TC21","ICR_1142"
"7060","chr19",56837657,56837658,"chr19",56837319,56841439,"cg24832006_TC21","ICR_1142"
"7061","chr19",56837659,56837660,"chr19",56837319,56841439,"cg24832007_TC21","ICR_1142"
"7062","chr19",56837701,56837702,"chr19",56837319,56841439,"cg24832008_BC21","ICR_1142"
"7063","chr19",56837730,56837731,"chr19",56837319,56841439,"cg24832009_TC21","ICR_1142"
"7064","chr19",56837738,56837739,"chr19",56837319,56841439,"cg24832010_TC21","ICR_1142"
"7065","chr19",56837801,56837802,"chr19",56837319,56841439,"cg24832011_BC11","ICR_1142"
"7066","chr19",56837807,56837808,"chr19",56837319,56841439,"cg24832012_TC21","ICR_1142"
"7067","chr19",56837829,56837830,"chr19",56837319,56841439,"cg24832013_TC11","ICR_1142"
"7068","chr19",56837835,56837836,"chr19",56837319,56841439,"cg15473155_BC11","ICR_1142"
"7069","chr19",56837846,56837847,"chr19",56837319,56841439,"cg24832014_BC11","ICR_1142"
"7070","chr19",56837863,56837864,"chr19",56837319,56841439,"cg24832015_BC21","ICR_1142"
"7071","chr19",56837872,56837873,"chr19",56837319,56841439,"cg24832016_BC21","ICR_1142"
"7072","chr19",56837872,56837873,"chr19",56837319,56841439,"cg24832016_BC22","ICR_1142"
"7073","chr19",56837887,56837888,"chr19",56837319,56841439,"cg24832017_BC21","ICR_1142"
"7074","chr19",56837915,56837916,"chr19",56837319,56841439,"cg24832018_TC21","ICR_1142"
"7075","chr19",56837926,56837927,"chr19",56837319,56841439,"cg24832019_TC21","ICR_1142"
"7076","chr19",56837941,56837942,"chr19",56837319,56841439,"cg24832020_TC11","ICR_1142"
"7077","chr19",56838019,56838020,"chr19",56837319,56841439,"cg24832021_BC21","ICR_1142"
"7078","chr19",56838117,56838118,"chr19",56837319,56841439,"cg24832023_BC21","ICR_1142"
"7079","chr19",56838117,56838118,"chr19",56837319,56841439,"cg24832023_BC22","ICR_1142"
"7080","chr19",56838134,56838135,"chr19",56837319,56841439,"cg24832024_BC21","ICR_1142"
"7081","chr19",56838159,56838160,"chr19",56837319,56841439,"cg24832025_BC21","ICR_1142"
"7082","chr19",56838215,56838216,"chr19",56837319,56841439,"cg24832026_BC21","ICR_1142"
"7083","chr19",56838259,56838260,"chr19",56837319,56841439,"cg24832027_TC11","ICR_1142"
"7084","chr19",56838334,56838335,"chr19",56837319,56841439,"cg24832029_BC21","ICR_1142"
"7085","chr19",56838340,56838341,"chr19",56837319,56841439,"cg17663463_TC21","ICR_1142"
"7086","chr19",56838340,56838341,"chr19",56837319,56841439,"cg17663463_TC22","ICR_1142"
"7087","chr19",56838385,56838386,"chr19",56837319,56841439,"cg24832032_BO11","ICR_1142"
"7088","chr19",56838446,56838447,"chr19",56837319,56841439,"cg19771589_BC21","ICR_1142"
"7089","chr19",56838452,56838453,"chr19",56837319,56841439,"cg24832035_BC11","ICR_1142"
"7090","chr19",56838472,56838473,"chr19",56837319,56841439,"cg24832036_TC11","ICR_1142"
"7091","chr19",56838520,56838521,"chr19",56837319,56841439,"cg24832040_BC21","ICR_1142"
"7092","chr19",56838547,56838548,"chr19",56837319,56841439,"cg24832042_BC21","ICR_1142"
"7093","chr19",56838611,56838612,"chr19",56837319,56841439,"cg24832043_TC11","ICR_1142"
"7094","chr19",56838629,56838630,"chr19",56837319,56841439,"cg24832044_TC11","ICR_1142"
"7095","chr19",56838633,56838634,"chr19",56837319,56841439,"cg24832045_BC11","ICR_1142"
"7096","chr19",56838646,56838647,"chr19",56837319,56841439,"cg24832046_TC11","ICR_1142"
"7097","chr19",56838676,56838677,"chr19",56837319,56841439,"cg24832047_BC11","ICR_1142"
"7098","chr19",56838678,56838679,"chr19",56837319,56841439,"cg24832048_BC21","ICR_1142"
"7099","chr19",56838682,56838683,"chr19",56837319,56841439,"cg24832049_TC11","ICR_1142"
"7100","chr19",56838705,56838706,"chr19",56837319,56841439,"cg24832050_TC21","ICR_1142"
"7101","chr19",56838705,56838706,"chr19",56837319,56841439,"cg24832050_TC22","ICR_1142"
"7102","chr19",56838712,56838713,"chr19",56837319,56841439,"cg24832051_BC21","ICR_1142"
"7103","chr19",56838764,56838765,"chr19",56837319,56841439,"cg24832052_TC21","ICR_1142"
"7104","chr19",56838791,56838792,"chr19",56837319,56841439,"cg24832054_TC21","ICR_1142"
"7105","chr19",56838815,56838816,"chr19",56837319,56841439,"cg24832055_BO11","ICR_1142"
"7106","chr19",56838815,56838816,"chr19",56837319,56841439,"cg24832055_BO12","ICR_1142"
"7107","chr19",56838839,56838840,"chr19",56837319,56841439,"cg24832056_BO11","ICR_1142"
"7108","chr19",56838887,56838888,"chr19",56837319,56841439,"cg24832059_BO11","ICR_1142"
"7109","chr19",56838923,56838924,"chr19",56837319,56841439,"cg27519373_BC21","ICR_1142"
"7110","chr19",56838944,56838945,"chr19",56837319,56841439,"cg18516833_TC11","ICR_1142"
"7111","chr19",56839003,56839004,"chr19",56837319,56841439,"cg24832066_BC11","ICR_1142"
"7112","chr19",56839018,56839019,"chr19",56837319,56841439,"cg24832069_TC11","ICR_1142"
"7113","chr19",56839050,56839051,"chr19",56837319,56841439,"cg24832070_BC11","ICR_1142"
"7114","chr19",56839074,56839075,"chr19",56837319,56841439,"cg24832073_BC11","ICR_1142"
"7115","chr19",56839094,56839095,"chr19",56837319,56841439,"cg24832074_BC21","ICR_1142"
"7116","chr19",56839100,56839101,"chr19",56837319,56841439,"cg24832075_TC21","ICR_1142"
"7117","chr19",56839201,56839202,"chr19",56837319,56841439,"cg24832076_TC11","ICR_1142"
"7118","chr19",56839238,56839239,"chr19",56837319,56841439,"cg24832077_TC21","ICR_1142"
"7119","chr19",56839238,56839239,"chr19",56837319,56841439,"cg24832077_TC22","ICR_1142"
"7120","chr19",56839284,56839285,"chr19",56837319,56841439,"cg24832078_BC21","ICR_1142"
"7121","chr19",56839339,56839340,"chr19",56837319,56841439,"cg24832080_TC21","ICR_1142"
"7122","chr19",56839410,56839411,"chr19",56837319,56841439,"cg24832081_TC21","ICR_1142"
"7123","chr19",56839418,56839419,"chr19",56837319,56841439,"cg24832082_BC21","ICR_1142"
"7124","chr19",56839514,56839515,"chr19",56837319,56841439,"cg24832084_TC21","ICR_1142"
"7125","chr19",56839514,56839515,"chr19",56837319,56841439,"cg24832084_TC22","ICR_1142"
"7126","chr19",56839548,56839549,"chr19",56837319,56841439,"cg24832085_TC21","ICR_1142"
"7127","chr19",56839556,56839557,"chr19",56837319,56841439,"cg24832086_BC21","ICR_1142"
"7128","chr19",56839560,56839561,"chr19",56837319,56841439,"cg24832087_BC21","ICR_1142"
"7129","chr19",56839603,56839604,"chr19",56837319,56841439,"cg24832088_TC21","ICR_1142"
"7130","chr19",56839615,56839616,"chr19",56837319,56841439,"cg24832089_BC11","ICR_1142"
"7131","chr19",56839634,56839635,"chr19",56837319,56841439,"cg24832090_BC21","ICR_1142"
"7132","chr19",56839741,56839742,"chr19",56837319,56841439,"cg24832093_TC21","ICR_1142"
"7133","chr19",56839741,56839742,"chr19",56837319,56841439,"cg24832093_TC22","ICR_1142"
"7134","chr19",56839772,56839773,"chr19",56837319,56841439,"cg24832094_BC21","ICR_1142"
"7135","chr19",56839838,56839839,"chr19",56837319,56841439,"cg24832097_BC21","ICR_1142"
"7136","chr19",56839844,56839845,"chr19",56837319,56841439,"cg20897667_TC21","ICR_1142"
"7137","chr19",56839878,56839879,"chr19",56837319,56841439,"cg24832098_TC21","ICR_1142"
"7138","chr19",56839890,56839891,"chr19",56837319,56841439,"cg24832099_TC21","ICR_1142"
"7139","chr19",56839915,56839916,"chr19",56837319,56841439,"cg24832100_TC11","ICR_1142"
"7140","chr19",56839931,56839932,"chr19",56837319,56841439,"cg24832101_BC11","ICR_1142"
"7141","chr19",56839949,56839950,"chr19",56837319,56841439,"cg24832102_TC11","ICR_1142"
"7142","chr19",56839961,56839962,"chr19",56837319,56841439,"cg24832103_BO11","ICR_1142"
"7143","chr19",56839997,56839998,"chr19",56837319,56841439,"cg24832104_BC11","ICR_1142"
"7144","chr19",56840054,56840055,"chr19",56837319,56841439,"cg24832108_TO11","ICR_1142"
"7145","chr19",56840057,56840058,"chr19",56837319,56841439,"cg24832109_TO11","ICR_1142"
"7146","chr19",56840071,56840072,"chr19",56837319,56841439,"cg22354595_TC21","ICR_1142"
"7147","chr19",56840082,56840083,"chr19",56837319,56841439,"cg24832113_TC21","ICR_1142"
"7148","chr19",56840100,56840101,"chr19",56837319,56841439,"cg24832114_BC21","ICR_1142"
"7149","chr19",56840145,56840146,"chr19",56837319,56841439,"cg24832116_TC11","ICR_1142"
"7150","chr19",56840155,56840156,"chr19",56837319,56841439,"cg24832118_TO11","ICR_1142"
"7151","chr19",56840181,56840182,"chr19",56837319,56841439,"cg24832119_BC21","ICR_1142"
"7152","chr19",56840199,56840200,"chr19",56837319,56841439,"cg24832120_BC21","ICR_1142"
"7153","chr19",56840213,56840214,"chr19",56837319,56841439,"cg24832121_BC21","ICR_1142"
"7154","chr19",56840271,56840272,"chr19",56837319,56841439,"cg24832125_BC11","ICR_1142"
"7155","chr19",56840273,56840274,"chr19",56837319,56841439,"cg19335327_TC21","ICR_1142"
"7156","chr19",56840302,56840303,"chr19",56837319,56841439,"cg24832126_BO11","ICR_1142"
"7157","chr19",56840317,56840318,"chr19",56837319,56841439,"cg24832127_BC11","ICR_1142"
"7158","chr19",56840317,56840318,"chr19",56837319,56841439,"cg24832127_BC12","ICR_1142"
"7159","chr19",56840326,56840327,"chr19",56837319,56841439,"cg24832128_BC21","ICR_1142"
"7160","chr19",56840336,56840337,"chr19",56837319,56841439,"cg24832129_BC11","ICR_1142"
"7161","chr19",56840343,56840344,"chr19",56837319,56841439,"cg24832130_BC11","ICR_1142"
"7162","chr19",56840388,56840389,"chr19",56837319,56841439,"cg24832131_TC11","ICR_1142"
"7163","chr19",56840418,56840419,"chr19",56837319,56841439,"cg24832133_BC11","ICR_1142"
"7164","chr19",56840422,56840423,"chr19",56837319,56841439,"cg14849423_TC21","ICR_1142"
"7165","chr19",56840439,56840440,"chr19",56837319,56841439,"cg24832134_TO11","ICR_1142"
"7166","chr19",56840572,56840573,"chr19",56837319,56841439,"cg24832152_TC11","ICR_1142"
"7167","chr19",56840645,56840646,"chr19",56837319,56841439,"cg15777825_BC11","ICR_1142"
"7168","chr19",56840649,56840650,"chr19",56837319,56841439,"cg10204755_TC11","ICR_1142"
"7169","chr19",56840652,56840653,"chr19",56837319,56841439,"cg12205903_TC11","ICR_1142"
"7170","chr19",56840705,56840706,"chr19",56837319,56841439,"cg26349266_TC11","ICR_1142"
"7171","chr19",56840743,56840744,"chr19",56837319,56841439,"cg24832165_BO11","ICR_1142"
"7172","chr19",56840773,56840774,"chr19",56837319,56841439,"cg13960339_BC21","ICR_1142"
"7173","chr19",56840807,56840808,"chr19",56837319,56841439,"cg13369939_BC11","ICR_1142"
"7174","chr19",56840807,56840808,"chr19",56837319,56841439,"cg13369939_BC12","ICR_1142"
"7175","chr19",56840881,56840882,"chr19",56837319,56841439,"cg24832168_TC21","ICR_1142"
"7176","chr19",56840883,56840884,"chr19",56837319,56841439,"cg22294267_BC11","ICR_1142"
"7177","chr19",56840883,56840884,"chr19",56837319,56841439,"cg22294267_BC12","ICR_1142"
"7178","chr19",56840900,56840901,"chr19",56837319,56841439,"cg19098268_BC21","ICR_1142"
"7179","chr19",56840914,56840915,"chr19",56837319,56841439,"cg24832169_BC21","ICR_1142"
"7180","chr19",56840993,56840994,"chr19",56837319,56841439,"cg24832170_TC21","ICR_1142"
"7181","chr19",56841034,56841035,"chr19",56837319,56841439,"cg24832171_BC21","ICR_1142"
"7182","chr19",56841096,56841097,"chr19",56837319,56841439,"cg24844423_TC21","ICR_1142"
"7183","chr19",56841116,56841117,"chr19",56837319,56841439,"cg24832172_BC21","ICR_1142"
"7184","chr19",56841150,56841151,"chr19",56837319,56841439,"cg15678121_BC21","ICR_1142"
"7185","chr19",56841173,56841174,"chr19",56837319,56841439,"cg12032885_BC11","ICR_1142"
"7186","chr19",56841215,56841216,"chr19",56837319,56841439,"cg25458871_BC21","ICR_1142"
"7187","chr19",56841272,56841273,"chr19",56837319,56841439,"cg24832173_BC11","ICR_1142"
"7188","chr19",56841288,56841289,"chr19",56837319,56841439,"cg18668753_BC21","ICR_1142"
"7189","chr19",56841296,56841297,"chr19",56837319,56841439,"cg24832174_TC21","ICR_1142"
"7190","chr19",56841303,56841304,"chr19",56837319,56841439,"cg24832175_TC21","ICR_1142"
"7191","chr19",56841317,56841318,"chr19",56837319,56841439,"cg18706888_BC21","ICR_1142"
"7192","chr19",56841364,56841365,"chr19",56837319,56841439,"cg24832176_TC21","ICR_1142"
"7193","chr19",56841377,56841378,"chr19",56837319,56841439,"cg18644235_BC21","ICR_1142"
"7194","chr19",56841416,56841417,"chr19",56837319,56841439,"cg13374648_BC21","ICR_1142"
"7195","chr19",56841438,56841439,"chr19",56837319,56841439,"cg26917367_TC21","ICR_1142"
"7196","chr19",56942839,56942840,"chr19",56942839,56943184,"cg24833435_TC21","ICR_1143"
"7197","chr19",56942873,56942874,"chr19",56942839,56943184,"cg24833436_BC21","ICR_1143"
"7198","chr19",56942948,56942949,"chr19",56942839,56943184,"cg24833443_TC11","ICR_1143"
"7199","chr19",56942952,56942953,"chr19",56942839,56943184,"cg24833444_BC11","ICR_1143"
"7200","chr19",56942972,56942973,"chr19",56942839,56943184,"cg24833445_BC11","ICR_1143"
"7201","chr19",56942975,56942976,"chr19",56942839,56943184,"cg24833446_TC21","ICR_1143"
"7202","chr19",56942977,56942978,"chr19",56942839,56943184,"cg24833447_TC21","ICR_1143"
"7203","chr19",56942981,56942982,"chr19",56942839,56943184,"cg24833448_TC21","ICR_1143"
"7204","chr19",56943098,56943099,"chr19",56942839,56943184,"cg24833449_BC21","ICR_1143"
"7205","chr19",56943183,56943184,"chr19",56942839,56943184,"cg24833450_TC21","ICR_1143"
"7206","chr19",57708234,57708235,"chr19",57708234,57708333,"cg24843939_BO11","ICR_1144"
"7207","chr19",57708288,57708289,"chr19",57708234,57708333,"cg24843940_TC21","ICR_1144"
"7208","chr19",57708294,57708295,"chr19",57708234,57708333,"cg24843941_TO11","ICR_1144"
"7209","chr19",57708304,57708305,"chr19",57708234,57708333,"cg24843942_TO11","ICR_1144"
"7210","chr19",57708332,57708333,"chr19",57708234,57708333,"cg24843943_TC21","ICR_1144"
"7211","chr19",58329075,58329076,"chr19",58329075,58329167,"cg24854867_BO11","ICR_1145"
"7212","chr19",58329084,58329085,"chr19",58329075,58329167,"cg24854868_TC21","ICR_1145"
"7213","chr19",58329098,58329099,"chr19",58329075,58329167,"cg24854869_TC21","ICR_1145"
"7214","chr19",58329163,58329164,"chr19",58329075,58329167,"cg24854871_BC11","ICR_1145"
"7215","chr19",58329166,58329167,"chr19",58329075,58329167,"cg24854872_TC11","ICR_1145"
"7216","chr19",58357063,58357064,"chr19",58357063,58357218,"cg24855627_TO11","ICR_1146"
"7217","chr19",58357079,58357080,"chr19",58357063,58357218,"cg24855628_BC11","ICR_1146"
"7218","chr19",58357110,58357111,"chr19",58357063,58357218,"cg24855629_BC21","ICR_1146"
"7219","chr19",58357116,58357117,"chr19",58357063,58357218,"cg24855630_TC21","ICR_1146"
"7220","chr19",58357118,58357119,"chr19",58357063,58357218,"cg12449896_BC21","ICR_1146"
"7221","chr19",58357120,58357121,"chr19",58357063,58357218,"cg24855631_BC11","ICR_1146"
"7222","chr19",58357133,58357134,"chr19",58357063,58357218,"cg24855632_BC11","ICR_1146"
"7223","chr19",58357148,58357149,"chr19",58357063,58357218,"cg24855633_TO11","ICR_1146"
"7224","chr19",58367654,58367655,"chr19",58367654,58367750,"cg09594291_TC21","ICR_1147"
"7225","chr19",58367669,58367670,"chr19",58367654,58367750,"cg24856014_TO11","ICR_1147"
"7226","chr19",58367691,58367692,"chr19",58367654,58367750,"cg24052338_TC21","ICR_1147"
"7227","chr19",58367700,58367701,"chr19",58367654,58367750,"cg24856015_TC11","ICR_1147"
"7228","chr19",58367708,58367709,"chr19",58367654,58367750,"cg24856016_BC11","ICR_1147"
"7229","chr19",58367918,58367919,"chr19",58367875,58368275,"cg24856049_TC11","ICR_1148"
"7230","chr19",58368036,58368037,"chr19",58367875,58368275,"cg24856067_TO11","ICR_1148"
"7231","chr19",58368040,58368041,"chr19",58367875,58368275,"cg24856068_BO11","ICR_1148"
"7232","chr19",58368072,58368073,"chr19",58367875,58368275,"cg24856070_TC11","ICR_1148"
"7233","chr19",58368074,58368075,"chr19",58367875,58368275,"cg24856071_TO11","ICR_1148"
"7234","chr19",58368086,58368087,"chr19",58367875,58368275,"cg24856072_BC11","ICR_1148"
"7235","chr19",58368100,58368101,"chr19",58367875,58368275,"cg24856073_TC11","ICR_1148"
"7236","chr19",58368109,58368110,"chr19",58367875,58368275,"cg24856074_BC11","ICR_1148"
"7237","chr19",58368120,58368121,"chr19",58367875,58368275,"cg24856075_TC11","ICR_1148"
"7238","chr19",58368124,58368125,"chr19",58367875,58368275,"cg24856076_BC11","ICR_1148"
"7239","chr19",58368143,58368144,"chr19",58367875,58368275,"cg24856077_BC11","ICR_1148"
"7240","chr19",58368170,58368171,"chr19",58367875,58368275,"cg24856081_TC11","ICR_1148"
"7241","chr19",58368236,58368237,"chr19",58367875,58368275,"cg24856091_TC11","ICR_1148"
"7242","chr19",58368236,58368237,"chr19",58367875,58368275,"cg24856091_TC12","ICR_1148"
"7243","chr20",890831,890832,"chr20",890831,892113,"cg24873396_BC21","ICR_1149"
"7244","chr20",890906,890907,"chr20",890831,892113,"cg24873398_TO11","ICR_1149"
"7245","chr20",891114,891115,"chr20",890831,892113,"cg24873399_BC21","ICR_1149"
"7246","chr20",891114,891115,"chr20",890831,892113,"cg24873399_BC22","ICR_1149"
"7247","chr20",891116,891117,"chr20",890831,892113,"cg24873400_TC21","ICR_1149"
"7248","chr20",891165,891166,"chr20",890831,892113,"cg24873401_BC21","ICR_1149"
"7249","chr20",891165,891166,"chr20",890831,892113,"cg24873401_BC22","ICR_1149"
"7250","chr20",891807,891808,"chr20",890831,892113,"cg24873405_TC21","ICR_1149"
"7251","chr20",891821,891822,"chr20",890831,892113,"cg24873406_TC21","ICR_1149"
"7252","chr20",891916,891917,"chr20",890831,892113,"cg24873407_BC21","ICR_1149"
"7253","chr20",1874500,1874501,"chr20",1874500,1874963,"cg24883014_BC21","ICR_1150"
"7254","chr20",1874500,1874501,"chr20",1874500,1874963,"cg24883014_BC22","ICR_1150"
"7255","chr20",1874562,1874563,"chr20",1874500,1874963,"cg24883015_TC21","ICR_1150"
"7256","chr20",1874562,1874563,"chr20",1874500,1874963,"cg24883015_TC22","ICR_1150"
"7257","chr20",1874689,1874690,"chr20",1874500,1874963,"cg24883018_TC11","ICR_1150"
"7258","chr20",1874689,1874690,"chr20",1874500,1874963,"cg24883018_TC12","ICR_1150"
"7259","chr20",1874709,1874710,"chr20",1874500,1874963,"cg24883019_BC11","ICR_1150"
"7260","chr20",1874709,1874710,"chr20",1874500,1874963,"cg24883019_BC12","ICR_1150"
"7261","chr20",1874723,1874724,"chr20",1874500,1874963,"cg24883020_BC11","ICR_1150"
"7262","chr20",1874723,1874724,"chr20",1874500,1874963,"cg24883020_BC12","ICR_1150"
"7263","chr20",1874750,1874751,"chr20",1874500,1874963,"cg24883022_TC11","ICR_1150"
"7264","chr20",1874771,1874772,"chr20",1874500,1874963,"cg24883023_BC21","ICR_1150"
"7265","chr20",1874800,1874801,"chr20",1874500,1874963,"cg27400424_TC21","ICR_1150"
"7266","chr20",1874848,1874849,"chr20",1874500,1874963,"cg24883024_BC21","ICR_1150"
"7267","chr20",1874887,1874888,"chr20",1874500,1874963,"cg24883025_TC21","ICR_1150"
"7268","chr20",1874962,1874963,"chr20",1874500,1874963,"cg24883026_TC21","ICR_1150"
"7269","chr20",2754863,2754864,"chr20",2754761,2755675,"cg24894032_BC21","ICR_1151"
"7270","chr20",2755168,2755169,"chr20",2754761,2755675,"cg24894033_BC21","ICR_1151"
"7271","chr20",2755428,2755429,"chr20",2754761,2755675,"cg24894034_BC21","ICR_1151"
"7272","chr20",2755448,2755449,"chr20",2754761,2755675,"cg24894035_BC21","ICR_1151"
"7273","chr20",2755650,2755651,"chr20",2754761,2755675,"cg24894040_TC11","ICR_1151"
"7274","chr20",2755650,2755651,"chr20",2754761,2755675,"cg24894040_TC12","ICR_1151"
"7275","chr20",4248114,4248115,"chr20",4248056,4248319,"cg24917042_TC11","ICR_1152"
"7276","chr20",4248128,4248129,"chr20",4248056,4248319,"cg24917045_BC11","ICR_1152"
"7277","chr20",4248128,4248129,"chr20",4248056,4248319,"cg24917045_BC12","ICR_1152"
"7278","chr20",4248130,4248131,"chr20",4248056,4248319,"cg24917046_TC11","ICR_1152"
"7279","chr20",4248179,4248180,"chr20",4248056,4248319,"cg24917049_TC11","ICR_1152"
"7280","chr20",4248242,4248243,"chr20",4248056,4248319,"cg24917056_BC11","ICR_1152"
"7281","chr20",4248314,4248315,"chr20",4248056,4248319,"cg24917060_BO11","ICR_1152"
"7282","chr20",4248318,4248319,"chr20",4248056,4248319,"cg24917061_BC11","ICR_1152"
"7283","chr20",8133536,8133537,"chr20",8133536,8134006,"cg24950543_BC21","ICR_1153"
"7284","chr20",8133562,8133563,"chr20",8133536,8134006,"cg24950546_TC11","ICR_1153"
"7285","chr20",8133562,8133563,"chr20",8133536,8134006,"cg24950546_TC12","ICR_1153"
"7286","chr20",8133626,8133627,"chr20",8133536,8134006,"cg24950547_TC21","ICR_1153"
"7287","chr20",8133655,8133656,"chr20",8133536,8134006,"cg24950548_TC21","ICR_1153"
"7288","chr20",8133655,8133656,"chr20",8133536,8134006,"cg24950548_TC22","ICR_1153"
"7289","chr20",8133663,8133664,"chr20",8133536,8134006,"cg24950549_BC21","ICR_1153"
"7290","chr20",8133663,8133664,"chr20",8133536,8134006,"cg24950549_BC22","ICR_1153"
"7291","chr20",8133718,8133719,"chr20",8133536,8134006,"cg24950550_TC21","ICR_1153"
"7292","chr20",8133746,8133747,"chr20",8133536,8134006,"cg24950551_BC11","ICR_1153"
"7293","chr20",8133746,8133747,"chr20",8133536,8134006,"cg24950551_BC12","ICR_1153"
"7294","chr20",8133838,8133839,"chr20",8133536,8134006,"cg24950553_BO11","ICR_1153"
"7295","chr20",8133974,8133975,"chr20",8133536,8134006,"cg24950554_TC21","ICR_1153"
"7296","chr20",8134005,8134006,"chr20",8133536,8134006,"cg24950555_TC21","ICR_1153"
"7297","chr20",18504462,18504463,"chr20",18504462,18504631,"cg25030171_BC21","ICR_1154"
"7298","chr20",18504560,18504561,"chr20",18504462,18504631,"cg25030173_BC21","ICR_1154"
"7299","chr20",18504580,18504581,"chr20",18504462,18504631,"cg25030175_BC11","ICR_1154"
"7300","chr20",18504580,18504581,"chr20",18504462,18504631,"cg25030175_BC12","ICR_1154"
"7301","chr20",18504590,18504591,"chr20",18504462,18504631,"cg25030176_BC11","ICR_1154"
"7302","chr20",18504617,18504618,"chr20",18504462,18504631,"cg25030177_BC11","ICR_1154"
"7303","chr20",18504617,18504618,"chr20",18504462,18504631,"cg25030177_BC12","ICR_1154"
"7304","chr20",18504619,18504620,"chr20",18504462,18504631,"cg25030178_TC11","ICR_1154"
"7305","chr20",18504626,18504627,"chr20",18504462,18504631,"cg25030179_TC11","ICR_1154"
"7306","chr20",18504630,18504631,"chr20",18504462,18504631,"cg25030180_TC21","ICR_1154"
"7307","chr20",23164172,23164173,"chr20",23164172,23164463,"cg25074706_BC21","ICR_1155"
"7308","chr20",23164266,23164267,"chr20",23164172,23164463,"cg25074707_TC21","ICR_1155"
"7309","chr20",23164273,23164274,"chr20",23164172,23164463,"cg25074708_BC21","ICR_1155"
"7310","chr20",23164273,23164274,"chr20",23164172,23164463,"cg25074708_BC22","ICR_1155"
"7311","chr20",23164329,23164330,"chr20",23164172,23164463,"cg25074710_TC21","ICR_1155"
"7312","chr20",23164377,23164378,"chr20",23164172,23164463,"cg25074711_BC21","ICR_1155"
"7313","chr20",23164377,23164378,"chr20",23164172,23164463,"cg25074711_BC22","ICR_1155"
"7314","chr20",23164393,23164394,"chr20",23164172,23164463,"cg25074712_TC21","ICR_1155"
"7315","chr20",23164393,23164394,"chr20",23164172,23164463,"cg25074712_TC22","ICR_1155"
"7316","chr20",23164419,23164420,"chr20",23164172,23164463,"cg25074714_TC21","ICR_1155"
"7317","chr20",23164456,23164457,"chr20",23164172,23164463,"cg25074715_TC21","ICR_1155"
"7318","chr20",25751202,25751203,"chr20",25751202,25751633,"cg25103794_BC21","ICR_1156"
"7319","chr20",25751274,25751275,"chr20",25751202,25751633,"cg25103795_TC21","ICR_1156"
"7320","chr20",25751274,25751275,"chr20",25751202,25751633,"cg25103795_TC22","ICR_1156"
"7321","chr20",25751300,25751301,"chr20",25751202,25751633,"cg25103796_BC21","ICR_1156"
"7322","chr20",25751310,25751311,"chr20",25751202,25751633,"cg25103797_TC21","ICR_1156"
"7323","chr20",25751310,25751311,"chr20",25751202,25751633,"cg25103797_TC22","ICR_1156"
"7324","chr20",25751371,25751372,"chr20",25751202,25751633,"cg25103799_TC21","ICR_1156"
"7325","chr20",25751400,25751401,"chr20",25751202,25751633,"cg25103800_BC21","ICR_1156"
"7326","chr20",25751432,25751433,"chr20",25751202,25751633,"cg25103801_TC21","ICR_1156"
"7327","chr20",25751432,25751433,"chr20",25751202,25751633,"cg25103801_TC22","ICR_1156"
"7328","chr20",25751456,25751457,"chr20",25751202,25751633,"cg25103803_BC21","ICR_1156"
"7329","chr20",25751456,25751457,"chr20",25751202,25751633,"cg25103803_BC22","ICR_1156"
"7330","chr20",25751465,25751466,"chr20",25751202,25751633,"cg25103804_TC21","ICR_1156"
"7331","chr20",25751469,25751470,"chr20",25751202,25751633,"cg25103805_BC21","ICR_1156"
"7332","chr20",25751469,25751470,"chr20",25751202,25751633,"cg25103805_BC22","ICR_1156"
"7333","chr20",25751478,25751479,"chr20",25751202,25751633,"cg25103806_BC11","ICR_1156"
"7334","chr20",25751478,25751479,"chr20",25751202,25751633,"cg25103806_BC12","ICR_1156"
"7335","chr20",25751526,25751527,"chr20",25751202,25751633,"cg10861863_TC21","ICR_1156"
"7336","chr20",25751632,25751633,"chr20",25751202,25751633,"cg25103807_TC21","ICR_1156"
"7337","chr20",26009762,26009763,"chr20",26009575,26009828,"cg25106863_TC11","ICR_1157"
"7338","chr20",26009762,26009763,"chr20",26009575,26009828,"cg25106863_TC12","ICR_1157"
"7339","chr20",26009770,26009771,"chr20",26009575,26009828,"cg25106864_BC11","ICR_1157"
"7340","chr20",26009802,26009803,"chr20",26009575,26009828,"cg25106865_TC11","ICR_1157"
"7341","chr20",26009802,26009803,"chr20",26009575,26009828,"cg25106865_TC12","ICR_1157"
"7342","chr20",26009825,26009826,"chr20",26009575,26009828,"cg25106866_TC21","ICR_1157"
"7343","chr20",26009825,26009826,"chr20",26009575,26009828,"cg25106866_TC22","ICR_1157"
"7344","chr20",26009827,26009828,"chr20",26009575,26009828,"cg25106868_BC21","ICR_1157"
"7345","chr20",26009827,26009828,"chr20",26009575,26009828,"cg25106868_BC22","ICR_1157"
"7346","chr20",28611566,28611567,"chr20",28611218,28614382,"cg25116209_BC21","ICR_1158"
"7347","chr20",28611566,28611567,"chr20",28611218,28614382,"cg25116209_BC22","ICR_1158"
"7348","chr20",28611900,28611901,"chr20",28611218,28614382,"cg25116212_TC21","ICR_1158"
"7349","chr20",28611900,28611901,"chr20",28611218,28614382,"cg25116212_TC22","ICR_1158"
"7350","chr20",28612748,28612749,"chr20",28611218,28614382,"cg25116213_TO11","ICR_1158"
"7351","chr20",28612748,28612749,"chr20",28611218,28614382,"cg25116213_TO12","ICR_1158"
"7352","chr20",29299479,29299480,"chr20",29299479,29299787,"cg25119907_BC21","ICR_1159"
"7353","chr20",29299753,29299754,"chr20",29299479,29299787,"cg25119913_TC21","ICR_1159"
"7354","chr20",29299753,29299754,"chr20",29299479,29299787,"cg25119913_TC22","ICR_1159"
"7355","chr20",29299776,29299777,"chr20",29299479,29299787,"cg25119914_TC21","ICR_1159"
"7356","chr20",29299786,29299787,"chr20",29299479,29299787,"cg25119915_BC11","ICR_1159"
"7357","chr20",29299786,29299787,"chr20",29299479,29299787,"cg25119915_BC12","ICR_1159"
"7358","chr20",29319041,29319042,"chr20",29319041,29319248,"cg25120440_BC11","ICR_1160"
"7359","chr20",29319045,29319046,"chr20",29319041,29319248,"cg25120441_TC11","ICR_1160"
"7360","chr20",29319045,29319046,"chr20",29319041,29319248,"cg25120441_TC12","ICR_1160"
"7361","chr20",29319054,29319055,"chr20",29319041,29319248,"cg25120442_BC21","ICR_1160"
"7362","chr20",29319161,29319162,"chr20",29319041,29319248,"cg25120446_BC21","ICR_1160"
"7363","chr20",29319161,29319162,"chr20",29319041,29319248,"cg25120446_BC22","ICR_1160"
"7364","chr20",29319221,29319222,"chr20",29319041,29319248,"cg25120447_TC21","ICR_1160"
"7365","chr20",29319230,29319231,"chr20",29319041,29319248,"cg25120448_BC21","ICR_1160"
"7366","chr20",29319238,29319239,"chr20",29319041,29319248,"cg25120449_BC11","ICR_1160"
"7367","chr20",29319238,29319239,"chr20",29319041,29319248,"cg25120449_BC12","ICR_1160"
"7368","chr20",29325492,29325493,"chr20",29325492,29325868,"cg25120646_BC11","ICR_1161"
"7369","chr20",29325492,29325493,"chr20",29325492,29325868,"cg25120646_BC12","ICR_1161"
"7370","chr20",29325500,29325501,"chr20",29325492,29325868,"cg25120647_TC11","ICR_1161"
"7371","chr20",29325519,29325520,"chr20",29325492,29325868,"cg25120648_BC11","ICR_1161"
"7372","chr20",29325534,29325535,"chr20",29325492,29325868,"cg25120650_BC11","ICR_1161"
"7373","chr20",29325534,29325535,"chr20",29325492,29325868,"cg25120650_BC12","ICR_1161"
"7374","chr20",29325558,29325559,"chr20",29325492,29325868,"cg25120651_BO11","ICR_1161"
"7375","chr20",29325558,29325559,"chr20",29325492,29325868,"cg25120651_BO12","ICR_1161"
"7376","chr20",29325566,29325567,"chr20",29325492,29325868,"cg25120652_TC11","ICR_1161"
"7377","chr20",29325566,29325567,"chr20",29325492,29325868,"cg25120652_TC12","ICR_1161"
"7378","chr20",29325568,29325569,"chr20",29325492,29325868,"cg25120653_BO11","ICR_1161"
"7379","chr20",29325568,29325569,"chr20",29325492,29325868,"cg25120653_BO12","ICR_1161"
"7380","chr20",29325575,29325576,"chr20",29325492,29325868,"cg25120654_BO11","ICR_1161"
"7381","chr20",29325867,29325868,"chr20",29325492,29325868,"cg25120658_TC21","ICR_1161"
"7382","chr20",29325867,29325868,"chr20",29325492,29325868,"cg25120658_TC22","ICR_1161"
"7383","chr20",29408909,29408910,"chr20",29408909,29409184,"cg25121392_TC11","ICR_1162"
"7384","chr20",29408909,29408910,"chr20",29408909,29409184,"cg25121392_TC12","ICR_1162"
"7385","chr20",29408963,29408964,"chr20",29408909,29409184,"cg25121395_BC21","ICR_1162"
"7386","chr20",29408990,29408991,"chr20",29408909,29409184,"cg25121396_TC21","ICR_1162"
"7387","chr20",29409025,29409026,"chr20",29408909,29409184,"cg25121398_BC21","ICR_1162"
"7388","chr20",29409025,29409026,"chr20",29408909,29409184,"cg25121398_BC22","ICR_1162"
"7389","chr20",29409105,29409106,"chr20",29408909,29409184,"cg25121400_TC11","ICR_1162"
"7390","chr20",29409105,29409106,"chr20",29408909,29409184,"cg25121400_TC12","ICR_1162"
"7391","chr20",29409110,29409111,"chr20",29408909,29409184,"cg25121401_TC21","ICR_1162"
"7392","chr20",29409110,29409111,"chr20",29408909,29409184,"cg25121401_TC22","ICR_1162"
"7393","chr20",29409126,29409127,"chr20",29408909,29409184,"cg25121402_BC21","ICR_1162"
"7394","chr20",29409161,29409162,"chr20",29408909,29409184,"cg25121403_BO11","ICR_1162"
"7395","chr20",29410543,29410544,"chr20",29410543,29410646,"cg25121469_TC21","ICR_1163"
"7396","chr20",29410543,29410544,"chr20",29410543,29410646,"cg25121469_TC22","ICR_1163"
"7397","chr20",29410584,29410585,"chr20",29410543,29410646,"cg25121472_BC21","ICR_1163"
"7398","chr20",29410594,29410595,"chr20",29410543,29410646,"cg25121473_TC11","ICR_1163"
"7399","chr20",29410600,29410601,"chr20",29410543,29410646,"cg25121474_TC11","ICR_1163"
"7400","chr20",29410645,29410646,"chr20",29410543,29410646,"cg25121480_BC11","ICR_1163"
"7401","chr20",29410775,29410776,"chr20",29410775,29410829,"cg25121486_TO11","ICR_1164"
"7402","chr20",29410775,29410776,"chr20",29410775,29410829,"cg25121486_TO12","ICR_1164"
"7403","chr20",29410778,29410779,"chr20",29410775,29410829,"cg25121487_BO11","ICR_1164"
"7404","chr20",29410780,29410781,"chr20",29410775,29410829,"cg25121488_TO11","ICR_1164"
"7405","chr20",29410818,29410819,"chr20",29410775,29410829,"cg25121490_TC11","ICR_1164"
"7406","chr20",29411150,29411151,"chr20",29411150,29411665,"cg25121512_BC21","ICR_1165"
"7407","chr20",29411150,29411151,"chr20",29411150,29411665,"cg25121512_BC22","ICR_1165"
"7408","chr20",29411166,29411167,"chr20",29411150,29411665,"cg25121514_TC21","ICR_1165"
"7409","chr20",29411166,29411167,"chr20",29411150,29411665,"cg25121514_TC22","ICR_1165"
"7410","chr20",29411236,29411237,"chr20",29411150,29411665,"cg25121516_BC21","ICR_1165"
"7411","chr20",29411250,29411251,"chr20",29411150,29411665,"cg25121518_BC11","ICR_1165"
"7412","chr20",29411250,29411251,"chr20",29411150,29411665,"cg25121518_BC12","ICR_1165"
"7413","chr20",29411281,29411282,"chr20",29411150,29411665,"cg25121519_BC11","ICR_1165"
"7414","chr20",29411292,29411293,"chr20",29411150,29411665,"cg25121520_TC11","ICR_1165"
"7415","chr20",29411299,29411300,"chr20",29411150,29411665,"cg25121521_TC11","ICR_1165"
"7416","chr20",29411299,29411300,"chr20",29411150,29411665,"cg25121521_TC12","ICR_1165"
"7417","chr20",29411302,29411303,"chr20",29411150,29411665,"cg25121522_BC11","ICR_1165"
"7418","chr20",29411302,29411303,"chr20",29411150,29411665,"cg25121522_BC12","ICR_1165"
"7419","chr20",29411307,29411308,"chr20",29411150,29411665,"cg25121523_BC11","ICR_1165"
"7420","chr20",29411307,29411308,"chr20",29411150,29411665,"cg25121523_BC12","ICR_1165"
"7421","chr20",29411313,29411314,"chr20",29411150,29411665,"cg25121524_TC11","ICR_1165"
"7422","chr20",29411352,29411353,"chr20",29411150,29411665,"cg25121529_TC11","ICR_1165"
"7423","chr20",29411360,29411361,"chr20",29411150,29411665,"cg25121530_BC21","ICR_1165"
"7424","chr20",29411360,29411361,"chr20",29411150,29411665,"cg25121530_BC22","ICR_1165"
"7425","chr20",29411461,29411462,"chr20",29411150,29411665,"cg25121535_BC11","ICR_1165"
"7426","chr20",29411461,29411462,"chr20",29411150,29411665,"cg25121535_BC12","ICR_1165"
"7427","chr20",29411481,29411482,"chr20",29411150,29411665,"cg25121537_TC21","ICR_1165"
"7428","chr20",29411481,29411482,"chr20",29411150,29411665,"cg25121537_TC22","ICR_1165"
"7429","chr20",29411516,29411517,"chr20",29411150,29411665,"cg25121540_TC11","ICR_1165"
"7430","chr20",29411538,29411539,"chr20",29411150,29411665,"cg25121541_TC11","ICR_1165"
"7431","chr20",29411541,29411542,"chr20",29411150,29411665,"cg25121542_TO11","ICR_1165"
"7432","chr20",29411600,29411601,"chr20",29411150,29411665,"cg25121548_TC11","ICR_1165"
"7433","chr20",29411614,29411615,"chr20",29411150,29411665,"cg25121550_TC11","ICR_1165"
"7434","chr20",29411618,29411619,"chr20",29411150,29411665,"cg25121551_BC11","ICR_1165"
"7435","chr20",29411628,29411629,"chr20",29411150,29411665,"cg25121552_TC11","ICR_1165"
"7436","chr20",29455173,29455174,"chr20",29455173,29456097,"cg25122103_BC21","ICR_1166"
"7437","chr20",29455493,29455494,"chr20",29455173,29456097,"cg25122104_TC21","ICR_1166"
"7438","chr20",29455928,29455929,"chr20",29455173,29456097,"cg25122106_TC21","ICR_1166"
"7439","chr20",29456006,29456007,"chr20",29455173,29456097,"cg25122107_BC21","ICR_1166"
"7440","chr20",29456006,29456007,"chr20",29455173,29456097,"cg25122107_BC22","ICR_1166"
"7441","chr20",29456096,29456097,"chr20",29455173,29456097,"cg25122108_TC21","ICR_1166"
"7442","chr20",29456096,29456097,"chr20",29455173,29456097,"cg25122108_TC22","ICR_1166"
"7443","chr20",29478146,29478147,"chr20",29477463,29478281,"cg25122286_TC21","ICR_1167"
"7444","chr20",29478146,29478147,"chr20",29477463,29478281,"cg25122286_TC22","ICR_1167"
"7445","chr20",29478280,29478281,"chr20",29477463,29478281,"cg25122287_TC21","ICR_1167"
"7446","chr20",29730124,29730125,"chr20",29729578,29732420,"cg25124271_BC21","ICR_1169"
"7447","chr20",29732234,29732235,"chr20",29729578,29732420,"cg25124274_TC21","ICR_1169"
"7448","chr20",29732234,29732235,"chr20",29729578,29732420,"cg25124274_TC22","ICR_1169"
"7449","chr20",29732419,29732420,"chr20",29729578,29732420,"cg25124277_BC21","ICR_1169"
"7450","chr20",29743809,29743810,"chr20",29743809,29743884,"cg25124654_TC21","ICR_1171"
"7451","chr20",29743833,29743834,"chr20",29743809,29743884,"cg25124655_BC11","ICR_1171"
"7452","chr20",29743838,29743839,"chr20",29743809,29743884,"cg25124656_BC11","ICR_1171"
"7453","chr20",29743854,29743855,"chr20",29743809,29743884,"cg25124657_BC11","ICR_1171"
"7454","chr20",29743859,29743860,"chr20",29743809,29743884,"cg25124658_TC11","ICR_1171"
"7455","chr20",29743883,29743884,"chr20",29743809,29743884,"cg25124659_TC11","ICR_1171"
"7456","chr20",29764072,29764073,"chr20",29764039,29764101,"cg25125192_BC11","ICR_1172"
"7457","chr20",29764605,29764606,"chr20",29764587,29764756,"cg25125211_TC21","ICR_1173"
"7458","chr20",29764605,29764606,"chr20",29764587,29764756,"cg25125211_TC22","ICR_1173"
"7459","chr20",29764607,29764608,"chr20",29764587,29764756,"cg25125212_BC11","ICR_1173"
"7460","chr20",29764677,29764678,"chr20",29764587,29764756,"cg25125215_TO11","ICR_1173"
"7461","chr20",29764725,29764726,"chr20",29764587,29764756,"cg25125216_TC21","ICR_1173"
"7462","chr20",29764735,29764736,"chr20",29764587,29764756,"cg25125217_TC21","ICR_1173"
"7463","chr20",29764755,29764756,"chr20",29764587,29764756,"cg25125218_BC21","ICR_1173"
"7464","chr20",29868335,29868336,"chr20",29868335,29870377,"cg25126060_TC21","ICR_1174"
"7465","chr20",29868820,29868821,"chr20",29868335,29870377,"cg25126061_TC21","ICR_1174"
"7466","chr20",29868864,29868865,"chr20",29868335,29870377,"cg25126062_BC21","ICR_1174"
"7467","chr20",29869496,29869497,"chr20",29868335,29870377,"cg25126066_BC21","ICR_1174"
"7468","chr20",29870155,29870156,"chr20",29868335,29870377,"cg25126068_BC21","ICR_1174"
"7469","chr20",29870376,29870377,"chr20",29868335,29870377,"cg25126069_TC11","ICR_1174"
"7470","chr20",29874048,29874049,"chr20",29874048,29874267,"cg25126115_TC11","ICR_1175"
"7471","chr20",29874080,29874081,"chr20",29874048,29874267,"cg25126117_BC11","ICR_1175"
"7472","chr20",29874082,29874083,"chr20",29874048,29874267,"cg25126118_BC21","ICR_1175"
"7473","chr20",29874086,29874087,"chr20",29874048,29874267,"cg25126119_TC21","ICR_1175"
"7474","chr20",29874090,29874091,"chr20",29874048,29874267,"cg25126120_BC21","ICR_1175"
"7475","chr20",29874163,29874164,"chr20",29874048,29874267,"cg25126121_BO11","ICR_1175"
"7476","chr20",29874187,29874188,"chr20",29874048,29874267,"cg25126122_BC21","ICR_1175"
"7477","chr20",29877898,29877899,"chr20",29877879,29878128,"cg25126272_BC21","ICR_1176"
"7478","chr20",29878063,29878064,"chr20",29877879,29878128,"cg25126276_TO11","ICR_1176"
"7479","chr20",29878127,29878128,"chr20",29877879,29878128,"cg25126278_BC11","ICR_1176"
"7480","chr20",29878898,29878899,"chr20",29878869,29878965,"cg25126320_BC21","ICR_1177"
"7481","chr20",29878914,29878915,"chr20",29878869,29878965,"cg25126322_BC11","ICR_1177"
"7482","chr20",29878917,29878918,"chr20",29878869,29878965,"cg25126323_TC11","ICR_1177"
"7483","chr20",30168343,30168344,"chr20",30168341,30168399,"cg25127874_BC21","ICR_1178"
"7484","chr20",30168358,30168359,"chr20",30168341,30168399,"cg25127875_BC21","ICR_1178"
"7485","chr20",30168368,30168369,"chr20",30168341,30168399,"cg25127876_BC21","ICR_1178"
"7486","chr20",30168374,30168375,"chr20",30168341,30168399,"cg25127878_TC11","ICR_1178"
"7487","chr20",30168381,30168382,"chr20",30168341,30168399,"cg25127879_TC11","ICR_1178"
"7488","chr20",30168387,30168388,"chr20",30168341,30168399,"cg25127880_TC21","ICR_1178"
"7489","chr20",30168398,30168399,"chr20",30168341,30168399,"cg25127881_BC11","ICR_1178"
"7490","chr20",30283651,30283652,"chr20",30283621,30283834,"cg25128646_TC21","ICR_1179"
"7491","chr20",30283685,30283686,"chr20",30283621,30283834,"cg25128647_TC21","ICR_1179"
"7492","chr20",30283687,30283688,"chr20",30283621,30283834,"cg25128648_BC11","ICR_1179"
"7493","chr20",30283691,30283692,"chr20",30283621,30283834,"cg25128649_BC11","ICR_1179"
"7494","chr20",30283699,30283700,"chr20",30283621,30283834,"cg25128650_BC21","ICR_1179"
"7495","chr20",30283812,30283813,"chr20",30283621,30283834,"cg25128652_BC21","ICR_1179"
"7496","chr20",30283833,30283834,"chr20",30283621,30283834,"cg25128653_BC21","ICR_1179"
"7497","chr20",30284339,30284340,"chr20",30284339,30284720,"cg25128692_TC11","ICR_1180"
"7498","chr20",30284365,30284366,"chr20",30284339,30284720,"cg25128693_TC21","ICR_1180"
"7499","chr20",30284398,30284399,"chr20",30284339,30284720,"cg25128695_BC11","ICR_1180"
"7500","chr20",30284404,30284405,"chr20",30284339,30284720,"cg25128697_TC11","ICR_1180"
"7501","chr20",30284442,30284443,"chr20",30284339,30284720,"cg25128698_TO11","ICR_1180"
"7502","chr20",30284478,30284479,"chr20",30284339,30284720,"cg25128699_TC21","ICR_1180"
"7503","chr20",30284485,30284486,"chr20",30284339,30284720,"cg25128700_TC21","ICR_1180"
"7504","chr20",30284490,30284491,"chr20",30284339,30284720,"cg25128701_BC21","ICR_1180"
"7505","chr20",30284509,30284510,"chr20",30284339,30284720,"cg25128702_TC11","ICR_1180"
"7506","chr20",30284537,30284538,"chr20",30284339,30284720,"cg25128703_BC11","ICR_1180"
"7507","chr20",30284537,30284538,"chr20",30284339,30284720,"cg25128703_BC12","ICR_1180"
"7508","chr20",30284541,30284542,"chr20",30284339,30284720,"cg25128704_TC21","ICR_1180"
"7509","chr20",30284548,30284549,"chr20",30284339,30284720,"cg25128705_TC21","ICR_1180"
"7510","chr20",30284557,30284558,"chr20",30284339,30284720,"cg25128706_BC21","ICR_1180"
"7511","chr20",30284665,30284666,"chr20",30284339,30284720,"cg25128707_TC21","ICR_1180"
"7512","chr20",30284673,30284674,"chr20",30284339,30284720,"cg25128708_TC21","ICR_1180"
"7513","chr20",30284719,30284720,"chr20",30284339,30284720,"cg25128709_TC21","ICR_1180"
"7514","chr20",30288536,30288537,"chr20",30288470,30289510,"cg25128825_TO11","ICR_1181"
"7515","chr20",30288536,30288537,"chr20",30288470,30289510,"cg25128825_TO12","ICR_1181"
"7516","chr20",30288574,30288575,"chr20",30288470,30289510,"cg25128826_BC21","ICR_1181"
"7517","chr20",30289432,30289433,"chr20",30288470,30289510,"cg09798387_TC21","ICR_1181"
"7518","chr20",30289464,30289465,"chr20",30288470,30289510,"cg13023119_TC21","ICR_1181"
"7519","chr20",30488014,30488015,"chr20",30488014,30488659,"cg25130494_BC11","ICR_1182"
"7520","chr20",30488037,30488038,"chr20",30488014,30488659,"cg25130496_BC11","ICR_1182"
"7521","chr20",30488049,30488050,"chr20",30488014,30488659,"cg25130497_BC11","ICR_1182"
"7522","chr20",30488049,30488050,"chr20",30488014,30488659,"cg25130497_BC12","ICR_1182"
"7523","chr20",30488057,30488058,"chr20",30488014,30488659,"cg25130498_BC11","ICR_1182"
"7524","chr20",30488107,30488108,"chr20",30488014,30488659,"cg25130500_TC11","ICR_1182"
"7525","chr20",30488136,30488137,"chr20",30488014,30488659,"cg25130503_BC11","ICR_1182"
"7526","chr20",30488151,30488152,"chr20",30488014,30488659,"cg25130504_TC11","ICR_1182"
"7527","chr20",30488154,30488155,"chr20",30488014,30488659,"cg25130505_BC11","ICR_1182"
"7528","chr20",30488154,30488155,"chr20",30488014,30488659,"cg25130505_BC12","ICR_1182"
"7529","chr20",30488368,30488369,"chr20",30488014,30488659,"cg25130535_BC11","ICR_1182"
"7530","chr20",30488394,30488395,"chr20",30488014,30488659,"cg25130537_BC11","ICR_1182"
"7531","chr20",30488394,30488395,"chr20",30488014,30488659,"cg25130537_BC12","ICR_1182"
"7532","chr20",30488450,30488451,"chr20",30488014,30488659,"cg25130542_BC21","ICR_1182"
"7533","chr20",30488509,30488510,"chr20",30488014,30488659,"cg25130547_TC11","ICR_1182"
"7534","chr20",30488509,30488510,"chr20",30488014,30488659,"cg25130547_TC12","ICR_1182"
"7535","chr20",30488571,30488572,"chr20",30488014,30488659,"cg25130554_TC11","ICR_1182"
"7536","chr20",30488574,30488575,"chr20",30488014,30488659,"cg25130555_TC21","ICR_1182"
"7537","chr20",30488629,30488630,"chr20",30488014,30488659,"cg25130558_BC11","ICR_1182"
"7538","chr20",30488637,30488638,"chr20",30488014,30488659,"cg25130559_TC11","ICR_1182"
"7539","chr20",30488641,30488642,"chr20",30488014,30488659,"cg25130560_TC11","ICR_1182"
"7540","chr20",30489487,30489488,"chr20",30489487,30489608,"cg25130637_TO11","ICR_1183"
"7541","chr20",30489490,30489491,"chr20",30489487,30489608,"cg25130638_TO11","ICR_1183"
"7542","chr20",30489538,30489539,"chr20",30489487,30489608,"cg25130641_TC11","ICR_1183"
"7543","chr20",30489602,30489603,"chr20",30489487,30489608,"cg25130645_BC11","ICR_1183"
"7544","chr20",30489607,30489608,"chr20",30489487,30489608,"cg25130646_TC11","ICR_1183"
"7545","chr20",30593797,30593798,"chr20",30593788,30593857,"cg25132040_TC21","ICR_1184"
"7546","chr20",30593802,30593803,"chr20",30593788,30593857,"cg25132041_TC11","ICR_1184"
"7547","chr20",30593805,30593806,"chr20",30593788,30593857,"cg25132042_TC11","ICR_1184"
"7548","chr20",30639490,30639491,"chr20",30639490,30641610,"cg25132384_BC21","ICR_1185"
"7549","chr20",30639636,30639637,"chr20",30639490,30641610,"cg25132385_BC21","ICR_1185"
"7550","chr20",30640451,30640452,"chr20",30639490,30641610,"cg25132388_TC21","ICR_1185"
"7551","chr20",30640451,30640452,"chr20",30639490,30641610,"cg25132388_TC22","ICR_1185"
"7552","chr20",30640812,30640813,"chr20",30639490,30641610,"cg25132389_BC21","ICR_1185"
"7553","chr20",30641081,30641082,"chr20",30639490,30641610,"cg25132390_BC21","ICR_1185"
"7554","chr20",30871232,30871233,"chr20",30871232,30872165,"cg25134058_TC21","ICR_1186"
"7555","chr20",30871316,30871317,"chr20",30871232,30872165,"cg25134059_TC21","ICR_1186"
"7556","chr20",30871395,30871396,"chr20",30871232,30872165,"cg25134061_BC21","ICR_1186"
"7557","chr20",30872041,30872042,"chr20",30871232,30872165,"cg25134063_TC21","ICR_1186"
"7558","chr20",30872164,30872165,"chr20",30871232,30872165,"cg25134065_TC11","ICR_1186"
"7559","chr20",30892451,30892452,"chr20",30892126,30892735,"cg25134271_BC21","ICR_1187"
"7560","chr20",30892494,30892495,"chr20",30892126,30892735,"cg25134273_TC11","ICR_1187"
"7561","chr20",30892496,30892497,"chr20",30892126,30892735,"cg25134274_BC11","ICR_1187"
"7562","chr20",30892504,30892505,"chr20",30892126,30892735,"cg25134275_BC21","ICR_1187"
"7563","chr20",30892504,30892505,"chr20",30892126,30892735,"cg25134275_BC22","ICR_1187"
"7564","chr20",30892525,30892526,"chr20",30892126,30892735,"cg25134276_TC11","ICR_1187"
"7565","chr20",30892541,30892542,"chr20",30892126,30892735,"cg25134277_BO21","ICR_1187"
"7566","chr20",30892601,30892602,"chr20",30892126,30892735,"cg25134278_BC21","ICR_1187"
"7567","chr20",30892601,30892602,"chr20",30892126,30892735,"cg25134278_BC22","ICR_1187"
"7568","chr20",30892618,30892619,"chr20",30892126,30892735,"cg25134279_TC21","ICR_1187"
"7569","chr20",30892620,30892621,"chr20",30892126,30892735,"cg25134280_BO11","ICR_1187"
"7570","chr20",30892682,30892683,"chr20",30892126,30892735,"cg25134284_TC21","ICR_1187"
"7571","chr20",30892713,30892714,"chr20",30892126,30892735,"cg25134285_TO11","ICR_1187"
"7572","chr20",30908350,30908351,"chr20",30908349,30908516,"cg25134736_TO21","ICR_1188"
"7573","chr20",30908400,30908401,"chr20",30908349,30908516,"cg25134737_BC21","ICR_1188"
"7574","chr20",31496438,31496439,"chr20",31496437,31497008,"cg25141004_TO21","ICR_1190"
"7575","chr20",31496653,31496654,"chr20",31496437,31497008,"cg25141005_TC21","ICR_1190"
"7576","chr20",31496714,31496715,"chr20",31496437,31497008,"cg25141006_BO21","ICR_1190"
"7577","chr20",31496922,31496923,"chr20",31496437,31497008,"cg25141010_TC11","ICR_1190"
"7578","chr20",31547026,31547027,"chr20",31547026,31548129,"cg25141785_BC21","ICR_1191"
"7579","chr20",31547125,31547126,"chr20",31547026,31548129,"cg25359645_TC11","ICR_1191"
"7580","chr20",31547125,31547126,"chr20",31547026,31548129,"cg25359645_TC12","ICR_1191"
"7581","chr20",31547132,31547133,"chr20",31547026,31548129,"cg25141786_BC21","ICR_1191"
"7582","chr20",31547132,31547133,"chr20",31547026,31548129,"cg25141786_BC22","ICR_1191"
"7583","chr20",31547138,31547139,"chr20",31547026,31548129,"cg25141787_TC21","ICR_1191"
"7584","chr20",31547169,31547170,"chr20",31547026,31548129,"cg24607140_BC21","ICR_1191"
"7585","chr20",31547190,31547191,"chr20",31547026,31548129,"cg25141788_TC21","ICR_1191"
"7586","chr20",31547208,31547209,"chr20",31547026,31548129,"cg25141789_TC21","ICR_1191"
"7587","chr20",31547245,31547246,"chr20",31547026,31548129,"cg25141790_BC21","ICR_1191"
"7588","chr20",31547273,31547274,"chr20",31547026,31548129,"cg25141791_BC11","ICR_1191"
"7589","chr20",31547284,31547285,"chr20",31547026,31548129,"cg25141792_TC11","ICR_1191"
"7590","chr20",31547293,31547294,"chr20",31547026,31548129,"cg25141793_TC11","ICR_1191"
"7591","chr20",31547309,31547310,"chr20",31547026,31548129,"cg25141795_BC11","ICR_1191"
"7592","chr20",31547340,31547341,"chr20",31547026,31548129,"cg15815607_TC11","ICR_1191"
"7593","chr20",31547340,31547341,"chr20",31547026,31548129,"cg15815607_TC12","ICR_1191"
"7594","chr20",31547345,31547346,"chr20",31547026,31548129,"cg25645178_BC11","ICR_1191"
"7595","chr20",31547345,31547346,"chr20",31547026,31548129,"cg25645178_BC12","ICR_1191"
"7596","chr20",31547352,31547353,"chr20",31547026,31548129,"cg25141796_TC11","ICR_1191"
"7597","chr20",31547354,31547355,"chr20",31547026,31548129,"cg17840843_BC11","ICR_1191"
"7598","chr20",31547380,31547381,"chr20",31547026,31548129,"cg25141797_BC11","ICR_1191"
"7599","chr20",31547396,31547397,"chr20",31547026,31548129,"cg25141799_BC11","ICR_1191"
"7600","chr20",31547415,31547416,"chr20",31547026,31548129,"cg25141802_BC11","ICR_1191"
"7601","chr20",31547421,31547422,"chr20",31547026,31548129,"cg25141804_TC21","ICR_1191"
"7602","chr20",31547424,31547425,"chr20",31547026,31548129,"cg25141805_TC21","ICR_1191"
"7603","chr20",31547487,31547488,"chr20",31547026,31548129,"cg14175568_TC21","ICR_1191"
"7604","chr20",31547558,31547559,"chr20",31547026,31548129,"cg20129782_BC21","ICR_1191"
"7605","chr20",31547558,31547559,"chr20",31547026,31548129,"cg20129782_BC22","ICR_1191"
"7606","chr20",31547670,31547671,"chr20",31547026,31548129,"cg25141810_TC21","ICR_1191"
"7607","chr20",31547691,31547692,"chr20",31547026,31548129,"cg25141811_BC21","ICR_1191"
"7608","chr20",31547826,31547827,"chr20",31547026,31548129,"cg25141812_BC21","ICR_1191"
"7609","chr20",31547826,31547827,"chr20",31547026,31548129,"cg25141812_BC22","ICR_1191"
"7610","chr20",31547891,31547892,"chr20",31547026,31548129,"cg25141813_TC21","ICR_1191"
"7611","chr20",31547909,31547910,"chr20",31547026,31548129,"cg25141814_BC21","ICR_1191"
"7612","chr20",31548098,31548099,"chr20",31547026,31548129,"cg25141815_TC21","ICR_1191"
"7613","chr20",31548128,31548129,"chr20",31547026,31548129,"cg25141816_TC21","ICR_1191"
"7614","chr20",37520201,37520202,"chr20",37520201,37521842,"cg23757721_TC21","ICR_1192"
"7615","chr20",37520217,37520218,"chr20",37520201,37521842,"cg22551578_BC11","ICR_1192"
"7616","chr20",37520219,37520220,"chr20",37520201,37521842,"cg25229534_TC11","ICR_1192"
"7617","chr20",37520246,37520247,"chr20",37520201,37521842,"cg25229535_TO11","ICR_1192"
"7618","chr20",37520269,37520270,"chr20",37520201,37521842,"cg23605670_TC11","ICR_1192"
"7619","chr20",37520269,37520270,"chr20",37520201,37521842,"cg23605670_TC12","ICR_1192"
"7620","chr20",37520276,37520277,"chr20",37520201,37521842,"cg12862537_TC21","ICR_1192"
"7621","chr20",37520296,37520297,"chr20",37520201,37521842,"cg10981598_TC11","ICR_1192"
"7622","chr20",37520327,37520328,"chr20",37520201,37521842,"cg25229540_TC11","ICR_1192"
"7623","chr20",37520352,37520353,"chr20",37520201,37521842,"cg25229541_BO11","ICR_1192"
"7624","chr20",37520358,37520359,"chr20",37520201,37521842,"cg25229542_BO11","ICR_1192"
"7625","chr20",37520364,37520365,"chr20",37520201,37521842,"cg20783699_TC11","ICR_1192"
"7626","chr20",37520388,37520389,"chr20",37520201,37521842,"cg17643025_TC21","ICR_1192"
"7627","chr20",37520395,37520396,"chr20",37520201,37521842,"cg24762053_TC21","ICR_1192"
"7628","chr20",37520429,37520430,"chr20",37520201,37521842,"cg25229543_BO11","ICR_1192"
"7629","chr20",37520457,37520458,"chr20",37520201,37521842,"cg22298088_TC21","ICR_1192"
"7630","chr20",37520525,37520526,"chr20",37520201,37521842,"cg22943498_TC11","ICR_1192"
"7631","chr20",37520591,37520592,"chr20",37520201,37521842,"cg15473473_BC21","ICR_1192"
"7632","chr20",37520650,37520651,"chr20",37520201,37521842,"cg24338351_BC11","ICR_1192"
"7633","chr20",37520678,37520679,"chr20",37520201,37521842,"cg24675557_BC11","ICR_1192"
"7634","chr20",37520684,37520685,"chr20",37520201,37521842,"cg25229548_TC11","ICR_1192"
"7635","chr20",37520709,37520710,"chr20",37520201,37521842,"cg20479660_BC21","ICR_1192"
"7636","chr20",37520716,37520717,"chr20",37520201,37521842,"cg22421148_BC21","ICR_1192"
"7637","chr20",37520718,37520719,"chr20",37520201,37521842,"cg22510412_TC21","ICR_1192"
"7638","chr20",37520791,37520792,"chr20",37520201,37521842,"cg18433380_BC21","ICR_1192"
"7639","chr20",37520909,37520910,"chr20",37520201,37521842,"cg25229549_BC21","ICR_1192"
"7640","chr20",37520909,37520910,"chr20",37520201,37521842,"cg25229549_BC22","ICR_1192"
"7641","chr20",37521007,37521008,"chr20",37520201,37521842,"cg25229552_BO11","ICR_1192"
"7642","chr20",37521049,37521050,"chr20",37520201,37521842,"cg25962605_TC21","ICR_1192"
"7643","chr20",37521052,37521053,"chr20",37520201,37521842,"cg21588305_BC11","ICR_1192"
"7644","chr20",37521215,37521216,"chr20",37520201,37521842,"cg25229561_BO11","ICR_1192"
"7645","chr20",37521245,37521246,"chr20",37520201,37521842,"cg25229566_BC11","ICR_1192"
"7646","chr20",37521253,37521254,"chr20",37520201,37521842,"cg13708635_BC11","ICR_1192"
"7647","chr20",37521303,37521304,"chr20",37520201,37521842,"cg11174847_BC11","ICR_1192"
"7648","chr20",37521344,37521345,"chr20",37520201,37521842,"cg25229572_BC11","ICR_1192"
"7649","chr20",37521344,37521345,"chr20",37520201,37521842,"cg25229572_BC12","ICR_1192"
"7650","chr20",37521353,37521354,"chr20",37520201,37521842,"cg25229573_BC11","ICR_1192"
"7651","chr20",37521372,37521373,"chr20",37520201,37521842,"cg25229574_TC11","ICR_1192"
"7652","chr20",37521388,37521389,"chr20",37520201,37521842,"cg25229576_TC11","ICR_1192"
"7653","chr20",37521413,37521414,"chr20",37520201,37521842,"cg25229579_TC11","ICR_1192"
"7654","chr20",37521446,37521447,"chr20",37520201,37521842,"cg25229582_BC11","ICR_1192"
"7655","chr20",37521459,37521460,"chr20",37520201,37521842,"cg25229583_TC11","ICR_1192"
"7656","chr20",37521469,37521470,"chr20",37520201,37521842,"cg25229584_TC11","ICR_1192"
"7657","chr20",37521472,37521473,"chr20",37520201,37521842,"cg25229585_BC11","ICR_1192"
"7658","chr20",37521474,37521475,"chr20",37520201,37521842,"cg25229586_TC11","ICR_1192"
"7659","chr20",37521481,37521482,"chr20",37520201,37521842,"cg25229587_TC11","ICR_1192"
"7660","chr20",37521494,37521495,"chr20",37520201,37521842,"cg25229589_TC11","ICR_1192"
"7661","chr20",37521513,37521514,"chr20",37520201,37521842,"cg25229592_TC11","ICR_1192"
"7662","chr20",37521571,37521572,"chr20",37520201,37521842,"cg25229598_BC11","ICR_1192"
"7663","chr20",37521574,37521575,"chr20",37520201,37521842,"cg25229599_TC11","ICR_1192"
"7664","chr20",37521574,37521575,"chr20",37520201,37521842,"cg25229599_TC12","ICR_1192"
"7665","chr20",37521583,37521584,"chr20",37520201,37521842,"cg25229600_BC11","ICR_1192"
"7666","chr20",37521585,37521586,"chr20",37520201,37521842,"cg25229601_TC11","ICR_1192"
"7667","chr20",37521649,37521650,"chr20",37520201,37521842,"cg25229610_TC11","ICR_1192"
"7668","chr20",37521654,37521655,"chr20",37520201,37521842,"cg25229611_TC11","ICR_1192"
"7669","chr20",37521677,37521678,"chr20",37520201,37521842,"cg25229612_TC11","ICR_1192"
"7670","chr20",37521709,37521710,"chr20",37520201,37521842,"cg25229616_BO11","ICR_1192"
"7671","chr20",37521709,37521710,"chr20",37520201,37521842,"cg25229616_BO12","ICR_1192"
"7672","chr20",37521715,37521716,"chr20",37520201,37521842,"cg25229617_BC21","ICR_1192"
"7673","chr20",37521732,37521733,"chr20",37520201,37521842,"cg17705814_BC21","ICR_1192"
"7674","chr20",37521798,37521799,"chr20",37520201,37521842,"cg25229619_TC21","ICR_1192"
"7675","chr20",37521805,37521806,"chr20",37520201,37521842,"cg25229620_TC21","ICR_1192"
"7676","chr20",37521835,37521836,"chr20",37520201,37521842,"cg25229622_BC21","ICR_1192"
"7677","chr20",37521841,37521842,"chr20",37520201,37521842,"cg25229623_TC21","ICR_1192"
"7678","chr20",37522340,37522341,"chr20",37522340,37522993,"cg22123219_TC21","ICR_1193"
"7679","chr20",37522392,37522393,"chr20",37522340,37522993,"cg12877659_BC21","ICR_1193"
"7680","chr20",37522427,37522428,"chr20",37522340,37522993,"cg22047293_TC21","ICR_1193"
"7681","chr20",37522427,37522428,"chr20",37522340,37522993,"cg22047293_TC22","ICR_1193"
"7682","chr20",37522470,37522471,"chr20",37522340,37522993,"cg25229636_BC21","ICR_1193"
"7683","chr20",37522518,37522519,"chr20",37522340,37522993,"cg25229637_TC21","ICR_1193"
"7684","chr20",37522518,37522519,"chr20",37522340,37522993,"cg25229637_TC22","ICR_1193"
"7685","chr20",37522531,37522532,"chr20",37522340,37522993,"cg16387780_TC21","ICR_1193"
"7686","chr20",37522535,37522536,"chr20",37522340,37522993,"cg25229638_TC11","ICR_1193"
"7687","chr20",37522537,37522538,"chr20",37522340,37522993,"cg25229639_BC11","ICR_1193"
"7688","chr20",37522588,37522589,"chr20",37522340,37522993,"cg25229644_TC21","ICR_1193"
"7689","chr20",37522600,37522601,"chr20",37522340,37522993,"cg16326421_BC21","ICR_1193"
"7690","chr20",37522658,37522659,"chr20",37522340,37522993,"cg25229645_TC21","ICR_1193"
"7691","chr20",37522661,37522662,"chr20",37522340,37522993,"cg25229646_TC21","ICR_1193"
"7692","chr20",37522700,37522701,"chr20",37522340,37522993,"cg25229647_TC21","ICR_1193"
"7693","chr20",37522706,37522707,"chr20",37522340,37522993,"cg25229648_TO11","ICR_1193"
"7694","chr20",37522708,37522709,"chr20",37522340,37522993,"cg25229649_BC11","ICR_1193"
"7695","chr20",37522713,37522714,"chr20",37522340,37522993,"cg25229650_TC11","ICR_1193"
"7696","chr20",37522717,37522718,"chr20",37522340,37522993,"cg11252765_BC11","ICR_1193"
"7697","chr20",37522735,37522736,"chr20",37522340,37522993,"cg25229651_BC11","ICR_1193"
"7698","chr20",37522785,37522786,"chr20",37522340,37522993,"cg25229653_TC11","ICR_1193"
"7699","chr20",37522834,37522835,"chr20",37522340,37522993,"cg25229656_TC11","ICR_1193"
"7700","chr20",37522836,37522837,"chr20",37522340,37522993,"cg25229657_TC21","ICR_1193"
"7701","chr20",37522866,37522867,"chr20",37522340,37522993,"cg25229658_TC11","ICR_1193"
"7702","chr20",37522912,37522913,"chr20",37522340,37522993,"cg25229659_BC21","ICR_1193"
"7703","chr20",37522926,37522927,"chr20",37522340,37522993,"cg25229660_BC21","ICR_1193"
"7704","chr20",37522935,37522936,"chr20",37522340,37522993,"cg22582721_BC21","ICR_1193"
"7705","chr20",43513724,43513725,"chr20",43513724,43515256,"cg25285586_BO11","ICR_1194"
"7706","chr20",43513776,43513777,"chr20",43513724,43515256,"cg22457903_TC21","ICR_1194"
"7707","chr20",43513810,43513811,"chr20",43513724,43515256,"cg20091959_BC21","ICR_1194"
"7708","chr20",43513843,43513844,"chr20",43513724,43515256,"cg17091610_BC21","ICR_1194"
"7709","chr20",43513853,43513854,"chr20",43513724,43515256,"cg23626798_TC21","ICR_1194"
"7710","chr20",43513918,43513919,"chr20",43513724,43515256,"cg15388309_BC21","ICR_1194"
"7711","chr20",43513931,43513932,"chr20",43513724,43515256,"cg25285588_BC11","ICR_1194"
"7712","chr20",43513937,43513938,"chr20",43513724,43515256,"cg25285589_TC11","ICR_1194"
"7713","chr20",43514051,43514052,"chr20",43513724,43515256,"cg25285596_TO11","ICR_1194"
"7714","chr20",43514110,43514111,"chr20",43513724,43515256,"cg20529070_BC21","ICR_1194"
"7715","chr20",43514125,43514126,"chr20",43513724,43515256,"cg10360552_BC11","ICR_1194"
"7716","chr20",43514143,43514144,"chr20",43513724,43515256,"cg18911945_TC11","ICR_1194"
"7717","chr20",43514211,43514212,"chr20",43513724,43515256,"cg08633313_BC21","ICR_1194"
"7718","chr20",43514211,43514212,"chr20",43513724,43515256,"cg08633313_BC22","ICR_1194"
"7719","chr20",43514256,43514257,"chr20",43513724,43515256,"cg12699433_BC21","ICR_1194"
"7720","chr20",43514306,43514307,"chr20",43513724,43515256,"cg11319028_BC21","ICR_1194"
"7721","chr20",43514354,43514355,"chr20",43513724,43515256,"cg22601123_BC21","ICR_1194"
"7722","chr20",43514374,43514375,"chr20",43513724,43515256,"cg22330467_BC21","ICR_1194"
"7723","chr20",43514404,43514405,"chr20",43513724,43515256,"cg14306330_BC21","ICR_1194"
"7724","chr20",43514507,43514508,"chr20",43513724,43515256,"cg25285600_BC21","ICR_1194"
"7725","chr20",43514533,43514534,"chr20",43513724,43515256,"cg15330298_BC21","ICR_1194"
"7726","chr20",43514550,43514551,"chr20",43513724,43515256,"cg25285601_BC21","ICR_1194"
"7727","chr20",43514550,43514551,"chr20",43513724,43515256,"cg25285601_BC22","ICR_1194"
"7728","chr20",43514570,43514571,"chr20",43513724,43515256,"cg20252111_TC11","ICR_1194"
"7729","chr20",43514576,43514577,"chr20",43513724,43515256,"cg25285602_TC11","ICR_1194"
"7730","chr20",43514594,43514595,"chr20",43513724,43515256,"cg25285603_TC11","ICR_1194"
"7731","chr20",43514598,43514599,"chr20",43513724,43515256,"cg25285604_BC11","ICR_1194"
"7732","chr20",43514605,43514606,"chr20",43513724,43515256,"cg25285605_TC11","ICR_1194"
"7733","chr20",43514624,43514625,"chr20",43513724,43515256,"cg25285606_BO11","ICR_1194"
"7734","chr20",43514626,43514627,"chr20",43513724,43515256,"cg25285607_TO11","ICR_1194"
"7735","chr20",43514668,43514669,"chr20",43513724,43515256,"cg25285611_TO11","ICR_1194"
"7736","chr20",43514686,43514687,"chr20",43513724,43515256,"cg25285612_BC11","ICR_1194"
"7737","chr20",43514743,43514744,"chr20",43513724,43515256,"cg25285620_BC11","ICR_1194"
"7738","chr20",43514753,43514754,"chr20",43513724,43515256,"cg25285621_BC11","ICR_1194"
"7739","chr20",43514758,43514759,"chr20",43513724,43515256,"cg15302378_TC11","ICR_1194"
"7740","chr20",43514848,43514849,"chr20",43513724,43515256,"cg09541000_TC21","ICR_1194"
"7741","chr20",43514854,43514855,"chr20",43513724,43515256,"cg25285626_TC11","ICR_1194"
"7742","chr20",43514943,43514944,"chr20",43513724,43515256,"cg25285632_BC11","ICR_1194"
"7743","chr20",43514968,43514969,"chr20",43513724,43515256,"cg25285634_TC11","ICR_1194"
"7744","chr20",43515003,43515004,"chr20",43513724,43515256,"cg25285635_TC21","ICR_1194"
"7745","chr20",43515083,43515084,"chr20",43513724,43515256,"cg25285636_BC21","ICR_1194"
"7746","chr20",43515087,43515088,"chr20",43513724,43515256,"cg25285637_BC21","ICR_1194"
"7747","chr20",43515102,43515103,"chr20",43513724,43515256,"cg25285638_TC21","ICR_1194"
"7748","chr20",43515104,43515105,"chr20",43513724,43515256,"cg25285639_TC21","ICR_1194"
"7749","chr20",43515157,43515158,"chr20",43513724,43515256,"cg25285640_BC21","ICR_1194"
"7750","chr20",44115827,44115828,"chr20",44115827,44115890,"cg25293482_BC21","ICR_1195"
"7751","chr20",44115837,44115838,"chr20",44115827,44115890,"cg25293483_TC21","ICR_1195"
"7752","chr20",44115845,44115846,"chr20",44115827,44115890,"cg25293484_TC11","ICR_1195"
"7753","chr20",44115850,44115851,"chr20",44115827,44115890,"cg25293485_BC11","ICR_1195"
"7754","chr20",44115877,44115878,"chr20",44115827,44115890,"cg25293488_BC11","ICR_1195"
"7755","chr20",44115889,44115890,"chr20",44115827,44115890,"cg25293490_BC11","ICR_1195"
"7756","chr20",44750143,44750144,"chr20",44750132,44750578,"cg25302328_TC11","ICR_1196"
"7757","chr20",44750152,44750153,"chr20",44750132,44750578,"cg25302330_BC11","ICR_1196"
"7758","chr20",44750159,44750160,"chr20",44750132,44750578,"cg25302331_BC11","ICR_1196"
"7759","chr20",44750183,44750184,"chr20",44750132,44750578,"cg25302332_BC11","ICR_1196"
"7760","chr20",44750185,44750186,"chr20",44750132,44750578,"cg25302333_TC11","ICR_1196"
"7761","chr20",44750253,44750254,"chr20",44750132,44750578,"cg25302340_TC11","ICR_1196"
"7762","chr20",44750256,44750257,"chr20",44750132,44750578,"cg25302341_BC11","ICR_1196"
"7763","chr20",44750299,44750300,"chr20",44750132,44750578,"cg25302344_TC11","ICR_1196"
"7764","chr20",44750311,44750312,"chr20",44750132,44750578,"cg25301532_TC11","ICR_1196"
"7765","chr20",44750330,44750331,"chr20",44750132,44750578,"cg25302346_TC11","ICR_1196"
"7766","chr20",44750341,44750342,"chr20",44750132,44750578,"cg25302347_BC11","ICR_1196"
"7767","chr20",44750348,44750349,"chr20",44750132,44750578,"cg25302348_TC11","ICR_1196"
"7768","chr20",44750477,44750478,"chr20",44750132,44750578,"cg25302360_TC11","ICR_1196"
"7769","chr20",44750504,44750505,"chr20",44750132,44750578,"cg25302362_TC11","ICR_1196"
"7770","chr20",44750542,44750543,"chr20",44750132,44750578,"cg25302363_BC11","ICR_1196"
"7771","chr20",44750552,44750553,"chr20",44750132,44750578,"cg25302364_BC11","ICR_1196"
"7772","chr20",44750577,44750578,"chr20",44750132,44750578,"cg25302365_BC11","ICR_1196"
"7773","chr20",45312225,45312226,"chr20",45312225,45312454,"cg25308121_BC21","ICR_1197"
"7774","chr20",45312277,45312278,"chr20",45312225,45312454,"cg25308122_TO11","ICR_1197"
"7775","chr20",45312289,45312290,"chr20",45312225,45312454,"cg25308123_TO11","ICR_1197"
"7776","chr20",45312301,45312302,"chr20",45312225,45312454,"cg25308124_BC11","ICR_1197"
"7777","chr20",45312303,45312304,"chr20",45312225,45312454,"cg25308125_BC21","ICR_1197"
"7778","chr20",45312310,45312311,"chr20",45312225,45312454,"cg25308126_TC21","ICR_1197"
"7779","chr20",45312334,45312335,"chr20",45312225,45312454,"cg25308127_TC21","ICR_1197"
"7780","chr20",45312390,45312391,"chr20",45312225,45312454,"cg25308131_BC11","ICR_1197"
"7781","chr20",45312394,45312395,"chr20",45312225,45312454,"cg25308132_TC11","ICR_1197"
"7782","chr20",45312405,45312406,"chr20",45312225,45312454,"cg25308133_TC11","ICR_1197"
"7783","chr20",45971225,45971226,"chr20",45971223,45971284,"cg25316247_TC11","ICR_1198"
"7784","chr20",46009741,46009742,"chr20",46009741,46009970,"cg25316869_BC21","ICR_1199"
"7785","chr20",46009749,46009750,"chr20",46009741,46009970,"cg25316870_TC21","ICR_1199"
"7786","chr20",46009877,46009878,"chr20",46009741,46009970,"cg20925811_BC21","ICR_1199"
"7787","chr20",46009892,46009893,"chr20",46009741,46009970,"cg25316871_TC21","ICR_1199"
"7788","chr20",46009907,46009908,"chr20",46009741,46009970,"cg25316872_BC21","ICR_1199"
"7789","chr20",46009935,46009936,"chr20",46009741,46009970,"cg25316874_TC21","ICR_1199"
"7790","chr20",46009969,46009970,"chr20",46009741,46009970,"cg25316875_BO11","ICR_1199"
"7791","chr20",46153335,46153336,"chr20",46153335,46153644,"cg25319345_TC11","ICR_1200"
"7792","chr20",46153335,46153336,"chr20",46153335,46153644,"cg25319345_TC12","ICR_1200"
"7793","chr20",46153401,46153402,"chr20",46153335,46153644,"cg25319349_BC21","ICR_1200"
"7794","chr20",46153401,46153402,"chr20",46153335,46153644,"cg25319349_BC22","ICR_1200"
"7795","chr20",46153409,46153410,"chr20",46153335,46153644,"cg25319350_TC21","ICR_1200"
"7796","chr20",46153443,46153444,"chr20",46153335,46153644,"cg25319352_TO11","ICR_1200"
"7797","chr20",46153462,46153463,"chr20",46153335,46153644,"cg25319353_TC21","ICR_1200"
"7798","chr20",46153475,46153476,"chr20",46153335,46153644,"cg25319354_TC11","ICR_1200"
"7799","chr20",46153477,46153478,"chr20",46153335,46153644,"cg25319355_BC11","ICR_1200"
"7800","chr20",46153483,46153484,"chr20",46153335,46153644,"cg25319356_TC11","ICR_1200"
"7801","chr20",46153486,46153487,"chr20",46153335,46153644,"cg11206526_BC11","ICR_1200"
"7802","chr20",46153495,46153496,"chr20",46153335,46153644,"cg25319357_TC11","ICR_1200"
"7803","chr20",46153515,46153516,"chr20",46153335,46153644,"cg25319359_TC11","ICR_1200"
"7804","chr20",46153520,46153521,"chr20",46153335,46153644,"cg25319360_BC11","ICR_1200"
"7805","chr20",46153525,46153526,"chr20",46153335,46153644,"cg25319361_BC11","ICR_1200"
"7806","chr20",46153533,46153534,"chr20",46153335,46153644,"cg25319362_TC11","ICR_1200"
"7807","chr20",46153536,46153537,"chr20",46153335,46153644,"cg25319363_BC11","ICR_1200"
"7808","chr20",46153582,46153583,"chr20",46153335,46153644,"cg25319366_BC11","ICR_1200"
"7809","chr20",46153643,46153644,"chr20",46153335,46153644,"cg25319367_BC21","ICR_1200"
"7810","chr20",46210336,46210337,"chr20",46210328,46210446,"cg25320247_BC11","ICR_1201"
"7811","chr20",46210338,46210339,"chr20",46210328,46210446,"cg25320248_TC11","ICR_1201"
"7812","chr20",46541614,46541615,"chr20",46541614,46541812,"cg12288076_BC21","ICR_1202"
"7813","chr20",46541622,46541623,"chr20",46541614,46541812,"cg25324275_TC21","ICR_1202"
"7814","chr20",46541631,46541632,"chr20",46541614,46541812,"cg25324276_TC21","ICR_1202"
"7815","chr20",46541635,46541636,"chr20",46541614,46541812,"cg25324277_BC21","ICR_1202"
"7816","chr20",46541646,46541647,"chr20",46541614,46541812,"cg25324278_BC11","ICR_1202"
"7817","chr20",57350950,57350951,"chr20",57350800,57350963,"cg25460495_TO11","ICR_1203"
"7818","chr20",57350962,57350963,"chr20",57350800,57350963,"cg25460497_TC21","ICR_1203"
"7819","chr20",58467427,58467428,"chr20",58467427,58467570,"cg25477618_TO11","ICR_1204"
"7820","chr20",58467443,58467444,"chr20",58467427,58467570,"cg25477620_TO11","ICR_1204"
"7821","chr20",58467470,58467471,"chr20",58467427,58467570,"cg25477621_TC11","ICR_1204"
"7822","chr20",58467476,58467477,"chr20",58467427,58467570,"cg25477622_TC11","ICR_1204"
"7823","chr20",58467487,58467488,"chr20",58467427,58467570,"cg17382918_BC11","ICR_1204"
"7824","chr20",58467487,58467488,"chr20",58467427,58467570,"cg17382918_BC12","ICR_1204"
"7825","chr20",58467505,58467506,"chr20",58467427,58467570,"cg25477623_TC11","ICR_1204"
"7826","chr20",58467508,58467509,"chr20",58467427,58467570,"cg25477624_BC11","ICR_1204"
"7827","chr20",58467537,58467538,"chr20",58467427,58467570,"cg25477627_TO11","ICR_1204"
"7828","chr20",58467554,58467555,"chr20",58467427,58467570,"cg25477628_BC11","ICR_1204"
"7829","chr20",58467569,58467570,"chr20",58467427,58467570,"cg25477629_BC11","ICR_1204"
"7830","chr20",58839161,58839162,"chr20",58839106,58842875,"cg17696847_BC21","ICR_1205"
"7831","chr20",58839217,58839218,"chr20",58839106,58842875,"cg23732978_BO21","ICR_1205"
"7832","chr20",58839295,58839296,"chr20",58839106,58842875,"cg20019489_BC21","ICR_1205"
"7833","chr20",58839465,58839466,"chr20",58839106,58842875,"cg25483686_TC21","ICR_1205"
"7834","chr20",58839473,58839474,"chr20",58839106,58842875,"cg12054318_BC21","ICR_1205"
"7835","chr20",58839483,58839484,"chr20",58839106,58842875,"cg25268451_BC21","ICR_1205"
"7836","chr20",58839540,58839541,"chr20",58839106,58842875,"cg21330323_TC11","ICR_1205"
"7837","chr20",58839540,58839541,"chr20",58839106,58842875,"cg21330323_TC12","ICR_1205"
"7838","chr20",58839779,58839780,"chr20",58839106,58842875,"cg25483703_BC11","ICR_1205"
"7839","chr20",58839811,58839812,"chr20",58839106,58842875,"cg25483708_TC21","ICR_1205"
"7840","chr20",58839839,58839840,"chr20",58839106,58842875,"cg25483709_BC11","ICR_1205"
"7841","chr20",58839906,58839907,"chr20",58839106,58842875,"cg25483710_TC21","ICR_1205"
"7842","chr20",58839988,58839989,"chr20",58839106,58842875,"cg25483711_TC21","ICR_1205"
"7843","chr20",58840024,58840025,"chr20",58839106,58842875,"cg25483712_BC21","ICR_1205"
"7844","chr20",58840047,58840048,"chr20",58839106,58842875,"cg25483713_TC11","ICR_1205"
"7845","chr20",58840112,58840113,"chr20",58839106,58842875,"cg25483715_TC11","ICR_1205"
"7846","chr20",58840121,58840122,"chr20",58839106,58842875,"cg14728235_TC11","ICR_1205"
"7847","chr20",58840121,58840122,"chr20",58839106,58842875,"cg14728235_TC12","ICR_1205"
"7848","chr20",58840136,58840137,"chr20",58839106,58842875,"cg25483716_TC21","ICR_1205"
"7849","chr20",58840139,58840140,"chr20",58839106,58842875,"cg25483717_BC11","ICR_1205"
"7850","chr20",58840145,58840146,"chr20",58839106,58842875,"cg25483718_TC11","ICR_1205"
"7851","chr20",58840145,58840146,"chr20",58839106,58842875,"cg25483718_TC12","ICR_1205"
"7852","chr20",58840224,58840225,"chr20",58839106,58842875,"cg25483726_TC11","ICR_1205"
"7853","chr20",58840234,58840235,"chr20",58839106,58842875,"cg25483728_TC11","ICR_1205"
"7854","chr20",58840234,58840235,"chr20",58839106,58842875,"cg25483728_TC12","ICR_1205"
"7855","chr20",58840268,58840269,"chr20",58839106,58842875,"cg25483731_BC11","ICR_1205"
"7856","chr20",58840272,58840273,"chr20",58839106,58842875,"cg25483733_TC11","ICR_1205"
"7857","chr20",58840286,58840287,"chr20",58839106,58842875,"cg25483735_BC11","ICR_1205"
"7858","chr20",58840286,58840287,"chr20",58839106,58842875,"cg25483735_BC12","ICR_1205"
"7859","chr20",58840289,58840290,"chr20",58839106,58842875,"cg25483736_TC11","ICR_1205"
"7860","chr20",58840289,58840290,"chr20",58839106,58842875,"cg25483736_TC12","ICR_1205"
"7861","chr20",58840303,58840304,"chr20",58839106,58842875,"cg25483737_BC11","ICR_1205"
"7862","chr20",58840313,58840314,"chr20",58839106,58842875,"cg25483738_BC11","ICR_1205"
"7863","chr20",58840345,58840346,"chr20",58839106,58842875,"cg25483740_TC11","ICR_1205"
"7864","chr20",58840345,58840346,"chr20",58839106,58842875,"cg25483740_TC12","ICR_1205"
"7865","chr20",58840350,58840351,"chr20",58839106,58842875,"cg25483742_BC11","ICR_1205"
"7866","chr20",58840350,58840351,"chr20",58839106,58842875,"cg25483742_BC12","ICR_1205"
"7867","chr20",58840414,58840415,"chr20",58839106,58842875,"cg25483746_TC11","ICR_1205"
"7868","chr20",58840426,58840427,"chr20",58839106,58842875,"cg25483747_TC11","ICR_1205"
"7869","chr20",58840426,58840427,"chr20",58839106,58842875,"cg25483747_TC12","ICR_1205"
"7870","chr20",58840432,58840433,"chr20",58839106,58842875,"cg25483748_TO11","ICR_1205"
"7871","chr20",58840432,58840433,"chr20",58839106,58842875,"cg25483748_TO12","ICR_1205"
"7872","chr20",58840462,58840463,"chr20",58839106,58842875,"cg25483754_BC11","ICR_1205"
"7873","chr20",58840468,58840469,"chr20",58839106,58842875,"cg25483755_TC11","ICR_1205"
"7874","chr20",58840516,58840517,"chr20",58839106,58842875,"cg25483760_BO11","ICR_1205"
"7875","chr20",58840538,58840539,"chr20",58839106,58842875,"cg25483763_BC11","ICR_1205"
"7876","chr20",58840538,58840539,"chr20",58839106,58842875,"cg25483763_BC12","ICR_1205"
"7877","chr20",58840540,58840541,"chr20",58839106,58842875,"cg25483764_BC21","ICR_1205"
"7878","chr20",58840540,58840541,"chr20",58839106,58842875,"cg25483764_BC22","ICR_1205"
"7879","chr20",58840545,58840546,"chr20",58839106,58842875,"cg25483765_TC21","ICR_1205"
"7880","chr20",58840545,58840546,"chr20",58839106,58842875,"cg25483765_TC22","ICR_1205"
"7881","chr20",58840589,58840590,"chr20",58839106,58842875,"cg25483767_TC11","ICR_1205"
"7882","chr20",58840589,58840590,"chr20",58839106,58842875,"cg25483767_TC12","ICR_1205"
"7883","chr20",58840597,58840598,"chr20",58839106,58842875,"cg25483768_BC11","ICR_1205"
"7884","chr20",58840610,58840611,"chr20",58839106,58842875,"cg25483769_TC11","ICR_1205"
"7885","chr20",58840610,58840611,"chr20",58839106,58842875,"cg25483769_TC12","ICR_1205"
"7886","chr20",58840618,58840619,"chr20",58839106,58842875,"cg25483770_TC11","ICR_1205"
"7887","chr20",58840618,58840619,"chr20",58839106,58842875,"cg25483770_TC12","ICR_1205"
"7888","chr20",58840621,58840622,"chr20",58839106,58842875,"cg25483771_BC11","ICR_1205"
"7889","chr20",58840638,58840639,"chr20",58839106,58842875,"cg25483775_BC21","ICR_1205"
"7890","chr20",58840641,58840642,"chr20",58839106,58842875,"cg19296354_TC21","ICR_1205"
"7891","chr20",58840693,58840694,"chr20",58839106,58842875,"cg25483776_BO11","ICR_1205"
"7892","chr20",58840725,58840726,"chr20",58839106,58842875,"cg25483778_BC21","ICR_1205"
"7893","chr20",58840754,58840755,"chr20",58839106,58842875,"cg25483780_TC11","ICR_1205"
"7894","chr20",58840851,58840852,"chr20",58839106,58842875,"cg25483789_BO11","ICR_1205"
"7895","chr20",58840851,58840852,"chr20",58839106,58842875,"cg25483789_BO12","ICR_1205"
"7896","chr20",58840854,58840855,"chr20",58839106,58842875,"cg25483790_TO11","ICR_1205"
"7897","chr20",58840899,58840900,"chr20",58839106,58842875,"cg15725616_BC21","ICR_1205"
"7898","chr20",58840922,58840923,"chr20",58839106,58842875,"cg18035618_BC21","ICR_1205"
"7899","chr20",58840936,58840937,"chr20",58839106,58842875,"cg25483791_BC21","ICR_1205"
"7900","chr20",58841037,58841038,"chr20",58839106,58842875,"cg25483795_TC21","ICR_1205"
"7901","chr20",58841037,58841038,"chr20",58839106,58842875,"cg25483795_TC22","ICR_1205"
"7902","chr20",58841072,58841073,"chr20",58839106,58842875,"cg25483796_BC21","ICR_1205"
"7903","chr20",58841102,58841103,"chr20",58839106,58842875,"cg25483798_TC21","ICR_1205"
"7904","chr20",58841107,58841108,"chr20",58839106,58842875,"cg25483799_BC21","ICR_1205"
"7905","chr20",58841107,58841108,"chr20",58839106,58842875,"cg25483799_BC22","ICR_1205"
"7906","chr20",58841111,58841112,"chr20",58839106,58842875,"cg25483800_TC11","ICR_1205"
"7907","chr20",58841114,58841115,"chr20",58839106,58842875,"cg25483801_BC11","ICR_1205"
"7908","chr20",58841146,58841147,"chr20",58839106,58842875,"cg25483804_TC11","ICR_1205"
"7909","chr20",58841159,58841160,"chr20",58839106,58842875,"cg25483805_TC11","ICR_1205"
"7910","chr20",58841165,58841166,"chr20",58839106,58842875,"cg24975842_BC11","ICR_1205"
"7911","chr20",58841167,58841168,"chr20",58839106,58842875,"cg25483806_TC21","ICR_1205"
"7912","chr20",58841178,58841179,"chr20",58839106,58842875,"cg25483807_TC21","ICR_1205"
"7913","chr20",58841182,58841183,"chr20",58839106,58842875,"cg25483808_BC21","ICR_1205"
"7914","chr20",58841213,58841214,"chr20",58839106,58842875,"cg25483809_BO11","ICR_1205"
"7915","chr20",58841308,58841309,"chr20",58839106,58842875,"cg25483812_TC21","ICR_1205"
"7916","chr20",58841316,58841317,"chr20",58839106,58842875,"cg25483813_TC21","ICR_1205"
"7917","chr20",58841318,58841319,"chr20",58839106,58842875,"cg25483814_TC21","ICR_1205"
"7918","chr20",58841318,58841319,"chr20",58839106,58842875,"cg25483814_TC22","ICR_1205"
"7919","chr20",58841320,58841321,"chr20",58839106,58842875,"cg25483815_BC21","ICR_1205"
"7920","chr20",58841332,58841333,"chr20",58839106,58842875,"cg25483816_BC11","ICR_1205"
"7921","chr20",58841347,58841348,"chr20",58839106,58842875,"cg25483817_TC11","ICR_1205"
"7922","chr20",58841349,58841350,"chr20",58839106,58842875,"cg25483818_TC21","ICR_1205"
"7923","chr20",58841363,58841364,"chr20",58839106,58842875,"cg25483819_TC11","ICR_1205"
"7924","chr20",58841375,58841376,"chr20",58839106,58842875,"cg25483820_TC21","ICR_1205"
"7925","chr20",58841425,58841426,"chr20",58839106,58842875,"cg25483822_TO11","ICR_1205"
"7926","chr20",58841443,58841444,"chr20",58839106,58842875,"cg25483825_TC11","ICR_1205"
"7927","chr20",58841445,58841446,"chr20",58839106,58842875,"cg25483826_BC11","ICR_1205"
"7928","chr20",58841447,58841448,"chr20",58839106,58842875,"cg25483827_TC21","ICR_1205"
"7929","chr20",58841450,58841451,"chr20",58839106,58842875,"cg18619398_TC21","ICR_1205"
"7930","chr20",58841469,58841470,"chr20",58839106,58842875,"cg25483828_TC11","ICR_1205"
"7931","chr20",58841503,58841504,"chr20",58839106,58842875,"cg25483830_BC11","ICR_1205"
"7932","chr20",58841512,58841513,"chr20",58839106,58842875,"cg25483831_TC11","ICR_1205"
"7933","chr20",58841514,58841515,"chr20",58839106,58842875,"cg25483832_TC11","ICR_1205"
"7934","chr20",58841713,58841714,"chr20",58839106,58842875,"cg25483855_BO11","ICR_1205"
"7935","chr20",58841731,58841732,"chr20",58839106,58842875,"cg25483856_TC21","ICR_1205"
"7936","chr20",58841747,58841748,"chr20",58839106,58842875,"cg25483857_TC21","ICR_1205"
"7937","chr20",58841750,58841751,"chr20",58839106,58842875,"cg25483858_TC11","ICR_1205"
"7938","chr20",58841772,58841773,"chr20",58839106,58842875,"cg25483859_BC21","ICR_1205"
"7939","chr20",58841772,58841773,"chr20",58839106,58842875,"cg25483859_BC22","ICR_1205"
"7940","chr20",58841782,58841783,"chr20",58839106,58842875,"cg25483860_TC21","ICR_1205"
"7941","chr20",58841801,58841802,"chr20",58839106,58842875,"cg25483861_TC21","ICR_1205"
"7942","chr20",58841816,58841817,"chr20",58839106,58842875,"cg25483862_TC21","ICR_1205"
"7943","chr20",58841853,58841854,"chr20",58839106,58842875,"cg25483863_BC21","ICR_1205"
"7944","chr20",58841859,58841860,"chr20",58839106,58842875,"cg25483864_TC21","ICR_1205"
"7945","chr20",58841862,58841863,"chr20",58839106,58842875,"cg25483865_TC11","ICR_1205"
"7946","chr20",58841904,58841905,"chr20",58839106,58842875,"cg25483867_BC21","ICR_1205"
"7947","chr20",58841911,58841912,"chr20",58839106,58842875,"cg25483868_BC11","ICR_1205"
"7948","chr20",58841913,58841914,"chr20",58839106,58842875,"cg25483869_TC11","ICR_1205"
"7949","chr20",58841913,58841914,"chr20",58839106,58842875,"cg25483869_TC12","ICR_1205"
"7950","chr20",58841960,58841961,"chr20",58839106,58842875,"cg25483873_TC11","ICR_1205"
"7951","chr20",58841962,58841963,"chr20",58839106,58842875,"cg25483874_BC11","ICR_1205"
"7952","chr20",58842066,58842067,"chr20",58839106,58842875,"cg25483883_TC11","ICR_1205"
"7953","chr20",58842071,58842072,"chr20",58839106,58842875,"cg25483884_BC21","ICR_1205"
"7954","chr20",58842074,58842075,"chr20",58839106,58842875,"cg25483885_TC21","ICR_1205"
"7955","chr20",58842081,58842082,"chr20",58839106,58842875,"cg25483886_BC21","ICR_1205"
"7956","chr20",58842160,58842161,"chr20",58839106,58842875,"cg25483887_TC21","ICR_1205"
"7957","chr20",58842177,58842178,"chr20",58839106,58842875,"cg20582984_TC21","ICR_1205"
"7958","chr20",58842185,58842186,"chr20",58839106,58842875,"cg25483888_TC11","ICR_1205"
"7959","chr20",58842197,58842198,"chr20",58839106,58842875,"cg25483889_TC21","ICR_1205"
"7960","chr20",58842208,58842209,"chr20",58839106,58842875,"cg25483890_BC21","ICR_1205"
"7961","chr20",58842261,58842262,"chr20",58839106,58842875,"cg25483891_TO21","ICR_1205"
"7962","chr20",58842310,58842311,"chr20",58839106,58842875,"cg25483893_BC11","ICR_1205"
"7963","chr20",58842326,58842327,"chr20",58839106,58842875,"cg25483895_BC11","ICR_1205"
"7964","chr20",58842336,58842337,"chr20",58839106,58842875,"cg25483896_BC11","ICR_1205"
"7965","chr20",58842357,58842358,"chr20",58839106,58842875,"cg25483897_TC21","ICR_1205"
"7966","chr20",58842382,58842383,"chr20",58839106,58842875,"cg25483898_BC21","ICR_1205"
"7967","chr20",58842473,58842474,"chr20",58839106,58842875,"cg25483900_BC21","ICR_1205"
"7968","chr20",58842473,58842474,"chr20",58839106,58842875,"cg25483900_BC22","ICR_1205"
"7969","chr20",58842476,58842477,"chr20",58839106,58842875,"cg25483901_TC21","ICR_1205"
"7970","chr20",58842478,58842479,"chr20",58839106,58842875,"cg25483902_TC11","ICR_1205"
"7971","chr20",58842481,58842482,"chr20",58839106,58842875,"cg25483903_TC11","ICR_1205"
"7972","chr20",58842511,58842512,"chr20",58839106,58842875,"cg25483905_TC21","ICR_1205"
"7973","chr20",58842555,58842556,"chr20",58839106,58842875,"cg25483906_BC21","ICR_1205"
"7974","chr20",58842589,58842590,"chr20",58839106,58842875,"cg25483908_BO11","ICR_1205"
"7975","chr20",58842624,58842625,"chr20",58839106,58842875,"cg25483909_TC11","ICR_1205"
"7976","chr20",58842637,58842638,"chr20",58839106,58842875,"cg25483910_TC21","ICR_1205"
"7977","chr20",58842644,58842645,"chr20",58839106,58842875,"cg25483911_BC11","ICR_1205"
"7978","chr20",58842666,58842667,"chr20",58839106,58842875,"cg25483912_TC21","ICR_1205"
"7979","chr20",58842865,58842866,"chr20",58839106,58842875,"cg25483913_BC21","ICR_1205"
"7980","chr20",58842874,58842875,"chr20",58839106,58842875,"cg25483914_BC21","ICR_1205"
"7981","chr20",58850158,58850159,"chr20",58850157,58852357,"cg25483975_TO21","ICR_1206"
"7982","chr20",58850396,58850397,"chr20",58850157,58852357,"cg25483976_TC21","ICR_1206"
"7983","chr20",58850415,58850416,"chr20",58850157,58852357,"cg25483977_BC21","ICR_1206"
"7984","chr20",58850447,58850448,"chr20",58850157,58852357,"cg25483979_TC21","ICR_1206"
"7985","chr20",58850449,58850450,"chr20",58850157,58852357,"cg25483980_TC21","ICR_1206"
"7986","chr20",58850668,58850669,"chr20",58850157,58852357,"cg25483982_TC21","ICR_1206"
"7987","chr20",58850682,58850683,"chr20",58850157,58852357,"cg25483983_TC21","ICR_1206"
"7988","chr20",58850790,58850791,"chr20",58850157,58852357,"cg25483987_BC11","ICR_1206"
"7989","chr20",58850793,58850794,"chr20",58850157,58852357,"cg25483988_TC11","ICR_1206"
"7990","chr20",58850799,58850800,"chr20",58850157,58852357,"cg25483989_BC11","ICR_1206"
"7991","chr20",58850806,58850807,"chr20",58850157,58852357,"cg25483990_TC11","ICR_1206"
"7992","chr20",58850837,58850838,"chr20",58850157,58852357,"cg25483992_BC11","ICR_1206"
"7993","chr20",58850847,58850848,"chr20",58850157,58852357,"cg25483993_BC11","ICR_1206"
"7994","chr20",58850877,58850878,"chr20",58850157,58852357,"cg25483994_BC11","ICR_1206"
"7995","chr20",58850889,58850890,"chr20",58850157,58852357,"cg25483996_BC11","ICR_1206"
"7996","chr20",58850891,58850892,"chr20",58850157,58852357,"cg25483997_BC11","ICR_1206"
"7997","chr20",58850894,58850895,"chr20",58850157,58852357,"cg25483998_TC11","ICR_1206"
"7998","chr20",58850923,58850924,"chr20",58850157,58852357,"cg18935491_BC11","ICR_1206"
"7999","chr20",58850930,58850931,"chr20",58850157,58852357,"cg24203465_BC21","ICR_1206"
"8000","chr20",58850930,58850931,"chr20",58850157,58852357,"cg24203465_BC22","ICR_1206"
"8001","chr20",58850938,58850939,"chr20",58850157,58852357,"cg26102503_BC21","ICR_1206"
"8002","chr20",58850953,58850954,"chr20",58850157,58852357,"cg25483999_BC21","ICR_1206"
"8003","chr20",58851010,58851011,"chr20",58850157,58852357,"cg25484002_TC11","ICR_1206"
"8004","chr20",58851082,58851083,"chr20",58850157,58852357,"cg14660776_BC21","ICR_1206"
"8005","chr20",58851082,58851083,"chr20",58850157,58852357,"cg14660776_BC22","ICR_1206"
"8006","chr20",58851159,58851160,"chr20",58850157,58852357,"cg19592829_TC21","ICR_1206"
"8007","chr20",58851184,58851185,"chr20",58850157,58852357,"cg20401058_TC21","ICR_1206"
"8008","chr20",58851208,58851209,"chr20",58850157,58852357,"cg09123158_TC21","ICR_1206"
"8009","chr20",58851208,58851209,"chr20",58850157,58852357,"cg09123158_TC22","ICR_1206"
"8010","chr20",58851218,58851219,"chr20",58850157,58852357,"cg19140375_BC11","ICR_1206"
"8011","chr20",58851266,58851267,"chr20",58850157,58852357,"cg11669839_BC21","ICR_1206"
"8012","chr20",58851312,58851313,"chr20",58850157,58852357,"cg17841572_TC21","ICR_1206"
"8013","chr20",58851318,58851319,"chr20",58850157,58852357,"cg25229306_TC21","ICR_1206"
"8014","chr20",58851327,58851328,"chr20",58850157,58852357,"cg14482474_TC21","ICR_1206"
"8015","chr20",58851327,58851328,"chr20",58850157,58852357,"cg14482474_TC22","ICR_1206"
"8016","chr20",58851339,58851340,"chr20",58850157,58852357,"cg11285807_BC11","ICR_1206"
"8017","chr20",58851482,58851483,"chr20",58850157,58852357,"cg22860367_BC21","ICR_1206"
"8018","chr20",58851524,58851525,"chr20",58850157,58852357,"cg15631127_TC11","ICR_1206"
"8019","chr20",58851570,58851571,"chr20",58850157,58852357,"cg23484981_TC21","ICR_1206"
"8020","chr20",58851674,58851675,"chr20",58850157,58852357,"cg25484007_TC21","ICR_1206"
"8021","chr20",58851693,58851694,"chr20",58850157,58852357,"cg15160445_BC21","ICR_1206"
"8022","chr20",58851701,58851702,"chr20",58850157,58852357,"cg25326570_TC21","ICR_1206"
"8023","chr20",58851703,58851704,"chr20",58850157,58852357,"cg23249369_BC11","ICR_1206"
"8024","chr20",58851711,58851712,"chr20",58850157,58852357,"cg25484008_BO11","ICR_1206"
"8025","chr20",58851714,58851715,"chr20",58850157,58852357,"cg25484009_TO11","ICR_1206"
"8026","chr20",58851726,58851727,"chr20",58850157,58852357,"cg25484010_TO11","ICR_1206"
"8027","chr20",58851745,58851746,"chr20",58850157,58852357,"cg14176797_TC21","ICR_1206"
"8028","chr20",58851802,58851803,"chr20",58850157,58852357,"cg27262796_BO11","ICR_1206"
"8029","chr20",58851875,58851876,"chr20",58850157,58852357,"cg21938532_TC11","ICR_1206"
"8030","chr20",58851894,58851895,"chr20",58850157,58852357,"cg22989942_TC11","ICR_1206"
"8031","chr20",58851901,58851902,"chr20",58850157,58852357,"cg25484013_TC11","ICR_1206"
"8032","chr20",58851914,58851915,"chr20",58850157,58852357,"cg25484014_TO11","ICR_1206"
"8033","chr20",58851921,58851922,"chr20",58850157,58852357,"cg25484015_BO11","ICR_1206"
"8034","chr20",58851923,58851924,"chr20",58850157,58852357,"cg18224653_TC11","ICR_1206"
"8035","chr20",58851925,58851926,"chr20",58850157,58852357,"cg25484016_TC21","ICR_1206"
"8036","chr20",58851974,58851975,"chr20",58850157,58852357,"cg12573482_BC21","ICR_1206"
"8037","chr20",58852061,58852062,"chr20",58850157,58852357,"cg13728472_BC11","ICR_1206"
"8038","chr20",58852083,58852084,"chr20",58850157,58852357,"cg25484017_TC21","ICR_1206"
"8039","chr20",58852090,58852091,"chr20",58850157,58852357,"cg24617313_TC11","ICR_1206"
"8040","chr20",58852117,58852118,"chr20",58850157,58852357,"cg22290117_TC21","ICR_1206"
"8041","chr20",58852117,58852118,"chr20",58850157,58852357,"cg22290117_TC22","ICR_1206"
"8042","chr20",58852154,58852155,"chr20",58850157,58852357,"cg26496204_TC21","ICR_1206"
"8043","chr20",58852154,58852155,"chr20",58850157,58852357,"cg26496204_TC22","ICR_1206"
"8044","chr20",58852285,58852286,"chr20",58850157,58852357,"cg25484021_BC21","ICR_1206"
"8045","chr20",58852356,58852357,"chr20",58850157,58852357,"cg25652859_BC21","ICR_1206"
"8046","chr20",58853849,58853850,"chr20",58853849,58856828,"cg25484061_TC21","ICR_1207"
"8047","chr20",58853849,58853850,"chr20",58853849,58856828,"cg25484061_TC22","ICR_1207"
"8048","chr20",58853861,58853862,"chr20",58853849,58856828,"cg25484062_TC21","ICR_1207"
"8049","chr20",58853969,58853970,"chr20",58853849,58856828,"cg20554943_TC11","ICR_1207"
"8050","chr20",58853983,58853984,"chr20",58853849,58856828,"cg25484063_BO11","ICR_1207"
"8051","chr20",58854002,58854003,"chr20",58853849,58856828,"cg25484065_TC11","ICR_1207"
"8052","chr20",58854011,58854012,"chr20",58853849,58856828,"cg25484066_TO11","ICR_1207"
"8053","chr20",58854073,58854074,"chr20",58853849,58856828,"cg25484077_TC11","ICR_1207"
"8054","chr20",58854077,58854078,"chr20",58853849,58856828,"cg25484078_BC11","ICR_1207"
"8055","chr20",58854077,58854078,"chr20",58853849,58856828,"cg25484078_BC12","ICR_1207"
"8056","chr20",58854079,58854080,"chr20",58853849,58856828,"cg25484079_BC11","ICR_1207"
"8057","chr20",58854179,58854180,"chr20",58853849,58856828,"cg25484083_TC11","ICR_1207"
"8058","chr20",58854203,58854204,"chr20",58853849,58856828,"cg25484086_BC11","ICR_1207"
"8059","chr20",58854209,58854210,"chr20",58853849,58856828,"cg25484087_TC11","ICR_1207"
"8060","chr20",58854218,58854219,"chr20",58853849,58856828,"cg25484088_TC11","ICR_1207"
"8061","chr20",58854230,58854231,"chr20",58853849,58856828,"cg25484089_TC11","ICR_1207"
"8062","chr20",58854254,58854255,"chr20",58853849,58856828,"cg25484090_BC11","ICR_1207"
"8063","chr20",58854256,58854257,"chr20",58853849,58856828,"cg25484091_TC11","ICR_1207"
"8064","chr20",58854263,58854264,"chr20",58853849,58856828,"cg25484092_BC11","ICR_1207"
"8065","chr20",58854263,58854264,"chr20",58853849,58856828,"cg25484092_BC12","ICR_1207"
"8066","chr20",58854268,58854269,"chr20",58853849,58856828,"cg25484093_TC11","ICR_1207"
"8067","chr20",58854284,58854285,"chr20",58853849,58856828,"cg25484094_TO11","ICR_1207"
"8068","chr20",58854413,58854414,"chr20",58853849,58856828,"cg25484102_TC11","ICR_1207"
"8069","chr20",58854427,58854428,"chr20",58853849,58856828,"cg25484103_TC21","ICR_1207"
"8070","chr20",58854434,58854435,"chr20",58853849,58856828,"cg25484104_BC11","ICR_1207"
"8071","chr20",58854464,58854465,"chr20",58853849,58856828,"cg25484105_TC21","ICR_1207"
"8072","chr20",58854476,58854477,"chr20",58853849,58856828,"cg25484106_BC11","ICR_1207"
"8073","chr20",58854497,58854498,"chr20",58853849,58856828,"cg25484107_BO11","ICR_1207"
"8074","chr20",58854503,58854504,"chr20",58853849,58856828,"cg25484108_TO11","ICR_1207"
"8075","chr20",58854518,58854519,"chr20",58853849,58856828,"cg25484109_BO11","ICR_1207"
"8076","chr20",58854530,58854531,"chr20",58853849,58856828,"cg25484110_TO11","ICR_1207"
"8077","chr20",58854539,58854540,"chr20",58853849,58856828,"cg25484111_TO11","ICR_1207"
"8078","chr20",58854545,58854546,"chr20",58853849,58856828,"cg25484112_TC11","ICR_1207"
"8079","chr20",58854697,58854698,"chr20",58853849,58856828,"cg25484132_BC11","ICR_1207"
"8080","chr20",58854711,58854712,"chr20",58853849,58856828,"cg25484133_BC11","ICR_1207"
"8081","chr20",58854725,58854726,"chr20",58853849,58856828,"cg25484134_BC11","ICR_1207"
"8082","chr20",58854725,58854726,"chr20",58853849,58856828,"cg25484134_BC12","ICR_1207"
"8083","chr20",58854736,58854737,"chr20",58853849,58856828,"cg25484136_BC21","ICR_1207"
"8084","chr20",58854743,58854744,"chr20",58853849,58856828,"cg25484137_BC21","ICR_1207"
"8085","chr20",58854798,58854799,"chr20",58853849,58856828,"cg25484142_BC11","ICR_1207"
"8086","chr20",58854824,58854825,"chr20",58853849,58856828,"cg25484143_BC21","ICR_1207"
"8087","chr20",58854834,58854835,"chr20",58853849,58856828,"cg25484144_BC21","ICR_1207"
"8088","chr20",58854878,58854879,"chr20",58853849,58856828,"cg25484146_BO11","ICR_1207"
"8089","chr20",58854883,58854884,"chr20",58853849,58856828,"cg25484148_TO11","ICR_1207"
"8090","chr20",58854995,58854996,"chr20",58853849,58856828,"cg25484166_BC11","ICR_1207"
"8091","chr20",58855001,58855002,"chr20",58853849,58856828,"cg25484167_BC11","ICR_1207"
"8092","chr20",58855010,58855011,"chr20",58853849,58856828,"cg25484169_BC11","ICR_1207"
"8093","chr20",58855047,58855048,"chr20",58853849,58856828,"cg25484172_BC11","ICR_1207"
"8094","chr20",58855050,58855051,"chr20",58853849,58856828,"cg25484173_TC11","ICR_1207"
"8095","chr20",58855056,58855057,"chr20",58853849,58856828,"cg25484174_BC11","ICR_1207"
"8096","chr20",58855059,58855060,"chr20",58853849,58856828,"cg25484175_BC11","ICR_1207"
"8097","chr20",58855062,58855063,"chr20",58853849,58856828,"cg25484176_TC11","ICR_1207"
"8098","chr20",58855065,58855066,"chr20",58853849,58856828,"cg25484177_TC11","ICR_1207"
"8099","chr20",58855077,58855078,"chr20",58853849,58856828,"cg26711395_TC11","ICR_1207"
"8100","chr20",58855089,58855090,"chr20",58853849,58856828,"cg25484178_TO11","ICR_1207"
"8101","chr20",58855112,58855113,"chr20",58853849,58856828,"cg25484180_TO11","ICR_1207"
"8102","chr20",58855124,58855125,"chr20",58853849,58856828,"cg25484181_BC11","ICR_1207"
"8103","chr20",58855128,58855129,"chr20",58853849,58856828,"cg25484182_TC21","ICR_1207"
"8104","chr20",58855156,58855157,"chr20",58853849,58856828,"cg25484183_BC11","ICR_1207"
"8105","chr20",58855156,58855157,"chr20",58853849,58856828,"cg25484183_BC12","ICR_1207"
"8106","chr20",58855158,58855159,"chr20",58853849,58856828,"cg25484184_TC21","ICR_1207"
"8107","chr20",58855189,58855190,"chr20",58853849,58856828,"cg25484185_BO11","ICR_1207"
"8108","chr20",58855197,58855198,"chr20",58853849,58856828,"cg25484186_TC11","ICR_1207"
"8109","chr20",58855197,58855198,"chr20",58853849,58856828,"cg25484186_TC12","ICR_1207"
"8110","chr20",58855209,58855210,"chr20",58853849,58856828,"cg25484187_BC21","ICR_1207"
"8111","chr20",58855230,58855231,"chr20",58853849,58856828,"cg25484188_BC11","ICR_1207"
"8112","chr20",58855230,58855231,"chr20",58853849,58856828,"cg25484188_BC12","ICR_1207"
"8113","chr20",58855242,58855243,"chr20",58853849,58856828,"cg25484189_BC11","ICR_1207"
"8114","chr20",58855244,58855245,"chr20",58853849,58856828,"cg25484190_BC11","ICR_1207"
"8115","chr20",58855257,58855258,"chr20",58853849,58856828,"cg21625881_BC21","ICR_1207"
"8116","chr20",58855271,58855272,"chr20",58853849,58856828,"cg25484191_BC11","ICR_1207"
"8117","chr20",58855312,58855313,"chr20",58853849,58856828,"cg25484193_TC11","ICR_1207"
"8118","chr20",58855317,58855318,"chr20",58853849,58856828,"cg25484194_TC11","ICR_1207"
"8119","chr20",58855339,58855340,"chr20",58853849,58856828,"cg25484195_TC21","ICR_1207"
"8120","chr20",58855342,58855343,"chr20",58853849,58856828,"cg25484196_BC21","ICR_1207"
"8121","chr20",58855368,58855369,"chr20",58853849,58856828,"cg25484198_TC11","ICR_1207"
"8122","chr20",58855451,58855452,"chr20",58853849,58856828,"cg25484202_BC21","ICR_1207"
"8123","chr20",58855451,58855452,"chr20",58853849,58856828,"cg25484202_BC22","ICR_1207"
"8124","chr20",58855503,58855504,"chr20",58853849,58856828,"cg25484203_TC21","ICR_1207"
"8125","chr20",58855572,58855573,"chr20",58853849,58856828,"cg25484207_TC11","ICR_1207"
"8126","chr20",58855607,58855608,"chr20",58853849,58856828,"cg14203179_TC11","ICR_1207"
"8127","chr20",58855660,58855661,"chr20",58853849,58856828,"cg25484211_TC21","ICR_1207"
"8128","chr20",58855660,58855661,"chr20",58853849,58856828,"cg25484211_TC22","ICR_1207"
"8129","chr20",58855673,58855674,"chr20",58853849,58856828,"cg25484212_TC11","ICR_1207"
"8130","chr20",58855673,58855674,"chr20",58853849,58856828,"cg25484212_TC12","ICR_1207"
"8131","chr20",58855681,58855682,"chr20",58853849,58856828,"cg25484213_BC11","ICR_1207"
"8132","chr20",58855739,58855740,"chr20",58853849,58856828,"cg25484215_TC21","ICR_1207"
"8133","chr20",58855746,58855747,"chr20",58853849,58856828,"cg25484217_BC21","ICR_1207"
"8134","chr20",58855751,58855752,"chr20",58853849,58856828,"cg25484218_TC11","ICR_1207"
"8135","chr20",58855760,58855761,"chr20",58853849,58856828,"cg25484219_BC21","ICR_1207"
"8136","chr20",58855786,58855787,"chr20",58853849,58856828,"cg25484220_TC11","ICR_1207"
"8137","chr20",58855834,58855835,"chr20",58853849,58856828,"cg25484222_TC21","ICR_1207"
"8138","chr20",58855860,58855861,"chr20",58853849,58856828,"cg25283297_BC11","ICR_1207"
"8139","chr20",58855878,58855879,"chr20",58853849,58856828,"cg25484223_BO11","ICR_1207"
"8140","chr20",58855905,58855906,"chr20",58853849,58856828,"cg25484225_BC11","ICR_1207"
"8141","chr20",58855924,58855925,"chr20",58853849,58856828,"cg25484226_TC21","ICR_1207"
"8142","chr20",58855934,58855935,"chr20",58853849,58856828,"cg25484227_BC21","ICR_1207"
"8143","chr20",58855956,58855957,"chr20",58853849,58856828,"cg25484230_TC21","ICR_1207"
"8144","chr20",58855977,58855978,"chr20",58853849,58856828,"cg25484231_TC11","ICR_1207"
"8145","chr20",58856048,58856049,"chr20",58853849,58856828,"cg25484241_TC11","ICR_1207"
"8146","chr20",58856048,58856049,"chr20",58853849,58856828,"cg25484241_TC12","ICR_1207"
"8147","chr20",58856070,58856071,"chr20",58853849,58856828,"cg25484242_BC11","ICR_1207"
"8148","chr20",58856088,58856089,"chr20",58853849,58856828,"cg25484246_BO11","ICR_1207"
"8149","chr20",58856095,58856096,"chr20",58853849,58856828,"cg25484247_BO11","ICR_1207"
"8150","chr20",58856097,58856098,"chr20",58853849,58856828,"cg25484248_TO11","ICR_1207"
"8151","chr20",58856139,58856140,"chr20",58853849,58856828,"cg25484249_TC21","ICR_1207"
"8152","chr20",58856146,58856147,"chr20",58853849,58856828,"cg09437522_BC21","ICR_1207"
"8153","chr20",58856165,58856166,"chr20",58853849,58856828,"cg25484250_TC21","ICR_1207"
"8154","chr20",58856169,58856170,"chr20",58853849,58856828,"cg25484251_TC11","ICR_1207"
"8155","chr20",58856182,58856183,"chr20",58853849,58856828,"cg25484253_TC21","ICR_1207"
"8156","chr20",58856223,58856224,"chr20",58853849,58856828,"cg25484254_BC21","ICR_1207"
"8157","chr20",58856227,58856228,"chr20",58853849,58856828,"cg25484255_TC21","ICR_1207"
"8158","chr20",58856247,58856248,"chr20",58853849,58856828,"cg10468484_TC11","ICR_1207"
"8159","chr20",58856323,58856324,"chr20",58853849,58856828,"cg25484258_TO11","ICR_1207"
"8160","chr20",58856364,58856365,"chr20",58853849,58856828,"cg25484259_BC21","ICR_1207"
"8161","chr20",58856406,58856407,"chr20",58853849,58856828,"cg25484260_TC21","ICR_1207"
"8162","chr20",58856415,58856416,"chr20",58853849,58856828,"cg25484261_TC21","ICR_1207"
"8163","chr20",58856590,58856591,"chr20",58853849,58856828,"cg25484262_TC21","ICR_1207"
"8164","chr20",58888274,58888275,"chr20",58888274,58890270,"cg26791489_BC11","ICR_1208"
"8165","chr20",58888341,58888342,"chr20",58888274,58890270,"cg11357538_BC21","ICR_1208"
"8166","chr20",58888399,58888400,"chr20",58888274,58890270,"cg20008140_BC21","ICR_1208"
"8167","chr20",58888447,58888448,"chr20",58888274,58890270,"cg11480267_BC21","ICR_1208"
"8168","chr20",58888471,58888472,"chr20",58888274,58890270,"cg10011623_BC21","ICR_1208"
"8169","chr20",58888516,58888517,"chr20",58888274,58890270,"cg17334845_BC21","ICR_1208"
"8170","chr20",58888516,58888517,"chr20",58888274,58890270,"cg17334845_BC22","ICR_1208"
"8171","chr20",58888521,58888522,"chr20",58888274,58890270,"cg25484583_BC21","ICR_1208"
"8172","chr20",58888559,58888560,"chr20",58888274,58890270,"cg26767990_BC11","ICR_1208"
"8173","chr20",58888573,58888574,"chr20",58888274,58890270,"cg25484584_TC11","ICR_1208"
"8174","chr20",58888597,58888598,"chr20",58888274,58890270,"cg17652507_BC11","ICR_1208"
"8175","chr20",58888602,58888603,"chr20",58888274,58890270,"cg22407822_TC11","ICR_1208"
"8176","chr20",58888630,58888631,"chr20",58888274,58890270,"cg25484587_BO11","ICR_1208"
"8177","chr20",58888669,58888670,"chr20",58888274,58890270,"cg23496597_BC11","ICR_1208"
"8178","chr20",58888707,58888708,"chr20",58888274,58890270,"cg25308079_TC11","ICR_1208"
"8179","chr20",58888719,58888720,"chr20",58888274,58890270,"cg09772382_TC11","ICR_1208"
"8180","chr20",58888719,58888720,"chr20",58888274,58890270,"cg09772382_TC12","ICR_1208"
"8181","chr20",58888727,58888728,"chr20",58888274,58890270,"cg15222215_TC11","ICR_1208"
"8182","chr20",58888731,58888732,"chr20",58888274,58890270,"cg14263118_BC11","ICR_1208"
"8183","chr20",58888735,58888736,"chr20",58888274,58890270,"cg25484592_TC11","ICR_1208"
"8184","chr20",58888778,58888779,"chr20",58888274,58890270,"cg25484597_TO11","ICR_1208"
"8185","chr20",58888844,58888845,"chr20",58888274,58890270,"cg11244758_BC11","ICR_1208"
"8186","chr20",58888847,58888848,"chr20",58888274,58890270,"cg18160880_TC11","ICR_1208"
"8187","chr20",58888853,58888854,"chr20",58888274,58890270,"cg25484604_BC11","ICR_1208"
"8188","chr20",58888853,58888854,"chr20",58888274,58890270,"cg25484604_BC12","ICR_1208"
"8189","chr20",58888866,58888867,"chr20",58888274,58890270,"cg25484605_BC21","ICR_1208"
"8190","chr20",58888935,58888936,"chr20",58888274,58890270,"cg09885502_TC11","ICR_1208"
"8191","chr20",58888946,58888947,"chr20",58888274,58890270,"cg23159236_TC11","ICR_1208"
"8192","chr20",58889073,58889074,"chr20",58888274,58890270,"cg22798925_TC11","ICR_1208"
"8193","chr20",58889133,58889134,"chr20",58888274,58890270,"cg25484631_BC11","ICR_1208"
"8194","chr20",58889133,58889134,"chr20",58888274,58890270,"cg25484631_BC12","ICR_1208"
"8195","chr20",58889139,58889140,"chr20",58888274,58890270,"cg25484632_TC11","ICR_1208"
"8196","chr20",58889168,58889169,"chr20",58888274,58890270,"cg25484635_BC11","ICR_1208"
"8197","chr20",58889308,58889309,"chr20",58888274,58890270,"cg25484659_TC11","ICR_1208"
"8198","chr20",58889312,58889313,"chr20",58888274,58890270,"cg25484660_TC11","ICR_1208"
"8199","chr20",58889319,58889320,"chr20",58888274,58890270,"cg25484661_TC11","ICR_1208"
"8200","chr20",58889359,58889360,"chr20",58888274,58890270,"cg25484663_TC11","ICR_1208"
"8201","chr20",58889366,58889367,"chr20",58888274,58890270,"cg25484664_TC21","ICR_1208"
"8202","chr20",58889369,58889370,"chr20",58888274,58890270,"cg25484665_TC11","ICR_1208"
"8203","chr20",58889369,58889370,"chr20",58888274,58890270,"cg25484665_TC12","ICR_1208"
"8204","chr20",58889379,58889380,"chr20",58888274,58890270,"cg25484666_TC11","ICR_1208"
"8205","chr20",58889515,58889516,"chr20",58888274,58890270,"cg20126878_TC21","ICR_1208"
"8206","chr20",58889540,58889541,"chr20",58888274,58890270,"cg25484682_TC21","ICR_1208"
"8207","chr20",58889569,58889570,"chr20",58888274,58890270,"cg25484683_TC21","ICR_1208"
"8208","chr20",58889571,58889572,"chr20",58888274,58890270,"cg25484684_BC21","ICR_1208"
"8209","chr20",58889624,58889625,"chr20",58888274,58890270,"cg25484685_TC21","ICR_1208"
"8210","chr20",58889666,58889667,"chr20",58888274,58890270,"cg25484686_TC21","ICR_1208"
"8211","chr20",58889686,58889687,"chr20",58888274,58890270,"cg27027803_BC21","ICR_1208"
"8212","chr20",58889724,58889725,"chr20",58888274,58890270,"cg25484688_TO11","ICR_1208"
"8213","chr20",58889732,58889733,"chr20",58888274,58890270,"cg25484689_TO11","ICR_1208"
"8214","chr20",58889739,58889740,"chr20",58888274,58890270,"cg25484691_TO11","ICR_1208"
"8215","chr20",58889853,58889854,"chr20",58888274,58890270,"cg25484709_TC11","ICR_1208"
"8216","chr20",58889862,58889863,"chr20",58888274,58890270,"cg25484710_TC11","ICR_1208"
"8217","chr20",58889914,58889915,"chr20",58888274,58890270,"cg08997444_BC21","ICR_1208"
"8218","chr20",58889917,58889918,"chr20",58888274,58890270,"cg22639787_BC11","ICR_1208"
"8219","chr20",58890069,58890070,"chr20",58888274,58890270,"cg09604333_TC11","ICR_1208"
"8220","chr20",58890069,58890070,"chr20",58888274,58890270,"cg09604333_TC12","ICR_1208"
"8221","chr20",58890083,58890084,"chr20",58888274,58890270,"cg20018057_TC21","ICR_1208"
"8222","chr20",58890119,58890120,"chr20",58888274,58890270,"cg10748817_BC11","ICR_1208"
"8223","chr20",59220787,59220788,"chr20",59220787,59221858,"cg25489508_BC21","ICR_1209"
"8224","chr20",59221185,59221186,"chr20",59220787,59221858,"cg25489509_BC21","ICR_1209"
"8225","chr20",59221250,59221251,"chr20",59220787,59221858,"cg25489510_BC21","ICR_1209"
"8226","chr20",59221260,59221261,"chr20",59220787,59221858,"cg25489511_TC21","ICR_1209"
"8227","chr20",59221356,59221357,"chr20",59220787,59221858,"cg25489513_BC21","ICR_1209"
"8228","chr20",59221387,59221388,"chr20",59220787,59221858,"cg25489514_BC21","ICR_1209"
"8229","chr20",59221435,59221436,"chr20",59220787,59221858,"cg17286326_TC21","ICR_1209"
"8230","chr20",59221593,59221594,"chr20",59220787,59221858,"cg25489515_BC21","ICR_1209"
"8231","chr20",59221657,59221658,"chr20",59220787,59221858,"cg25489516_TC21","ICR_1209"
"8232","chr20",59221795,59221796,"chr20",59220787,59221858,"cg25489518_BC21","ICR_1209"
"8233","chr20",59221823,59221824,"chr20",59220787,59221858,"cg25489519_BC21","ICR_1209"
"8234","chr20",59221846,59221847,"chr20",59220787,59221858,"cg25489520_BC21","ICR_1209"
"8235","chr20",59221851,59221852,"chr20",59220787,59221858,"cg25489521_BC21","ICR_1209"
"8236","chr20",62065017,62065018,"chr20",62064978,62065036,"cg11675492_TC11","ICR_1210"
"8237","chr20",62065020,62065021,"chr20",62064978,62065036,"cg25531020_BC11","ICR_1210"
"8238","chr20",62065020,62065021,"chr20",62064978,62065036,"cg25531020_BC12","ICR_1210"
"8239","chr20",62581579,62581580,"chr20",62581579,62581898,"cg25546664_BC11","ICR_1211"
"8240","chr20",62581632,62581633,"chr20",62581579,62581898,"cg25546668_TO11","ICR_1211"
"8241","chr20",62581636,62581637,"chr20",62581579,62581898,"cg25546669_TO11","ICR_1211"
"8242","chr20",62581675,62581676,"chr20",62581579,62581898,"cg18459154_BC21","ICR_1211"
"8243","chr20",62581686,62581687,"chr20",62581579,62581898,"cg25546671_BC11","ICR_1211"
"8244","chr20",62581748,62581749,"chr20",62581579,62581898,"cg25546672_TC21","ICR_1211"
"8245","chr20",62581897,62581898,"chr20",62581579,62581898,"cg25546673_TC11","ICR_1211"
"8246","chr20",62875566,62875567,"chr20",62875531,62875657,"cg25555339_TC21","ICR_1212"
"8247","chr20",62875576,62875577,"chr20",62875531,62875657,"cg25555340_TC11","ICR_1212"
"8248","chr20",62875576,62875577,"chr20",62875531,62875657,"cg25555340_TC12","ICR_1212"
"8249","chr20",62875579,62875580,"chr20",62875531,62875657,"cg25555341_BC11","ICR_1212"
"8250","chr20",62875628,62875629,"chr20",62875531,62875657,"cg18815398_BC21","ICR_1212"
"8251","chr20",62875641,62875642,"chr20",62875531,62875657,"cg25555342_BC21","ICR_1212"
"8252","chr20",62875656,62875657,"chr20",62875531,62875657,"cg25555343_BC21","ICR_1212"
"8253","chr20",63003239,63003240,"chr20",63003239,63003541,"cg25558975_TC21","ICR_1213"
"8254","chr20",63003258,63003259,"chr20",63003239,63003541,"cg25558976_TC11","ICR_1213"
"8255","chr20",63003270,63003271,"chr20",63003239,63003541,"cg25558977_TC21","ICR_1213"
"8256","chr20",63003270,63003271,"chr20",63003239,63003541,"cg25558977_TC22","ICR_1213"
"8257","chr20",63003342,63003343,"chr20",63003239,63003541,"cg25558978_TC21","ICR_1213"
"8258","chr20",63003476,63003477,"chr20",63003239,63003541,"cg25558980_TC11","ICR_1213"
"8259","chr20",63003484,63003485,"chr20",63003239,63003541,"cg25558981_TC21","ICR_1213"
"8260","chr20",63114504,63114505,"chr20",63114504,63114687,"cg25562410_TC21","ICR_1214"
"8261","chr20",63114531,63114532,"chr20",63114504,63114687,"cg25562411_BC11","ICR_1214"
"8262","chr20",63114533,63114534,"chr20",63114504,63114687,"cg25562412_TC21","ICR_1214"
"8263","chr20",63114590,63114591,"chr20",63114504,63114687,"cg25562413_TC21","ICR_1214"
"8264","chr20",63114610,63114611,"chr20",63114504,63114687,"cg25562414_TC21","ICR_1214"
"8265","chr20",63114639,63114640,"chr20",63114504,63114687,"cg25562415_BC11","ICR_1214"
"8266","chr20",63114639,63114640,"chr20",63114504,63114687,"cg25562415_BC12","ICR_1214"
"8267","chr20",63114668,63114669,"chr20",63114504,63114687,"cg25562416_BC21","ICR_1214"
"8268","chr20",63114686,63114687,"chr20",63114504,63114687,"cg25562418_TC21","ICR_1214"
"8269","chr20",63114686,63114687,"chr20",63114504,63114687,"cg25562418_TC22","ICR_1214"
"8270","chr20",63474458,63474459,"chr20",63474458,63475096,"cg25573606_TC21","ICR_1216"
"8271","chr20",63474526,63474527,"chr20",63474458,63475096,"cg25573607_BC11","ICR_1216"
"8272","chr20",63474536,63474537,"chr20",63474458,63475096,"cg25573608_BC21","ICR_1216"
"8273","chr20",63474546,63474547,"chr20",63474458,63475096,"cg25573609_TC21","ICR_1216"
"8274","chr20",63474555,63474556,"chr20",63474458,63475096,"cg25573610_BC21","ICR_1216"
"8275","chr20",63474663,63474664,"chr20",63474458,63475096,"cg25573611_TC21","ICR_1216"
"8276","chr20",63474804,63474805,"chr20",63474458,63475096,"cg25573612_TO11","ICR_1216"
"8277","chr20",63474834,63474835,"chr20",63474458,63475096,"cg25573613_BC21","ICR_1216"
"8278","chr20",63474850,63474851,"chr20",63474458,63475096,"cg25573614_BC11","ICR_1216"
"8279","chr20",63474850,63474851,"chr20",63474458,63475096,"cg25573614_BC12","ICR_1216"
"8280","chr20",63474861,63474862,"chr20",63474458,63475096,"cg25573615_TC11","ICR_1216"
"8281","chr20",63474875,63474876,"chr20",63474458,63475096,"cg25573616_BC11","ICR_1216"
"8282","chr20",63474913,63474914,"chr20",63474458,63475096,"cg25573617_TC21","ICR_1216"
"8283","chr20",63474913,63474914,"chr20",63474458,63475096,"cg25573617_TC22","ICR_1216"
"8284","chr20",63474915,63474916,"chr20",63474458,63475096,"cg25573618_TC21","ICR_1216"
"8285","chr20",63474924,63474925,"chr20",63474458,63475096,"cg25573619_TC21","ICR_1216"
"8286","chr20",63474937,63474938,"chr20",63474458,63475096,"cg25573620_TC21","ICR_1216"
"8287","chr20",63475095,63475096,"chr20",63474458,63475096,"cg25573621_BC21","ICR_1216"
"8288","chr20",63482661,63482662,"chr20",63482661,63482947,"cg25573851_TC21","ICR_1217"
"8289","chr20",63482686,63482687,"chr20",63482661,63482947,"cg25573852_BC21","ICR_1217"
"8290","chr20",63482740,63482741,"chr20",63482661,63482947,"cg25573853_TC21","ICR_1217"
"8291","chr20",63482767,63482768,"chr20",63482661,63482947,"cg25573854_TO11","ICR_1217"
"8292","chr20",63482878,63482879,"chr20",63482661,63482947,"cg25573856_TC21","ICR_1217"
"8293","chr20",63482946,63482947,"chr20",63482661,63482947,"cg25573857_BC11","ICR_1217"
"8294","chr20",63738420,63738421,"chr20",63738420,63738536,"cg25582315_TC21","ICR_1218"
"8295","chr20",63738430,63738431,"chr20",63738420,63738536,"cg14039929_TC21","ICR_1218"
"8296","chr20",63738445,63738446,"chr20",63738420,63738536,"cg25582316_BC11","ICR_1218"
"8297","chr20",63738488,63738489,"chr20",63738420,63738536,"cg25582317_TO11","ICR_1218"
"8298","chr20",63738520,63738521,"chr20",63738420,63738536,"cg25582320_BC21","ICR_1218"
"8299","chr20",63738535,63738536,"chr20",63738420,63738536,"cg25582321_BC11","ICR_1218"
"8300","chr20",63909736,63909737,"chr20",63909736,63909918,"cg25588181_TO11","ICR_1219"
"8301","chr20",63909763,63909764,"chr20",63909736,63909918,"cg25588182_BC21","ICR_1219"
"8302","chr20",63909817,63909818,"chr20",63909736,63909918,"cg25588183_TC21","ICR_1219"
"8303","chr20",63909835,63909836,"chr20",63909736,63909918,"cg25588184_BC21","ICR_1219"
"8304","chr20",63909849,63909850,"chr20",63909736,63909918,"cg25588185_TC21","ICR_1219"
"8305","chr20",63909871,63909872,"chr20",63909736,63909918,"cg25588186_TC21","ICR_1219"
"8306","chr20",63909917,63909918,"chr20",63909736,63909918,"cg25588187_TC21","ICR_1219"
"8307","chr21",5223193,5223194,"chr21",5223186,5224121,"cg25602974_BC21","ICR_1220"
"8308","chr21",5223602,5223603,"chr21",5223186,5224121,"cg25602976_TC11","ICR_1220"
"8309","chr21",5223858,5223859,"chr21",5223186,5224121,"cg25602979_TO21","ICR_1220"
"8310","chr21",5240705,5240706,"chr21",5240705,5242547,"cg25603114_TC21","ICR_1221"
"8311","chr21",5240816,5240817,"chr21",5240705,5242547,"cg25603115_BC21","ICR_1221"
"8312","chr21",5241973,5241974,"chr21",5240705,5242547,"cg25603119_BC21","ICR_1221"
"8313","chr21",5242126,5242127,"chr21",5240705,5242547,"cg25603120_BC21","ICR_1221"
"8314","chr21",5242180,5242181,"chr21",5240705,5242547,"cg25603121_TC21","ICR_1221"
"8315","chr21",5242461,5242462,"chr21",5240705,5242547,"cg25603123_BC21","ICR_1221"
"8316","chr21",7943767,7943768,"chr21",7943767,7943974,"cg25619575_TC11","ICR_1222"
"8317","chr21",7943787,7943788,"chr21",7943767,7943974,"cg25619576_TC21","ICR_1222"
"8318","chr21",7943872,7943873,"chr21",7943767,7943974,"cg25619578_TC21","ICR_1222"
"8319","chr21",7943973,7943974,"chr21",7943767,7943974,"cg25619580_BC21","ICR_1222"
"8320","chr21",8209437,8209438,"chr21",8209430,8209533,"cg25621161_TC11","ICR_1228"
"8321","chr21",8209439,8209440,"chr21",8209430,8209533,"cg25621162_TC11","ICR_1228"
"8322","chr21",8254356,8254357,"chr21",8254356,8254812,"cg25623999_TC21","ICR_1249"
"8323","chr21",8254422,8254423,"chr21",8254356,8254812,"cg25624000_TC21","ICR_1249"
"8324","chr21",8986680,8986681,"chr21",8986609,8986681,"cg25628317_TC11","ICR_1286"
"8325","chr21",9145811,9145812,"chr21",9145062,9146557,"cg25630327_BC21","ICR_1292"
"8326","chr21",9325039,9325040,"chr21",9324915,9325065,"cg25631221_BO11","ICR_1298"
"8327","chr21",9750391,9750392,"chr21",9750300,9750555,"cg25634005_TC21","ICR_1299"
"8328","chr21",9750554,9750555,"chr21",9750300,9750555,"cg25634007_BC21","ICR_1299"
"8329","chr21",10014814,10014815,"chr21",10014814,10014908,"cg25636692_TC21","ICR_1301"
"8330","chr21",10014854,10014855,"chr21",10014814,10014908,"cg25636693_TC11","ICR_1301"
"8331","chr21",10014857,10014858,"chr21",10014814,10014908,"cg25636694_TC11","ICR_1301"
"8332","chr21",10014860,10014861,"chr21",10014814,10014908,"cg25636695_BC11","ICR_1301"
"8333","chr21",10121977,10121978,"chr21",10121977,10122227,"cg25637442_BC21","ICR_1303"
"8334","chr21",10121977,10121978,"chr21",10121977,10122227,"cg25637442_BC22","ICR_1303"
"8335","chr21",10122033,10122034,"chr21",10121977,10122227,"cg25637443_TC21","ICR_1303"
"8336","chr21",10122066,10122067,"chr21",10121977,10122227,"cg25637444_TC11","ICR_1303"
"8337","chr21",10122079,10122080,"chr21",10121977,10122227,"cg25637445_BC21","ICR_1303"
"8338","chr21",10328925,10328926,"chr21",10328925,10329886,"cg25637900_TC21","ICR_1305"
"8339","chr21",10329403,10329404,"chr21",10328925,10329886,"cg25637903_BC21","ICR_1305"
"8340","chr21",10329665,10329666,"chr21",10328925,10329886,"cg25637904_TC21","ICR_1305"
"8341","chr21",10329675,10329676,"chr21",10328925,10329886,"cg25637905_TO11","ICR_1305"
"8342","chr21",10329885,10329886,"chr21",10328925,10329886,"cg25637908_TC21","ICR_1305"
"8343","chr21",10468189,10468190,"chr21",10468189,10469266,"cg25639451_BC11","ICR_1307"
"8344","chr21",10468337,10468338,"chr21",10468189,10469266,"cg25639452_BC21","ICR_1307"
"8345","chr21",10651724,10651725,"chr21",10651724,10651919,"cg25640910_BC21","ICR_1308"
"8346","chr21",10651734,10651735,"chr21",10651724,10651919,"cg25640911_BC21","ICR_1308"
"8347","chr21",10651734,10651735,"chr21",10651724,10651919,"cg25640911_BC22","ICR_1308"
"8348","chr21",10651747,10651748,"chr21",10651724,10651919,"cg25640912_TC21","ICR_1308"
"8349","chr21",10651777,10651778,"chr21",10651724,10651919,"cg25640913_TC11","ICR_1308"
"8350","chr21",10651777,10651778,"chr21",10651724,10651919,"cg25640913_TC12","ICR_1308"
"8351","chr21",10651917,10651918,"chr21",10651724,10651919,"cg25640916_TC11","ICR_1308"
"8352","chr21",10651917,10651918,"chr21",10651724,10651919,"cg25640916_TC12","ICR_1308"
"8353","chr21",10667760,10667761,"chr21",10667760,10668157,"cg25641271_TC21","ICR_1309"
"8354","chr21",10667790,10667791,"chr21",10667760,10668157,"cg25641272_BC21","ICR_1309"
"8355","chr21",10667816,10667817,"chr21",10667760,10668157,"cg25641273_BO21","ICR_1309"
"8356","chr21",10667870,10667871,"chr21",10667760,10668157,"cg25641274_BC21","ICR_1309"
"8357","chr21",10667895,10667896,"chr21",10667760,10668157,"cg25641275_TC21","ICR_1309"
"8358","chr21",10667930,10667931,"chr21",10667760,10668157,"cg25641276_BC21","ICR_1309"
"8359","chr21",10668106,10668107,"chr21",10667760,10668157,"cg25641278_BC21","ICR_1309"
"8360","chr21",10668120,10668121,"chr21",10667760,10668157,"cg25641279_TC21","ICR_1309"
"8361","chr21",10668155,10668156,"chr21",10667760,10668157,"cg25641280_TC21","ICR_1309"
"8362","chr21",10676654,10676655,"chr21",10676654,10677098,"cg25641481_BC21","ICR_1310"
"8363","chr21",10676674,10676675,"chr21",10676654,10677098,"cg25641482_TC11","ICR_1310"
"8364","chr21",10677005,10677006,"chr21",10676654,10677098,"cg25641486_BC21","ICR_1310"
"8365","chr21",10677060,10677061,"chr21",10676654,10677098,"cg25641488_TC21","ICR_1310"
"8366","chr21",10677096,10677097,"chr21",10676654,10677098,"cg25641489_TC21","ICR_1310"
"8367","chr21",10736092,10736093,"chr21",10736092,10736681,"cg25642569_BC21","ICR_1311"
"8368","chr21",10736255,10736256,"chr21",10736092,10736681,"cg25642571_TO11","ICR_1311"
"8369","chr21",10736255,10736256,"chr21",10736092,10736681,"cg25642571_TO12","ICR_1311"
"8370","chr21",10736311,10736312,"chr21",10736092,10736681,"cg25642573_TC21","ICR_1311"
"8371","chr21",10803660,10803661,"chr21",10802831,10804215,"cg25643063_TC21","ICR_1313"
"8372","chr21",10804041,10804042,"chr21",10802831,10804215,"cg25643067_BO11","ICR_1313"
"8373","chr21",29077179,29077180,"chr21",29077179,29077327,"cg25754123_TC21","ICR_1314"
"8374","chr21",29077182,29077183,"chr21",29077179,29077327,"cg25754124_BC21","ICR_1314"
"8375","chr21",29077185,29077186,"chr21",29077179,29077327,"cg25754125_BC11","ICR_1314"
"8376","chr21",29077185,29077186,"chr21",29077179,29077327,"cg25754125_BC12","ICR_1314"
"8377","chr21",29077243,29077244,"chr21",29077179,29077327,"cg25754127_TC21","ICR_1314"
"8378","chr21",29077247,29077248,"chr21",29077179,29077327,"cg25754128_BC21","ICR_1314"
"8379","chr21",29077250,29077251,"chr21",29077179,29077327,"cg25754129_BC21","ICR_1314"
"8380","chr21",29077257,29077258,"chr21",29077179,29077327,"cg25754130_TC11","ICR_1314"
"8381","chr21",29077257,29077258,"chr21",29077179,29077327,"cg25754130_TC12","ICR_1314"
"8382","chr21",29077276,29077277,"chr21",29077179,29077327,"cg25754133_BC21","ICR_1314"
"8383","chr21",29155404,29155405,"chr21",29155404,29155931,"cg25754870_BC11","ICR_1315"
"8384","chr21",29155404,29155405,"chr21",29155404,29155931,"cg25754870_BC12","ICR_1315"
"8385","chr21",29155434,29155435,"chr21",29155404,29155931,"cg25754873_BC11","ICR_1315"
"8386","chr21",29155515,29155516,"chr21",29155404,29155931,"cg25754875_TC21","ICR_1315"
"8387","chr21",29155536,29155537,"chr21",29155404,29155931,"cg25754876_BC21","ICR_1315"
"8388","chr21",29155575,29155576,"chr21",29155404,29155931,"cg25754877_BC21","ICR_1315"
"8389","chr21",29155589,29155590,"chr21",29155404,29155931,"cg25754878_BC21","ICR_1315"
"8390","chr21",29155604,29155605,"chr21",29155404,29155931,"cg25754879_TC11","ICR_1315"
"8391","chr21",29155604,29155605,"chr21",29155404,29155931,"cg25754879_TC12","ICR_1315"
"8392","chr21",29155643,29155644,"chr21",29155404,29155931,"cg25754881_BC11","ICR_1315"
"8393","chr21",29155643,29155644,"chr21",29155404,29155931,"cg25754881_BC12","ICR_1315"
"8394","chr21",29155661,29155662,"chr21",29155404,29155931,"cg25754882_TC21","ICR_1315"
"8395","chr21",29155691,29155692,"chr21",29155404,29155931,"cg10894480_TC21","ICR_1315"
"8396","chr21",29155745,29155746,"chr21",29155404,29155931,"cg25754884_TC11","ICR_1315"
"8397","chr21",29155755,29155756,"chr21",29155404,29155931,"cg25754885_BC11","ICR_1315"
"8398","chr21",29155776,29155777,"chr21",29155404,29155931,"cg25754886_TC21","ICR_1315"
"8399","chr21",29155864,29155865,"chr21",29155404,29155931,"cg25754887_BC21","ICR_1315"
"8400","chr21",29155909,29155910,"chr21",29155404,29155931,"cg25754889_TC21","ICR_1315"
"8401","chr21",29155930,29155931,"chr21",29155404,29155931,"cg25754890_BC21","ICR_1315"
"8402","chr21",33034115,33034116,"chr21",33034115,33034763,"cg25793632_BC11","ICR_1316"
"8403","chr21",33034142,33034143,"chr21",33034115,33034763,"cg25793634_TC11","ICR_1316"
"8404","chr21",33034142,33034143,"chr21",33034115,33034763,"cg25793634_TC12","ICR_1316"
"8405","chr21",33034144,33034145,"chr21",33034115,33034763,"cg25793635_TC11","ICR_1316"
"8406","chr21",33034158,33034159,"chr21",33034115,33034763,"cg25793636_BC11","ICR_1316"
"8407","chr21",33034158,33034159,"chr21",33034115,33034763,"cg25793636_BC12","ICR_1316"
"8408","chr21",33034165,33034166,"chr21",33034115,33034763,"cg25793637_BC11","ICR_1316"
"8409","chr21",33034204,33034205,"chr21",33034115,33034763,"cg25793639_TO11","ICR_1316"
"8410","chr21",33034218,33034219,"chr21",33034115,33034763,"cg25793640_TC11","ICR_1316"
"8411","chr21",33034228,33034229,"chr21",33034115,33034763,"cg13821571_BC21","ICR_1316"
"8412","chr21",33034280,33034281,"chr21",33034115,33034763,"cg10477592_TC11","ICR_1316"
"8413","chr21",33034294,33034295,"chr21",33034115,33034763,"cg25793641_BC21","ICR_1316"
"8414","chr21",33034405,33034406,"chr21",33034115,33034763,"cg25793642_TC21","ICR_1316"
"8415","chr21",33034491,33034492,"chr21",33034115,33034763,"cg25793643_BC21","ICR_1316"
"8416","chr21",33034628,33034629,"chr21",33034115,33034763,"cg25793644_TC21","ICR_1316"
"8417","chr21",33034658,33034659,"chr21",33034115,33034763,"cg25793645_BC21","ICR_1316"
"8418","chr21",33034751,33034752,"chr21",33034115,33034763,"cg25793646_TC21","ICR_1316"
"8419","chr21",33034762,33034763,"chr21",33034115,33034763,"cg25793647_TC21","ICR_1316"
"8420","chr21",36994560,36994561,"chr21",36994557,36994589,"cg25841137_TO11","ICR_1317"
"8421","chr21",36994586,36994587,"chr21",36994557,36994589,"cg25841142_BO11","ICR_1317"
"8422","chr21",37591201,37591202,"chr21",37590793,37591276,"cg25848519_TC21","ICR_1319"
"8423","chr21",39385583,39385584,"chr21",39385583,39386256,"cg25867537_TO11","ICR_1320"
"8424","chr21",39385599,39385600,"chr21",39385583,39386256,"cg25867538_TO11","ICR_1320"
"8425","chr21",39385637,39385638,"chr21",39385583,39386256,"cg25867540_BC21","ICR_1320"
"8426","chr21",39385657,39385658,"chr21",39385583,39386256,"cg25867541_TC11","ICR_1320"
"8427","chr21",39385676,39385677,"chr21",39385583,39386256,"cg25867543_BC21","ICR_1320"
"8428","chr21",39385680,39385681,"chr21",39385583,39386256,"cg25867544_TC11","ICR_1320"
"8429","chr21",39385697,39385698,"chr21",39385583,39386256,"cg25867547_BC11","ICR_1320"
"8430","chr21",39385700,39385701,"chr21",39385583,39386256,"cg25867548_TC11","ICR_1320"
"8431","chr21",39385713,39385714,"chr21",39385583,39386256,"cg25867549_TC11","ICR_1320"
"8432","chr21",39385713,39385714,"chr21",39385583,39386256,"cg25867549_TC12","ICR_1320"
"8433","chr21",39385746,39385747,"chr21",39385583,39386256,"cg25867551_TC11","ICR_1320"
"8434","chr21",39385768,39385769,"chr21",39385583,39386256,"cg25867553_TC21","ICR_1320"
"8435","chr21",39385794,39385795,"chr21",39385583,39386256,"cg25867555_BC21","ICR_1320"
"8436","chr21",39385823,39385824,"chr21",39385583,39386256,"cg22858667_BC11","ICR_1320"
"8437","chr21",39385838,39385839,"chr21",39385583,39386256,"cg25867556_TO11","ICR_1320"
"8438","chr21",39385838,39385839,"chr21",39385583,39386256,"cg25867556_TO12","ICR_1320"
"8439","chr21",39385856,39385857,"chr21",39385583,39386256,"cg25867558_BC11","ICR_1320"
"8440","chr21",39385862,39385863,"chr21",39385583,39386256,"cg25867559_TC21","ICR_1320"
"8441","chr21",39385876,39385877,"chr21",39385583,39386256,"cg25867560_BC11","ICR_1320"
"8442","chr21",39385878,39385879,"chr21",39385583,39386256,"cg25867561_TC21","ICR_1320"
"8443","chr21",39385900,39385901,"chr21",39385583,39386256,"cg25867562_TC11","ICR_1320"
"8444","chr21",39385917,39385918,"chr21",39385583,39386256,"cg25867563_TC21","ICR_1320"
"8445","chr21",39385931,39385932,"chr21",39385583,39386256,"cg25867564_BC21","ICR_1320"
"8446","chr21",39385959,39385960,"chr21",39385583,39386256,"cg25867566_TC11","ICR_1320"
"8447","chr21",39386021,39386022,"chr21",39385583,39386256,"cg25867570_TC21","ICR_1320"
"8448","chr21",39386027,39386028,"chr21",39385583,39386256,"cg25867571_BC21","ICR_1320"
"8449","chr21",39386077,39386078,"chr21",39385583,39386256,"cg25867573_BC21","ICR_1320"
"8450","chr21",39386099,39386100,"chr21",39385583,39386256,"cg25867574_TC21","ICR_1320"
"8451","chr21",39386104,39386105,"chr21",39385583,39386256,"cg25867575_BC21","ICR_1320"
"8452","chr21",39386196,39386197,"chr21",39385583,39386256,"cg25867576_TC21","ICR_1320"
"8453","chr21",39386255,39386256,"chr21",39385583,39386256,"cg25867577_TC21","ICR_1320"
"8454","chr21",42063974,42063975,"chr21",42063974,42064308,"cg25900461_BC21","ICR_1321"
"8455","chr21",42063999,42064000,"chr21",42063974,42064308,"cg25900462_TC21","ICR_1321"
"8456","chr21",42063999,42064000,"chr21",42063974,42064308,"cg25900462_TC22","ICR_1321"
"8457","chr21",42064037,42064038,"chr21",42063974,42064308,"cg25900463_BC21","ICR_1321"
"8458","chr21",42064082,42064083,"chr21",42063974,42064308,"cg25900464_BC21","ICR_1321"
"8459","chr21",42064088,42064089,"chr21",42063974,42064308,"cg25900465_TC21","ICR_1321"
"8460","chr21",42064131,42064132,"chr21",42063974,42064308,"cg25900466_BC21","ICR_1321"
"8461","chr21",42064138,42064139,"chr21",42063974,42064308,"cg25900467_BC21","ICR_1321"
"8462","chr21",42064169,42064170,"chr21",42063974,42064308,"cg10641258_TC11","ICR_1321"
"8463","chr21",42064174,42064175,"chr21",42063974,42064308,"cg25900468_TO21","ICR_1321"
"8464","chr21",42064307,42064308,"chr21",42063974,42064308,"cg25900469_TC11","ICR_1321"
"8465","chr21",42659905,42659906,"chr21",42659905,42660063,"cg25911578_BC11","ICR_1322"
"8466","chr21",42659905,42659906,"chr21",42659905,42660063,"cg25911578_BC12","ICR_1322"
"8467","chr21",42659948,42659949,"chr21",42659905,42660063,"cg25911580_BC11","ICR_1322"
"8468","chr21",42659953,42659954,"chr21",42659905,42660063,"cg25911581_BC11","ICR_1322"
"8469","chr21",42660001,42660002,"chr21",42659905,42660063,"cg25911583_TC21","ICR_1322"
"8470","chr21",42660013,42660014,"chr21",42659905,42660063,"cg25911584_BC21","ICR_1322"
"8471","chr21",43574702,43574703,"chr21",43574702,43575138,"cg10206994_TC21","ICR_1323"
"8472","chr21",43574717,43574718,"chr21",43574702,43575138,"cg25923900_BC21","ICR_1323"
"8473","chr21",43574720,43574721,"chr21",43574702,43575138,"cg25923901_BC21","ICR_1323"
"8474","chr21",43574750,43574751,"chr21",43574702,43575138,"cg25923902_BO11","ICR_1323"
"8475","chr21",43574776,43574777,"chr21",43574702,43575138,"cg25923903_TC11","ICR_1323"
"8476","chr21",43574808,43574809,"chr21",43574702,43575138,"cg25923904_TC21","ICR_1323"
"8477","chr21",43574819,43574820,"chr21",43574702,43575138,"cg25923905_BC11","ICR_1323"
"8478","chr21",43574838,43574839,"chr21",43574702,43575138,"cg25923906_BO11","ICR_1323"
"8479","chr21",43574876,43574877,"chr21",43574702,43575138,"cg25923908_TC21","ICR_1323"
"8480","chr21",43575054,43575055,"chr21",43574702,43575138,"cg25923912_BC21","ICR_1323"
"8481","chr21",43575137,43575138,"chr21",43574702,43575138,"cg25923913_BC21","ICR_1323"
"8482","chr21",44391462,44391463,"chr21",44391462,44391494,"cg25940835_BC21","ICR_1324"
"8483","chr21",44391466,44391467,"chr21",44391462,44391494,"cg25940836_TC21","ICR_1324"
"8484","chr21",44391470,44391471,"chr21",44391462,44391494,"cg25940837_BC21","ICR_1324"
"8485","chr21",44391477,44391478,"chr21",44391462,44391494,"cg25940838_TC21","ICR_1324"
"8486","chr21",44982821,44982822,"chr21",44982806,44983007,"cg25954401_TC21","ICR_1326"
"8487","chr21",44982880,44982881,"chr21",44982806,44983007,"cg25954406_BC11","ICR_1326"
"8488","chr21",44982880,44982881,"chr21",44982806,44983007,"cg25954406_BC12","ICR_1326"
"8489","chr21",44982882,44982883,"chr21",44982806,44983007,"cg25954407_TC21","ICR_1326"
"8490","chr21",44982944,44982945,"chr21",44982806,44983007,"cg25954408_TC21","ICR_1326"
"8491","chr21",44982948,44982949,"chr21",44982806,44983007,"cg25954409_BC21","ICR_1326"
"8492","chr21",44982978,44982979,"chr21",44982806,44983007,"cg25954410_BC21","ICR_1326"
"8493","chr21",44982984,44982985,"chr21",44982806,44983007,"cg25954411_TC21","ICR_1326"
"8494","chr21",44982993,44982994,"chr21",44982806,44983007,"cg25954413_TC11","ICR_1326"
"8495","chr21",45359945,45359946,"chr21",45359945,45360583,"cg25962610_BC21","ICR_1327"
"8496","chr21",45359992,45359993,"chr21",45359945,45360583,"cg25962611_TC21","ICR_1327"
"8497","chr21",45359995,45359996,"chr21",45359945,45360583,"cg25962612_BC21","ICR_1327"
"8498","chr21",45360116,45360117,"chr21",45359945,45360583,"cg25962618_BC21","ICR_1327"
"8499","chr21",45360188,45360189,"chr21",45359945,45360583,"cg25962619_TO11","ICR_1327"
"8500","chr21",45360256,45360257,"chr21",45359945,45360583,"cg25962621_TC21","ICR_1327"
"8501","chr21",45360354,45360355,"chr21",45359945,45360583,"cg25962622_BC21","ICR_1327"
"8502","chr21",45360451,45360452,"chr21",45359945,45360583,"cg25962625_BC11","ICR_1327"
"8503","chr21",45360451,45360452,"chr21",45359945,45360583,"cg25962625_BC12","ICR_1327"
"8504","chr21",45360468,45360469,"chr21",45359945,45360583,"cg25962626_TC21","ICR_1327"
"8505","chr21",45360494,45360495,"chr21",45359945,45360583,"cg25962627_BC21","ICR_1327"
"8506","chr21",45413376,45413377,"chr21",45413376,45413676,"cg25964232_BO11","ICR_1328"
"8507","chr21",45413379,45413380,"chr21",45413376,45413676,"cg25964233_TO21","ICR_1328"
"8508","chr21",45413429,45413430,"chr21",45413376,45413676,"cg25964234_TC21","ICR_1328"
"8509","chr21",45413453,45413454,"chr21",45413376,45413676,"cg25964235_BC21","ICR_1328"
"8510","chr21",45413458,45413459,"chr21",45413376,45413676,"cg25964236_TC21","ICR_1328"
"8511","chr21",45413466,45413467,"chr21",45413376,45413676,"cg25964237_TC11","ICR_1328"
"8512","chr21",45413466,45413467,"chr21",45413376,45413676,"cg25964237_TC12","ICR_1328"
"8513","chr21",45413512,45413513,"chr21",45413376,45413676,"cg25964239_BC11","ICR_1328"
"8514","chr21",45413512,45413513,"chr21",45413376,45413676,"cg25964239_BC12","ICR_1328"
"8515","chr21",45413542,45413543,"chr21",45413376,45413676,"cg25964240_BC21","ICR_1328"
"8516","chr21",45413552,45413553,"chr21",45413376,45413676,"cg25964241_TC21","ICR_1328"
"8517","chr21",45413614,45413615,"chr21",45413376,45413676,"cg25964242_TC21","ICR_1328"
"8518","chr21",45413662,45413663,"chr21",45413376,45413676,"cg25964243_TC21","ICR_1328"
"8519","chr21",45413675,45413676,"chr21",45413376,45413676,"cg25964244_TC21","ICR_1328"
"8520","chr21",45555321,45555322,"chr21",45555293,45555347,"cg25968800_BC11","ICR_1329"
"8521","chr21",45555321,45555322,"chr21",45555293,45555347,"cg25968800_BC12","ICR_1329"
"8522","chr21",45555331,45555332,"chr21",45555293,45555347,"cg25968802_BC11","ICR_1329"
"8523","chr21",45555331,45555332,"chr21",45555293,45555347,"cg25968802_BC12","ICR_1329"
"8524","chr21",45555346,45555347,"chr21",45555293,45555347,"cg25968805_BC11","ICR_1329"
"8525","chr22",10572655,10572656,"chr22",10572627,10572683,"cg25992818_TC11","ICR_1331"
"8526","chr22",10572657,10572658,"chr22",10572627,10572683,"cg25992819_TC11","ICR_1331"
"8527","chr22",10572669,10572670,"chr22",10572627,10572683,"cg25992820_BC11","ICR_1331"
"8528","chr22",10572672,10572673,"chr22",10572627,10572683,"cg25992821_TC11","ICR_1331"
"8529","chr22",10572675,10572676,"chr22",10572627,10572683,"cg25992822_TC11","ICR_1331"
"8530","chr22",10572675,10572676,"chr22",10572627,10572683,"cg25992822_TC12","ICR_1331"
"8531","chr22",10929415,10929416,"chr22",10929115,10929608,"cg25994814_TC21","ICR_1332"
"8532","chr22",10929535,10929536,"chr22",10929115,10929608,"cg25994816_TC21","ICR_1332"
"8533","chr22",10929607,10929608,"chr22",10929115,10929608,"cg25994817_BC21","ICR_1332"
"8534","chr22",11039671,11039672,"chr22",11039671,11040300,"cg25995444_BO11","ICR_1334"
"8535","chr22",11039964,11039965,"chr22",11039671,11040300,"cg25995445_BC21","ICR_1334"
"8536","chr22",11040245,11040246,"chr22",11039671,11040300,"cg25995446_BC21","ICR_1334"
"8537","chr22",11040275,11040276,"chr22",11039671,11040300,"cg25995447_TC21","ICR_1334"
"8538","chr22",11040299,11040300,"chr22",11039671,11040300,"cg25995448_BC21","ICR_1334"
"8539","chr22",11295023,11295024,"chr22",11295023,11295784,"cg25996633_TO11","ICR_1336"
"8540","chr22",11295037,11295038,"chr22",11295023,11295784,"cg25996634_TC21","ICR_1336"
"8541","chr22",11353632,11353633,"chr22",11353620,11355111,"cg25997103_TC21","ICR_1337"
"8542","chr22",11353794,11353795,"chr22",11353620,11355111,"cg25997104_BC21","ICR_1337"
"8543","chr22",11354261,11354262,"chr22",11353620,11355111,"cg25997105_BC21","ICR_1337"
"8544","chr22",11354529,11354530,"chr22",11353620,11355111,"cg25997106_TC21","ICR_1337"
"8545","chr22",11449683,11449684,"chr22",11449353,11449684,"cg25997491_TC21","ICR_1338"
"8546","chr22",11466334,11466335,"chr22",11465274,11466829,"cg25997615_BC21","ICR_1339"
"8547","chr22",11828141,11828142,"chr22",11827466,11828142,"cg26000173_TC21","ICR_1340"
"8548","chr22",12036769,12036770,"chr22",12036769,12038659,"cg26001381_TC21","ICR_1342"
"8549","chr22",12037012,12037013,"chr22",12036769,12038659,"cg26001382_BC21","ICR_1342"
"8550","chr22",12037438,12037439,"chr22",12036769,12038659,"cg26001388_TC21","ICR_1342"
"8551","chr22",12038560,12038561,"chr22",12036769,12038659,"cg26001392_BC21","ICR_1342"
"8552","chr22",12601033,12601034,"chr22",12600958,12601368,"cg26004320_TC21","ICR_1347"
"8553","chr22",12601329,12601330,"chr22",12600958,12601368,"cg26004323_TC21","ICR_1347"
"8554","chr22",12601349,12601350,"chr22",12600958,12601368,"cg26004324_TC21","ICR_1347"
"8555","chr22",12601367,12601368,"chr22",12600958,12601368,"cg26004325_TC21","ICR_1347"
"8556","chr22",12601805,12601806,"chr22",12601692,12601904,"cg26004343_TO11","ICR_1348"
"8557","chr22",12693851,12693852,"chr22",12693849,12693914,"cg26004768_TC11","ICR_1349"
"8558","chr22",18025219,18025220,"chr22",18025219,18025583,"cg26037742_TC21","ICR_1353"
"8559","chr22",18025235,18025236,"chr22",18025219,18025583,"cg26037743_TC21","ICR_1353"
"8560","chr22",18025286,18025287,"chr22",18025219,18025583,"cg26037744_BC21","ICR_1353"
"8561","chr22",18025448,18025449,"chr22",18025219,18025583,"cg26037745_TC21","ICR_1353"
"8562","chr22",18025468,18025469,"chr22",18025219,18025583,"cg26037746_BC21","ICR_1353"
"8563","chr22",18025531,18025532,"chr22",18025219,18025583,"cg14771451_BC21","ICR_1353"
"8564","chr22",18025582,18025583,"chr22",18025219,18025583,"cg26037747_TC21","ICR_1353"
"8565","chr22",18967906,18967907,"chr22",18967906,18968273,"cg26049073_TC21","ICR_1355"
"8566","chr22",18968080,18968081,"chr22",18967906,18968273,"cg26049077_BC11","ICR_1355"
"8567","chr22",18968082,18968083,"chr22",18967906,18968273,"cg26049078_TC21","ICR_1355"
"8568","chr22",18968086,18968087,"chr22",18967906,18968273,"cg26049079_BC21","ICR_1355"
"8569","chr22",18968188,18968189,"chr22",18967906,18968273,"cg26049082_TC21","ICR_1355"
"8570","chr22",18968214,18968215,"chr22",18967906,18968273,"cg26049083_BC21","ICR_1355"
"8571","chr22",18968218,18968219,"chr22",18967906,18968273,"cg26049084_TC21","ICR_1355"
"8572","chr22",18968272,18968273,"chr22",18967906,18968273,"cg26049085_BC21","ICR_1355"
"8573","chr22",19749147,19749148,"chr22",19749147,19749533,"cg13260758_TC21","ICR_1356"
"8574","chr22",19749199,19749200,"chr22",19749147,19749533,"cg26062929_BC21","ICR_1356"
"8575","chr22",19749237,19749238,"chr22",19749147,19749533,"cg26062930_BC21","ICR_1356"
"8576","chr22",19749306,19749307,"chr22",19749147,19749533,"cg26062931_BC21","ICR_1356"
"8577","chr22",19749360,19749361,"chr22",19749147,19749533,"cg26062932_TC21","ICR_1356"
"8578","chr22",19749386,19749387,"chr22",19749147,19749533,"cg26062933_BC21","ICR_1356"
"8579","chr22",19749401,19749402,"chr22",19749147,19749533,"cg26062934_BC21","ICR_1356"
"8580","chr22",19749423,19749424,"chr22",19749147,19749533,"cg26062935_BC21","ICR_1356"
"8581","chr22",19749445,19749446,"chr22",19749147,19749533,"cg26062936_TC21","ICR_1356"
"8582","chr22",19749496,19749497,"chr22",19749147,19749533,"cg26062937_BC21","ICR_1356"
"8583","chr22",19749504,19749505,"chr22",19749147,19749533,"cg26062938_TC21","ICR_1356"
"8584","chr22",19749509,19749510,"chr22",19749147,19749533,"cg26062939_TC11","ICR_1356"
"8585","chr22",19749532,19749533,"chr22",19749147,19749533,"cg26062940_TC21","ICR_1356"
"8586","chr22",19768264,19768265,"chr22",19768264,19768546,"cg26063914_BC21","ICR_1357"
"8587","chr22",19768287,19768288,"chr22",19768264,19768546,"cg26063915_TC21","ICR_1357"
"8588","chr22",19768323,19768324,"chr22",19768264,19768546,"cg26063916_TC11","ICR_1357"
"8589","chr22",19768338,19768339,"chr22",19768264,19768546,"cg26063918_TC21","ICR_1357"
"8590","chr22",19768358,19768359,"chr22",19768264,19768546,"cg26063919_BC21","ICR_1357"
"8591","chr22",19768361,19768362,"chr22",19768264,19768546,"cg26063920_TC21","ICR_1357"
"8592","chr22",19768511,19768512,"chr22",19768264,19768546,"cg26063921_BC21","ICR_1357"
"8593","chr22",19768519,19768520,"chr22",19768264,19768546,"cg26063922_BC11","ICR_1357"
"8594","chr22",19768545,19768546,"chr22",19768264,19768546,"cg26063923_BC21","ICR_1357"
"8595","chr22",20670771,20670772,"chr22",20670771,20670970,"cg26083473_BC11","ICR_1358"
"8596","chr22",20670771,20670772,"chr22",20670771,20670970,"cg26083473_BC12","ICR_1358"
"8597","chr22",20670790,20670791,"chr22",20670771,20670970,"cg14325184_TC11","ICR_1358"
"8598","chr22",20670790,20670791,"chr22",20670771,20670970,"cg14325184_TC12","ICR_1358"
"8599","chr22",20670823,20670824,"chr22",20670771,20670970,"cg26083476_BC11","ICR_1358"
"8600","chr22",20670823,20670824,"chr22",20670771,20670970,"cg26083476_BC12","ICR_1358"
"8601","chr22",20670829,20670830,"chr22",20670771,20670970,"cg26083477_TC11","ICR_1358"
"8602","chr22",20670829,20670830,"chr22",20670771,20670970,"cg26083477_TC12","ICR_1358"
"8603","chr22",20670894,20670895,"chr22",20670771,20670970,"cg26083481_TO11","ICR_1358"
"8604","chr22",20670905,20670906,"chr22",20670771,20670970,"cg26083482_BC11","ICR_1358"
"8605","chr22",20670936,20670937,"chr22",20670771,20670970,"cg26083486_TC21","ICR_1358"
"8606","chr22",20670969,20670970,"chr22",20670771,20670970,"cg22252283_BC11","ICR_1358"
"8607","chr22",21865746,21865747,"chr22",21865746,21866184,"cg26100666_BC21","ICR_1359"
"8608","chr22",21865857,21865858,"chr22",21865746,21866184,"cg26100667_TC21","ICR_1359"
"8609","chr22",21865960,21865961,"chr22",21865746,21866184,"cg26100668_BO11","ICR_1359"
"8610","chr22",21866109,21866110,"chr22",21865746,21866184,"cg26100669_TC21","ICR_1359"
"8611","chr22",21866109,21866110,"chr22",21865746,21866184,"cg26100669_TC22","ICR_1359"
"8612","chr22",21866113,21866114,"chr22",21865746,21866184,"cg26100670_BC21","ICR_1359"
"8613","chr22",21866125,21866126,"chr22",21865746,21866184,"cg26100672_TC11","ICR_1359"
"8614","chr22",21866153,21866154,"chr22",21865746,21866184,"cg26100673_TC11","ICR_1359"
"8615","chr22",22114782,22114783,"chr22",22114749,22114842,"cg26104363_BO11","ICR_1360"
"8616","chr22",22114787,22114788,"chr22",22114749,22114842,"cg26104365_TO11","ICR_1360"
"8617","chr22",22114828,22114829,"chr22",22114749,22114842,"cg26104368_BC11","ICR_1360"
"8618","chr22",22114838,22114839,"chr22",22114749,22114842,"cg26104369_BC21","ICR_1360"
"8619","chr22",22114841,22114842,"chr22",22114749,22114842,"cg26104370_BC11","ICR_1360"
"8620","chr22",24211239,24211240,"chr22",24211144,24211554,"cg26133025_TC21","ICR_1361"
"8621","chr22",24211278,24211279,"chr22",24211144,24211554,"cg26133027_BO11","ICR_1361"
"8622","chr22",24494130,24494131,"chr22",24494130,24494362,"cg26136962_TC21","ICR_1362"
"8623","chr22",24494207,24494208,"chr22",24494130,24494362,"cg26136963_TC21","ICR_1362"
"8624","chr22",24494215,24494216,"chr22",24494130,24494362,"cg14537674_BC21","ICR_1362"
"8625","chr22",24494218,24494219,"chr22",24494130,24494362,"cg26136964_TC21","ICR_1362"
"8626","chr22",24494227,24494228,"chr22",24494130,24494362,"cg26136965_BC21","ICR_1362"
"8627","chr22",24494269,24494270,"chr22",24494130,24494362,"cg26136966_TC21","ICR_1362"
"8628","chr22",24494309,24494310,"chr22",24494130,24494362,"cg26136968_BC21","ICR_1362"
"8629","chr22",24494309,24494310,"chr22",24494130,24494362,"cg26136968_BC22","ICR_1362"
"8630","chr22",24494361,24494362,"chr22",24494130,24494362,"cg10613381_TC21","ICR_1362"
"8631","chr22",26910558,26910559,"chr22",26910558,26910822,"cg26168540_TC21","ICR_1363"
"8632","chr22",26910694,26910695,"chr22",26910558,26910822,"cg26168541_BC21","ICR_1363"
"8633","chr22",26910705,26910706,"chr22",26910558,26910822,"cg26168542_BC21","ICR_1363"
"8634","chr22",26910806,26910807,"chr22",26910558,26910822,"cg26168544_BO11","ICR_1363"
"8635","chr22",26910821,26910822,"chr22",26910558,26910822,"cg26168545_TC11","ICR_1363"
"8636","chr22",27780253,27780254,"chr22",27780253,27780522,"cg26178708_TC21","ICR_1364"
"8637","chr22",27780268,27780269,"chr22",27780253,27780522,"cg26178709_BC21","ICR_1364"
"8638","chr22",27780276,27780277,"chr22",27780253,27780522,"cg26178710_TC11","ICR_1364"
"8639","chr22",27780431,27780432,"chr22",27780253,27780522,"cg26178712_TC21","ICR_1364"
"8640","chr22",27780468,27780469,"chr22",27780253,27780522,"cg26178713_BC21","ICR_1364"
"8641","chr22",27780521,27780522,"chr22",27780253,27780522,"cg26178714_TC21","ICR_1364"
"8642","chr22",29208840,29208841,"chr22",29208840,29209158,"cg26194995_TC21","ICR_1365"
"8643","chr22",29208868,29208869,"chr22",29208840,29209158,"cg26194996_TC21","ICR_1365"
"8644","chr22",29208901,29208902,"chr22",29208840,29209158,"cg26194997_BC21","ICR_1365"
"8645","chr22",29208982,29208983,"chr22",29208840,29209158,"cg26194998_TC11","ICR_1365"
"8646","chr22",29209017,29209018,"chr22",29208840,29209158,"cg26194999_TC21","ICR_1365"
"8647","chr22",29209028,29209029,"chr22",29208840,29209158,"cg26195000_TC11","ICR_1365"
"8648","chr22",29209107,29209108,"chr22",29208840,29209158,"cg26195003_BC21","ICR_1365"
"8649","chr22",29209113,29209114,"chr22",29208840,29209158,"cg26195004_TC21","ICR_1365"
"8650","chr22",29209152,29209153,"chr22",29208840,29209158,"cg26195005_BC21","ICR_1365"
"8651","chr22",29209152,29209153,"chr22",29208840,29209158,"cg26195005_BC22","ICR_1365"
"8652","chr22",29209157,29209158,"chr22",29208840,29209158,"cg18036081_BC21","ICR_1365"
"8653","chr22",31104621,31104622,"chr22",31104621,31104758,"cg26223403_TC11","ICR_1366"
"8654","chr22",31104640,31104641,"chr22",31104621,31104758,"cg26223404_BC21","ICR_1366"
"8655","chr22",31104671,31104672,"chr22",31104621,31104758,"cg26223405_TC21","ICR_1366"
"8656","chr22",31104728,31104729,"chr22",31104621,31104758,"cg26223407_BC11","ICR_1366"
"8657","chr22",32041877,32041878,"chr22",32041877,32043341,"cg13818276_BC21","ICR_1367"
"8658","chr22",32042047,32042048,"chr22",32041877,32043341,"cg26237502_TO11","ICR_1367"
"8659","chr22",32042566,32042567,"chr22",32041877,32043341,"cg26237503_TO21","ICR_1367"
"8660","chr22",32042819,32042820,"chr22",32041877,32043341,"cg26237504_TC21","ICR_1367"
"8661","chr22",32042959,32042960,"chr22",32041877,32043341,"cg26730347_BC21","ICR_1367"
"8662","chr22",32043005,32043006,"chr22",32041877,32043341,"cg19277154_TC21","ICR_1367"
"8663","chr22",32043038,32043039,"chr22",32041877,32043341,"cg26237505_BC21","ICR_1367"
"8664","chr22",32043059,32043060,"chr22",32041877,32043341,"cg26237506_BC11","ICR_1367"
"8665","chr22",32043059,32043060,"chr22",32041877,32043341,"cg26237506_BC12","ICR_1367"
"8666","chr22",32043067,32043068,"chr22",32041877,32043341,"cg26237507_TC11","ICR_1367"
"8667","chr22",32043131,32043132,"chr22",32041877,32043341,"cg26237511_BC11","ICR_1367"
"8668","chr22",32043140,32043141,"chr22",32041877,32043341,"cg26237513_TC11","ICR_1367"
"8669","chr22",32043140,32043141,"chr22",32041877,32043341,"cg26237513_TC12","ICR_1367"
"8670","chr22",32043150,32043151,"chr22",32041877,32043341,"cg26237514_BC11","ICR_1367"
"8671","chr22",32043229,32043230,"chr22",32041877,32043341,"cg26237517_BC21","ICR_1367"
"8672","chr22",32043244,32043245,"chr22",32041877,32043341,"cg26237518_TC21","ICR_1367"
"8673","chr22",32043253,32043254,"chr22",32041877,32043341,"cg26237519_BC21","ICR_1367"
"8674","chr22",32043313,32043314,"chr22",32041877,32043341,"cg26237520_BC11","ICR_1367"
"8675","chr22",32043315,32043316,"chr22",32041877,32043341,"cg26237521_TC11","ICR_1367"
"8676","chr22",32043323,32043324,"chr22",32041877,32043341,"cg26237522_BC21","ICR_1367"
"8677","chr22",32043340,32043341,"chr22",32041877,32043341,"cg26237523_TC11","ICR_1367"
"8678","chr22",32203942,32203943,"chr22",32203908,32204959,"cg26239291_TO11","ICR_1368"
"8679","chr22",32203959,32203960,"chr22",32203908,32204959,"cg26239292_BC11","ICR_1368"
"8680","chr22",32204023,32204024,"chr22",32203908,32204959,"cg26239295_TC11","ICR_1368"
"8681","chr22",32204035,32204036,"chr22",32203908,32204959,"cg26239296_BC11","ICR_1368"
"8682","chr22",32204038,32204039,"chr22",32203908,32204959,"cg26239298_TC11","ICR_1368"
"8683","chr22",32204059,32204060,"chr22",32203908,32204959,"cg26239299_BC21","ICR_1368"
"8684","chr22",32204126,32204127,"chr22",32203908,32204959,"cg26239302_TC11","ICR_1368"
"8685","chr22",32204140,32204141,"chr22",32203908,32204959,"cg26239303_BC21","ICR_1368"
"8686","chr22",32204145,32204146,"chr22",32203908,32204959,"cg26239304_TC21","ICR_1368"
"8687","chr22",32204151,32204152,"chr22",32203908,32204959,"cg27308932_BC21","ICR_1368"
"8688","chr22",32204161,32204162,"chr22",32203908,32204959,"cg16505427_BC21","ICR_1368"
"8689","chr22",32204229,32204230,"chr22",32203908,32204959,"cg26239305_BC21","ICR_1368"
"8690","chr22",32204266,32204267,"chr22",32203908,32204959,"cg26239307_BC11","ICR_1368"
"8691","chr22",32204297,32204298,"chr22",32203908,32204959,"cg26239309_TC11","ICR_1368"
"8692","chr22",32204307,32204308,"chr22",32203908,32204959,"cg26239310_BC11","ICR_1368"
"8693","chr22",32204309,32204310,"chr22",32203908,32204959,"cg26239311_TC11","ICR_1368"
"8694","chr22",32204324,32204325,"chr22",32203908,32204959,"cg26239312_TO11","ICR_1368"
"8695","chr22",32204331,32204332,"chr22",32203908,32204959,"cg26239313_BC11","ICR_1368"
"8696","chr22",32204352,32204353,"chr22",32203908,32204959,"cg26239315_TC11","ICR_1368"
"8697","chr22",32204358,32204359,"chr22",32203908,32204959,"cg26239316_BC21","ICR_1368"
"8698","chr22",32204368,32204369,"chr22",32203908,32204959,"cg26239317_BC21","ICR_1368"
"8699","chr22",32204368,32204369,"chr22",32203908,32204959,"cg26239317_BC22","ICR_1368"
"8700","chr22",32204372,32204373,"chr22",32203908,32204959,"cg26239318_TC21","ICR_1368"
"8701","chr22",32204393,32204394,"chr22",32203908,32204959,"cg26239319_TC21","ICR_1368"
"8702","chr22",32204433,32204434,"chr22",32203908,32204959,"cg26239320_BC11","ICR_1368"
"8703","chr22",32204446,32204447,"chr22",32203908,32204959,"cg26239321_BC11","ICR_1368"
"8704","chr22",32204460,32204461,"chr22",32203908,32204959,"cg26239322_TC11","ICR_1368"
"8705","chr22",32204466,32204467,"chr22",32203908,32204959,"cg26239323_BC11","ICR_1368"
"8706","chr22",32204477,32204478,"chr22",32203908,32204959,"cg26239324_BC11","ICR_1368"
"8707","chr22",32204483,32204484,"chr22",32203908,32204959,"cg26239325_TC21","ICR_1368"
"8708","chr22",32204539,32204540,"chr22",32203908,32204959,"cg26239328_BC21","ICR_1368"
"8709","chr22",32204549,32204550,"chr22",32203908,32204959,"cg26239329_TC11","ICR_1368"
"8710","chr22",32204607,32204608,"chr22",32203908,32204959,"cg26239331_TC11","ICR_1368"
"8711","chr22",32204607,32204608,"chr22",32203908,32204959,"cg26239331_TC12","ICR_1368"
"8712","chr22",32204625,32204626,"chr22",32203908,32204959,"cg26239332_BC11","ICR_1368"
"8713","chr22",32204634,32204635,"chr22",32203908,32204959,"cg26239333_BC11","ICR_1368"
"8714","chr22",32204634,32204635,"chr22",32203908,32204959,"cg26239333_BC12","ICR_1368"
"8715","chr22",32204640,32204641,"chr22",32203908,32204959,"cg26239334_TC11","ICR_1368"
"8716","chr22",32204645,32204646,"chr22",32203908,32204959,"cg26239335_TC21","ICR_1368"
"8717","chr22",32204734,32204735,"chr22",32203908,32204959,"cg22404498_TC21","ICR_1368"
"8718","chr22",32204867,32204868,"chr22",32203908,32204959,"cg17598352_TC21","ICR_1368"
"8719","chr22",32204926,32204927,"chr22",32203908,32204959,"cg24848192_BC21","ICR_1368"
"8720","chr22",36564451,36564452,"chr22",36564369,36564591,"cg13270055_TC21","ICR_1369"
"8721","chr22",36564451,36564452,"chr22",36564369,36564591,"cg13270055_TC22","ICR_1369"
"8722","chr22",36564466,36564467,"chr22",36564369,36564591,"cg26291137_TO11","ICR_1369"
"8723","chr22",36564473,36564474,"chr22",36564369,36564591,"cg26291138_BC11","ICR_1369"
"8724","chr22",36564481,36564482,"chr22",36564369,36564591,"cg26291139_TC11","ICR_1369"
"8725","chr22",36564506,36564507,"chr22",36564369,36564591,"cg26291140_BC21","ICR_1369"
"8726","chr22",36564524,36564525,"chr22",36564369,36564591,"cg26291141_BC21","ICR_1369"
"8727","chr22",36564524,36564525,"chr22",36564369,36564591,"cg26291141_BC22","ICR_1369"
"8728","chr22",36564530,36564531,"chr22",36564369,36564591,"cg26291142_TC21","ICR_1369"
"8729","chr22",36564559,36564560,"chr22",36564369,36564591,"cg26291143_TC21","ICR_1369"
"8730","chr22",36564568,36564569,"chr22",36564369,36564591,"cg26291144_BC21","ICR_1369"
"8731","chr22",36564590,36564591,"chr22",36564369,36564591,"cg26291145_BC21","ICR_1369"
"8732","chr22",38828286,38828287,"chr22",38828286,38828585,"cg26335421_BO11","ICR_1370"
"8733","chr22",38828319,38828320,"chr22",38828286,38828585,"cg26335423_BO11","ICR_1370"
"8734","chr22",38828448,38828449,"chr22",38828286,38828585,"cg26335427_BC21","ICR_1370"
"8735","chr22",38828495,38828496,"chr22",38828286,38828585,"cg12603131_BC21","ICR_1370"
"8736","chr22",38828584,38828585,"chr22",38828286,38828585,"cg26335428_BC21","ICR_1370"
"8737","chr22",39557914,39557915,"chr22",39557888,39557920,"cg26350644_TO11","ICR_1371"
"8738","chr22",39557919,39557920,"chr22",39557888,39557920,"cg26350645_TO11","ICR_1371"
"8739","chr22",39557919,39557920,"chr22",39557888,39557920,"cg26350645_TO12","ICR_1371"
"8740","chr22",39664167,39664168,"chr22",39664167,39664319,"cg26352704_TC21","ICR_1372"
"8741","chr22",39664177,39664178,"chr22",39664167,39664319,"cg26352705_BC21","ICR_1372"
"8742","chr22",39664200,39664201,"chr22",39664167,39664319,"cg26352706_BC11","ICR_1372"
"8743","chr22",39664253,39664254,"chr22",39664167,39664319,"cg26352708_BC11","ICR_1372"
"8744","chr22",39664268,39664269,"chr22",39664167,39664319,"cg26352709_TC21","ICR_1372"
"8745","chr22",39664318,39664319,"chr22",39664167,39664319,"cg26352711_TC11","ICR_1372"
"8746","chr22",39713353,39713354,"chr22",39713306,39713466,"cg26353824_BC21","ICR_1373"
"8747","chr22",39713363,39713364,"chr22",39713306,39713466,"cg26353825_TC21","ICR_1373"
"8748","chr22",39713380,39713381,"chr22",39713306,39713466,"cg26353826_BC21","ICR_1373"
"8749","chr22",39713407,39713408,"chr22",39713306,39713466,"cg26353827_TC21","ICR_1373"
"8750","chr22",39713440,39713441,"chr22",39713306,39713466,"cg26353828_TC21","ICR_1373"
"8751","chr22",39713442,39713443,"chr22",39713306,39713466,"cg26353829_TC11","ICR_1373"
"8752","chr22",39713460,39713461,"chr22",39713306,39713466,"cg26353830_BC21","ICR_1373"
"8753","chr22",39713463,39713464,"chr22",39713306,39713466,"cg26353831_BC21","ICR_1373"
"8754","chr22",39713465,39713466,"chr22",39713306,39713466,"cg26353832_TC21","ICR_1373"
"8755","chr22",40040394,40040395,"chr22",40040394,40041632,"cg26357488_TC21","ICR_1374"
"8756","chr22",40040897,40040898,"chr22",40040394,40041632,"cg26357489_TC21","ICR_1374"
"8757","chr22",40041029,40041030,"chr22",40040394,40041632,"cg26357490_BC21","ICR_1374"
"8758","chr22",40041191,40041192,"chr22",40040394,40041632,"cg15462501_TC21","ICR_1374"
"8759","chr22",40041259,40041260,"chr22",40040394,40041632,"cg26357491_TC21","ICR_1374"
"8760","chr22",40041458,40041459,"chr22",40040394,40041632,"cg26357492_TC21","ICR_1374"
"8761","chr22",40041608,40041609,"chr22",40040394,40041632,"cg26357493_TC21","ICR_1374"
"8762","chr22",40041631,40041632,"chr22",40040394,40041632,"cg26357494_TC21","ICR_1374"
"8763","chr22",41682056,41682057,"chr22",41681860,41682938,"cg26384594_BC11","ICR_1375"
"8764","chr22",41682069,41682070,"chr22",41681860,41682938,"cg26384595_TC21","ICR_1375"
"8765","chr22",41682075,41682076,"chr22",41681860,41682938,"cg26384596_TC21","ICR_1375"
"8766","chr22",41682088,41682089,"chr22",41681860,41682938,"cg26384598_TC11","ICR_1375"
"8767","chr22",41682093,41682094,"chr22",41681860,41682938,"cg26384599_BC11","ICR_1375"
"8768","chr22",41682095,41682096,"chr22",41681860,41682938,"cg26384600_TC21","ICR_1375"
"8769","chr22",41682126,41682127,"chr22",41681860,41682938,"cg26384603_TO11","ICR_1375"
"8770","chr22",41682126,41682127,"chr22",41681860,41682938,"cg26384603_TO12","ICR_1375"
"8771","chr22",41682154,41682155,"chr22",41681860,41682938,"cg26384604_TC21","ICR_1375"
"8772","chr22",41682161,41682162,"chr22",41681860,41682938,"cg26384605_TC21","ICR_1375"
"8773","chr22",41682161,41682162,"chr22",41681860,41682938,"cg26384605_TC22","ICR_1375"
"8774","chr22",41682170,41682171,"chr22",41681860,41682938,"cg26384606_TC21","ICR_1375"
"8775","chr22",41682170,41682171,"chr22",41681860,41682938,"cg26384606_TC22","ICR_1375"
"8776","chr22",41682203,41682204,"chr22",41681860,41682938,"cg26384607_TC21","ICR_1375"
"8777","chr22",41682212,41682213,"chr22",41681860,41682938,"cg18152773_TC21","ICR_1375"
"8778","chr22",41682257,41682258,"chr22",41681860,41682938,"cg26384611_TC11","ICR_1375"
"8779","chr22",41682257,41682258,"chr22",41681860,41682938,"cg26384611_TC12","ICR_1375"
"8780","chr22",41682292,41682293,"chr22",41681860,41682938,"cg26384613_TC21","ICR_1375"
"8781","chr22",41682296,41682297,"chr22",41681860,41682938,"cg26384614_TC11","ICR_1375"
"8782","chr22",41682298,41682299,"chr22",41681860,41682938,"cg26384615_TC11","ICR_1375"
"8783","chr22",41682298,41682299,"chr22",41681860,41682938,"cg26384615_TC12","ICR_1375"
"8784","chr22",41682313,41682314,"chr22",41681860,41682938,"cg26384616_BC11","ICR_1375"
"8785","chr22",41682360,41682361,"chr22",41681860,41682938,"cg22083753_BC21","ICR_1375"
"8786","chr22",41682360,41682361,"chr22",41681860,41682938,"cg22083753_BC22","ICR_1375"
"8787","chr22",41682383,41682384,"chr22",41681860,41682938,"cg15284719_BC21","ICR_1375"
"8788","chr22",41682390,41682391,"chr22",41681860,41682938,"cg26384617_TC21","ICR_1375"
"8789","chr22",41682392,41682393,"chr22",41681860,41682938,"cg26384618_BC11","ICR_1375"
"8790","chr22",41682405,41682406,"chr22",41681860,41682938,"cg26384620_BC11","ICR_1375"
"8791","chr22",41682419,41682420,"chr22",41681860,41682938,"cg26384622_BC21","ICR_1375"
"8792","chr22",41682437,41682438,"chr22",41681860,41682938,"cg26384623_TC11","ICR_1375"
"8793","chr22",41682493,41682494,"chr22",41681860,41682938,"cg26384628_TC21","ICR_1375"
"8794","chr22",41682502,41682503,"chr22",41681860,41682938,"cg26384629_BC21","ICR_1375"
"8795","chr22",41682517,41682518,"chr22",41681860,41682938,"cg26384630_TO11","ICR_1375"
"8796","chr22",41682529,41682530,"chr22",41681860,41682938,"cg26384631_BC11","ICR_1375"
"8797","chr22",41682543,41682544,"chr22",41681860,41682938,"cg26384632_TC21","ICR_1375"
"8798","chr22",41682702,41682703,"chr22",41681860,41682938,"cg11677105_TC21","ICR_1375"
"8799","chr22",41682718,41682719,"chr22",41681860,41682938,"cg11536612_TC21","ICR_1375"
"8800","chr22",41682742,41682743,"chr22",41681860,41682938,"cg26384633_BC11","ICR_1375"
"8801","chr22",42397044,42397045,"chr22",42397044,42397355,"cg26397321_BC11","ICR_1376"
"8802","chr22",42397115,42397116,"chr22",42397044,42397355,"cg26397322_TC21","ICR_1376"
"8803","chr22",42397123,42397124,"chr22",42397044,42397355,"cg26397323_BC21","ICR_1376"
"8804","chr22",42397132,42397133,"chr22",42397044,42397355,"cg26397324_BC21","ICR_1376"
"8805","chr22",42397162,42397163,"chr22",42397044,42397355,"cg26397325_TC11","ICR_1376"
"8806","chr22",42397230,42397231,"chr22",42397044,42397355,"cg26397327_TC21","ICR_1376"
"8807","chr22",42397230,42397231,"chr22",42397044,42397355,"cg26397327_TC22","ICR_1376"
"8808","chr22",42397239,42397240,"chr22",42397044,42397355,"cg26397328_TC11","ICR_1376"
"8809","chr22",42397344,42397345,"chr22",42397044,42397355,"cg18253356_BC21","ICR_1376"
"8810","chr22",42397354,42397355,"chr22",42397044,42397355,"cg26397329_TC21","ICR_1376"
"8811","chr22",42533052,42533053,"chr22",42532791,42533280,"cg26400183_BC21","ICR_1377"
"8812","chr22",42533056,42533057,"chr22",42532791,42533280,"cg26400184_TC11","ICR_1377"
"8813","chr22",42533101,42533102,"chr22",42532791,42533280,"cg26400186_BC11","ICR_1377"
"8814","chr22",42533101,42533102,"chr22",42532791,42533280,"cg26400186_BC12","ICR_1377"
"8815","chr22",42533113,42533114,"chr22",42532791,42533280,"cg26400187_TC21","ICR_1377"
"8816","chr22",42533186,42533187,"chr22",42532791,42533280,"cg26400191_TC21","ICR_1377"
"8817","chr22",42533210,42533211,"chr22",42532791,42533280,"cg26400192_BC21","ICR_1377"
"8818","chr22",42533265,42533266,"chr22",42532791,42533280,"cg26400193_TC21","ICR_1377"
"8819","chr22",42547748,42547749,"chr22",42547748,42547909,"cg26400442_TC21","ICR_1378"
"8820","chr22",42547836,42547837,"chr22",42547748,42547909,"cg26400443_TC21","ICR_1378"
"8821","chr22",42547849,42547850,"chr22",42547748,42547909,"cg26400444_BC21","ICR_1378"
"8822","chr22",42547887,42547888,"chr22",42547748,42547909,"cg26400445_BC11","ICR_1378"
"8823","chr22",42547894,42547895,"chr22",42547748,42547909,"cg26400446_BC21","ICR_1378"
"8824","chr22",42547901,42547902,"chr22",42547748,42547909,"cg26400447_BC21","ICR_1378"
"8825","chr22",42547908,42547909,"chr22",42547748,42547909,"cg26400448_TC11","ICR_1378"
"8826","chr22",42547908,42547909,"chr22",42547748,42547909,"cg26400448_TC12","ICR_1378"
"8827","chr22",43289377,43289378,"chr22",43289377,43290003,"cg26416097_BC21","ICR_1379"
"8828","chr22",43289433,43289434,"chr22",43289377,43290003,"cg26416098_TC21","ICR_1379"
"8829","chr22",43289440,43289441,"chr22",43289377,43290003,"cg26416099_TC21","ICR_1379"
"8830","chr22",43289489,43289490,"chr22",43289377,43290003,"cg26416100_BC21","ICR_1379"
"8831","chr22",43289537,43289538,"chr22",43289377,43290003,"cg26416101_TC21","ICR_1379"
"8832","chr22",43289666,43289667,"chr22",43289377,43290003,"cg26416102_BC21","ICR_1379"
"8833","chr22",43289710,43289711,"chr22",43289377,43290003,"cg26416103_TC21","ICR_1379"
"8834","chr22",43289718,43289719,"chr22",43289377,43290003,"cg26416104_TO11","ICR_1379"
"8835","chr22",43289747,43289748,"chr22",43289377,43290003,"cg26416105_TC11","ICR_1379"
"8836","chr22",43289776,43289777,"chr22",43289377,43290003,"cg26416106_TC21","ICR_1379"
"8837","chr22",43289797,43289798,"chr22",43289377,43290003,"cg26416107_BC21","ICR_1379"
"8838","chr22",43289852,43289853,"chr22",43289377,43290003,"cg26416109_BC21","ICR_1379"
"8839","chr22",43289879,43289880,"chr22",43289377,43290003,"cg26416110_TC21","ICR_1379"
"8840","chr22",43289943,43289944,"chr22",43289377,43290003,"cg26416112_TC21","ICR_1379"
"8841","chr22",43289956,43289957,"chr22",43289377,43290003,"cg26416113_BC11","ICR_1379"
"8842","chr22",43289969,43289970,"chr22",43289377,43290003,"cg26416114_BO11","ICR_1379"
"8843","chr22",43290002,43290003,"chr22",43289377,43290003,"cg26416115_BC11","ICR_1379"
"8844","chr22",43290002,43290003,"chr22",43289377,43290003,"cg26416115_BC12","ICR_1379"
"8845","chr22",45023161,45023162,"chr22",45023161,45023506,"cg26447352_TC21","ICR_1380"
"8846","chr22",45023170,45023171,"chr22",45023161,45023506,"cg26447353_BC21","ICR_1380"
"8847","chr22",45023182,45023183,"chr22",45023161,45023506,"cg26447354_TC21","ICR_1380"
"8848","chr22",45023216,45023217,"chr22",45023161,45023506,"cg26447355_TO21","ICR_1380"
"8849","chr22",45023270,45023271,"chr22",45023161,45023506,"cg26447356_TC21","ICR_1380"
"8850","chr22",45023276,45023277,"chr22",45023161,45023506,"cg26447357_BC21","ICR_1380"
"8851","chr22",45023276,45023277,"chr22",45023161,45023506,"cg26447357_BC22","ICR_1380"
"8852","chr22",45023321,45023322,"chr22",45023161,45023506,"cg26447358_BC21","ICR_1380"
"8853","chr22",45023352,45023353,"chr22",45023161,45023506,"cg26447359_BC21","ICR_1380"
"8854","chr22",45023485,45023486,"chr22",45023161,45023506,"cg26447360_BC21","ICR_1380"
"8855","chr22",45023505,45023506,"chr22",45023161,45023506,"cg26447361_TC21","ICR_1380"
"8856","chr22",45078061,45078062,"chr22",45078009,45078290,"cg26448303_TC21","ICR_1381"
"8857","chr22",45078089,45078090,"chr22",45078009,45078290,"cg26448304_BC11","ICR_1381"
"8858","chr22",45078228,45078229,"chr22",45078009,45078290,"cg26448312_TC11","ICR_1381"
"8859","chr22",45078230,45078231,"chr22",45078009,45078290,"cg26448313_TC21","ICR_1381"
"8860","chr22",45078240,45078241,"chr22",45078009,45078290,"cg26448314_BC21","ICR_1381"
"8861","chr22",45078243,45078244,"chr22",45078009,45078290,"cg26448315_TC21","ICR_1381"
"8862","chr22",45078289,45078290,"chr22",45078009,45078290,"cg26448316_BC21","ICR_1381"
"8863","chr22",45162878,45162879,"chr22",45162878,45162974,"cg26449573_TO11","ICR_1382"
"8864","chr22",45162890,45162891,"chr22",45162878,45162974,"cg26449575_TC11","ICR_1382"
"8865","chr22",45428040,45428041,"chr22",45428040,45428475,"cg26454568_BO11","ICR_1383"
"8866","chr22",45428066,45428067,"chr22",45428040,45428475,"cg26454569_BC11","ICR_1383"
"8867","chr22",45428135,45428136,"chr22",45428040,45428475,"cg26454570_BC21","ICR_1383"
"8868","chr22",45428159,45428160,"chr22",45428040,45428475,"cg26454571_BC21","ICR_1383"
"8869","chr22",45428306,45428307,"chr22",45428040,45428475,"cg26454573_BC21","ICR_1383"
"8870","chr22",45428420,45428421,"chr22",45428040,45428475,"cg26454574_BC21","ICR_1383"
"8871","chr22",45877925,45877926,"chr22",45877925,45878087,"cg26461714_TC21","ICR_1384"
"8872","chr22",45877927,45877928,"chr22",45877925,45878087,"cg26461715_BC11","ICR_1384"
"8873","chr22",45877938,45877939,"chr22",45877925,45878087,"cg26461716_TC11","ICR_1384"
"8874","chr22",45877938,45877939,"chr22",45877925,45878087,"cg26461716_TC12","ICR_1384"
"8875","chr22",45877945,45877946,"chr22",45877925,45878087,"cg26461718_BC11","ICR_1384"
"8876","chr22",45877975,45877976,"chr22",45877925,45878087,"cg26461721_BC21","ICR_1384"
"8877","chr22",45877986,45877987,"chr22",45877925,45878087,"cg26461722_TO21","ICR_1384"
"8878","chr22",45878086,45878087,"chr22",45877925,45878087,"cg26461723_BO11","ICR_1384"
"8879","chr22",45878086,45878087,"chr22",45877925,45878087,"cg26461723_BO12","ICR_1384"
"8880","chr22",48238910,48238911,"chr22",48238910,48239473,"cg26507682_TC21","ICR_1385"
"8881","chr22",48238910,48238911,"chr22",48238910,48239473,"cg26507682_TC22","ICR_1385"
"8882","chr22",48238920,48238921,"chr22",48238910,48239473,"cg26507683_TC21","ICR_1385"
"8883","chr22",48239008,48239009,"chr22",48238910,48239473,"cg26507684_TC21","ICR_1385"
"8884","chr22",48239028,48239029,"chr22",48238910,48239473,"cg26507685_TC21","ICR_1385"
"8885","chr22",48239033,48239034,"chr22",48238910,48239473,"cg26507686_BC21","ICR_1385"
"8886","chr22",48239033,48239034,"chr22",48238910,48239473,"cg26507686_BC22","ICR_1385"
"8887","chr22",48239042,48239043,"chr22",48238910,48239473,"cg26507687_TC21","ICR_1385"
"8888","chr22",48239259,48239260,"chr22",48238910,48239473,"cg26507689_TC21","ICR_1385"
"8889","chr22",48239270,48239271,"chr22",48238910,48239473,"cg26507690_TC21","ICR_1385"
"8890","chr22",48239272,48239273,"chr22",48238910,48239473,"cg26507691_BC11","ICR_1385"
"8891","chr22",48239300,48239301,"chr22",48238910,48239473,"cg26507692_TC21","ICR_1385"
"8892","chr22",48239302,48239303,"chr22",48238910,48239473,"cg26507693_TC11","ICR_1385"
"8893","chr22",48239306,48239307,"chr22",48238910,48239473,"cg26507694_TO11","ICR_1385"
"8894","chr22",48239423,48239424,"chr22",48238910,48239473,"cg26507696_BC21","ICR_1385"
"8895","chr22",48239460,48239461,"chr22",48238910,48239473,"cg26507697_TC21","ICR_1385"
"8896","chr22",48239466,48239467,"chr22",48238910,48239473,"cg26507699_TC21","ICR_1385"
"8897","chr22",48239472,48239473,"chr22",48238910,48239473,"cg26507700_BC21","ICR_1385"
"8898","chr22",49935347,49935348,"chr22",49935323,49935357,"cg26545362_TC11","ICR_1387"
"8899","chr22",50314638,50314639,"chr22",50314616,50314942,"cg20435485_TC11","ICR_1388"
"8900","chr22",50314664,50314665,"chr22",50314616,50314942,"cg26557640_TC11","ICR_1388"
"8901","chr22",50314755,50314756,"chr22",50314616,50314942,"cg26557643_TC11","ICR_1388"
"8902","chr22",50314782,50314783,"chr22",50314616,50314942,"cg26557645_BC11","ICR_1388"
"8903","chr22",50314782,50314783,"chr22",50314616,50314942,"cg26557645_BC12","ICR_1388"
"8904","chr22",50314865,50314866,"chr22",50314616,50314942,"cg26557651_TC21","ICR_1388"
"8905","chr22",50314912,50314913,"chr22",50314616,50314942,"cg26557652_BC21","ICR_1388"
"8906","chr22",50314928,50314929,"chr22",50314616,50314942,"cg26557653_BC21","ICR_1388"
"8907","chr22",50314941,50314942,"chr22",50314616,50314942,"cg26557654_TC21","ICR_1388"
"8908","chr22",50482348,50482349,"chr22",50482321,50482580,"cg26562059_BC11","ICR_1389"
"8909","chr22",50482355,50482356,"chr22",50482321,50482580,"cg26562060_TC11","ICR_1389"
"8910","chr22",50482362,50482363,"chr22",50482321,50482580,"cg26562061_TC11","ICR_1389"
"8911","chr22",50482362,50482363,"chr22",50482321,50482580,"cg26562061_TC12","ICR_1389"
"8912","chr22",50482409,50482410,"chr22",50482321,50482580,"cg26562063_TC11","ICR_1389"
"8913","chr22",50482411,50482412,"chr22",50482321,50482580,"cg26562064_BO11","ICR_1389"
"8914","chr22",50482426,50482427,"chr22",50482321,50482580,"cg26562065_BC11","ICR_1389"
"8915","chr22",50506928,50506929,"chr22",50506928,50506995,"cg19175761_TC21","ICR_1390"
"8916","chr22",50506971,50506972,"chr22",50506928,50506995,"cg26562799_BC21","ICR_1390"
"8917","chr22",50506989,50506990,"chr22",50506928,50506995,"cg26562800_TC11","ICR_1390"
"8918","chr22",50506989,50506990,"chr22",50506928,50506995,"cg26562800_TC12","ICR_1390"
"8919","chr22",50506994,50506995,"chr22",50506928,50506995,"cg26562801_TC21","ICR_1390"
"8920","chrX",330526,330527,"chrX",330526,330751,"cg26574355_TC21","ICR_1391"
"8921","chrX",330603,330604,"chrX",330526,330751,"cg26574356_BC21","ICR_1391"
"8922","chrX",330665,330666,"chrX",330526,330751,"cg26574360_TC11","ICR_1391"
"8923","chrX",330740,330741,"chrX",330526,330751,"cg26574368_BO11","ICR_1391"
"8924","chrX",494089,494090,"chrX",494089,494437,"cg26580730_TC21","ICR_1392"
"8925","chrX",494152,494153,"chrX",494089,494437,"cg26580731_TC21","ICR_1392"
"8926","chrX",494181,494182,"chrX",494089,494437,"cg26580732_TC21","ICR_1392"
"8927","chrX",494212,494213,"chrX",494089,494437,"cg26580733_BC21","ICR_1392"
"8928","chrX",494317,494318,"chrX",494089,494437,"cg26580734_TC21","ICR_1392"
"8929","chrX",494368,494369,"chrX",494089,494437,"cg26580735_BC21","ICR_1392"
"8930","chrX",494400,494401,"chrX",494089,494437,"cg26580736_BC11","ICR_1392"
"8931","chrX",1208137,1208138,"chrX",1208137,1208515,"cg26595779_TO11","ICR_1393"
"8932","chrX",1208182,1208183,"chrX",1208137,1208515,"cg26595780_TC21","ICR_1393"
"8933","chrX",1208252,1208253,"chrX",1208137,1208515,"cg26595781_BC21","ICR_1393"
"8934","chrX",1208279,1208280,"chrX",1208137,1208515,"cg26595782_BC21","ICR_1393"
"8935","chrX",1208286,1208287,"chrX",1208137,1208515,"cg26595783_BC21","ICR_1393"
"8936","chrX",1208295,1208296,"chrX",1208137,1208515,"cg26595784_TC21","ICR_1393"
"8937","chrX",1208514,1208515,"chrX",1208137,1208515,"cg26595789_BC11","ICR_1393"
"8938","chrX",2325207,2325208,"chrX",2325207,2325958,"cg26615837_TC21","ICR_1394"
"8939","chrX",2325219,2325220,"chrX",2325207,2325958,"cg26615838_BC21","ICR_1394"
"8940","chrX",2325233,2325234,"chrX",2325207,2325958,"cg26615839_TC21","ICR_1394"
"8941","chrX",2325246,2325247,"chrX",2325207,2325958,"cg26615840_BC11","ICR_1394"
"8942","chrX",2325256,2325257,"chrX",2325207,2325958,"cg26615841_TC21","ICR_1394"
"8943","chrX",2325268,2325269,"chrX",2325207,2325958,"cg26615842_BC21","ICR_1394"
"8944","chrX",2325281,2325282,"chrX",2325207,2325958,"cg26615843_BC21","ICR_1394"
"8945","chrX",2325305,2325306,"chrX",2325207,2325958,"cg26615844_BC21","ICR_1394"
"8946","chrX",2325317,2325318,"chrX",2325207,2325958,"cg26615845_BC21","ICR_1394"
"8947","chrX",2325317,2325318,"chrX",2325207,2325958,"cg26615845_BC22","ICR_1394"
"8948","chrX",2325366,2325367,"chrX",2325207,2325958,"cg26615849_TC21","ICR_1394"
"8949","chrX",2325380,2325381,"chrX",2325207,2325958,"cg26615850_BC21","ICR_1394"
"8950","chrX",2325412,2325413,"chrX",2325207,2325958,"cg26615851_TC21","ICR_1394"
"8951","chrX",2325415,2325416,"chrX",2325207,2325958,"cg26615852_TC21","ICR_1394"
"8952","chrX",2325452,2325453,"chrX",2325207,2325958,"cg26615854_BC21","ICR_1394"
"8953","chrX",2325519,2325520,"chrX",2325207,2325958,"cg26615855_TC21","ICR_1394"
"8954","chrX",2325528,2325529,"chrX",2325207,2325958,"cg26615856_TC21","ICR_1394"
"8955","chrX",2325625,2325626,"chrX",2325207,2325958,"cg26615858_TC21","ICR_1394"
"8956","chrX",2325635,2325636,"chrX",2325207,2325958,"cg26615859_BC21","ICR_1394"
"8957","chrX",2325754,2325755,"chrX",2325207,2325958,"cg26615861_TC21","ICR_1394"
"8958","chrX",2325810,2325811,"chrX",2325207,2325958,"cg26615862_TC21","ICR_1394"
"8959","chrX",2325814,2325815,"chrX",2325207,2325958,"cg26615863_TC21","ICR_1394"
"8960","chrX",2325889,2325890,"chrX",2325207,2325958,"cg26615864_TC21","ICR_1394"
"8961","chrX",2325929,2325930,"chrX",2325207,2325958,"cg26615865_BC21","ICR_1394"
"8962","chrX",2325957,2325958,"chrX",2325207,2325958,"cg26615866_TC21","ICR_1394"
"8963","chrX",2962475,2962476,"chrX",2962475,2962843,"cg26627246_BC21","ICR_1395"
"8964","chrX",2962530,2962531,"chrX",2962475,2962843,"cg26627247_TC21","ICR_1395"
"8965","chrX",2962741,2962742,"chrX",2962475,2962843,"cg26627253_TC21","ICR_1395"
"8966","chrX",2962773,2962774,"chrX",2962475,2962843,"cg26627254_TO11","ICR_1395"
"8967","chrX",8783288,8783289,"chrX",8783288,8783566,"cg13825930_BC11","ICR_1396"
"8968","chrX",8783301,8783302,"chrX",8783288,8783566,"cg26677774_TC11","ICR_1396"
"8969","chrX",8783304,8783305,"chrX",8783288,8783566,"cg26677775_TC11","ICR_1396"
"8970","chrX",8783313,8783314,"chrX",8783288,8783566,"cg26677776_BC21","ICR_1396"
"8971","chrX",8783332,8783333,"chrX",8783288,8783566,"cg26677777_BC21","ICR_1396"
"8972","chrX",8783389,8783390,"chrX",8783288,8783566,"cg26677779_TC21","ICR_1396"
"8973","chrX",8783418,8783419,"chrX",8783288,8783566,"cg26677780_BO11","ICR_1396"
"8974","chrX",8783482,8783483,"chrX",8783288,8783566,"cg10521948_BC21","ICR_1396"
"8975","chrX",8783500,8783501,"chrX",8783288,8783566,"cg26677782_TC21","ICR_1396"
"8976","chrX",8783502,8783503,"chrX",8783288,8783566,"cg26677784_TO11","ICR_1396"
"8977","chrX",8783546,8783547,"chrX",8783288,8783566,"cg26677787_BC11","ICR_1396"
"8978","chrX",8783551,8783552,"chrX",8783288,8783566,"cg26677788_TC11","ICR_1396"
"8979","chrX",8783565,8783566,"chrX",8783288,8783566,"cg26677789_TC11","ICR_1396"
"8980","chrX",9857995,9857996,"chrX",9857995,9858420,"cg26691045_TC11","ICR_1397"
"8981","chrX",9857999,9858000,"chrX",9857995,9858420,"cg26691046_BC21","ICR_1397"
"8982","chrX",9858005,9858006,"chrX",9857995,9858420,"cg26691047_TC21","ICR_1397"
"8983","chrX",9858123,9858124,"chrX",9857995,9858420,"cg26691049_BC21","ICR_1397"
"8984","chrX",9858211,9858212,"chrX",9857995,9858420,"cg26691050_TC21","ICR_1397"
"8985","chrX",9858239,9858240,"chrX",9857995,9858420,"cg26691051_TC21","ICR_1397"
"8986","chrX",9858246,9858247,"chrX",9857995,9858420,"cg26691052_BC21","ICR_1397"
"8987","chrX",9858249,9858250,"chrX",9857995,9858420,"cg26691053_TC21","ICR_1397"
"8988","chrX",9858282,9858283,"chrX",9857995,9858420,"cg26691054_TC21","ICR_1397"
"8989","chrX",9858336,9858337,"chrX",9857995,9858420,"cg26691055_TC21","ICR_1397"
"8990","chrX",9858336,9858337,"chrX",9857995,9858420,"cg26691055_TC22","ICR_1397"
"8991","chrX",9858348,9858349,"chrX",9857995,9858420,"cg26691056_TO11","ICR_1397"
"8992","chrX",9858419,9858420,"chrX",9857995,9858420,"cg26691057_TC21","ICR_1397"
"8993","chrX",11138822,11138823,"chrX",11138800,11139297,"cg26703740_TO11","ICR_1398"
"8994","chrX",11138871,11138872,"chrX",11138800,11139297,"cg26703744_BC11","ICR_1398"
"8995","chrX",11138876,11138877,"chrX",11138800,11139297,"cg26703745_TC11","ICR_1398"
"8996","chrX",11138888,11138889,"chrX",11138800,11139297,"cg26703746_TC11","ICR_1398"
"8997","chrX",11138901,11138902,"chrX",11138800,11139297,"cg26703748_TC21","ICR_1398"
"8998","chrX",11138926,11138927,"chrX",11138800,11139297,"cg26703749_BC21","ICR_1398"
"8999","chrX",11138985,11138986,"chrX",11138800,11139297,"cg26703756_TO11","ICR_1398"
"9000","chrX",11139002,11139003,"chrX",11138800,11139297,"cg26703757_TC11","ICR_1398"
"9001","chrX",11139037,11139038,"chrX",11138800,11139297,"cg24401049_TC21","ICR_1398"
"9002","chrX",11139041,11139042,"chrX",11138800,11139297,"cg26703759_TC11","ICR_1398"
"9003","chrX",11139132,11139133,"chrX",11138800,11139297,"cg26703766_TO11","ICR_1398"
"9004","chrX",11139144,11139145,"chrX",11138800,11139297,"cg26703767_BO11","ICR_1398"
"9005","chrX",11139151,11139152,"chrX",11138800,11139297,"cg26703768_TO11","ICR_1398"
"9006","chrX",11139202,11139203,"chrX",11138800,11139297,"cg17082365_BC21","ICR_1398"
"9007","chrX",11139215,11139216,"chrX",11138800,11139297,"cg26703769_BC21","ICR_1398"
"9008","chrX",14244217,14244218,"chrX",14244064,14244239,"cg26728194_BO11","ICR_1399"
"9009","chrX",14244222,14244223,"chrX",14244064,14244239,"cg26728195_TO11","ICR_1399"
"9010","chrX",14244226,14244227,"chrX",14244064,14244239,"cg26728196_TC21","ICR_1399"
"9011","chrX",14244234,14244235,"chrX",14244064,14244239,"cg26728197_BC21","ICR_1399"
"9012","chrX",14244238,14244239,"chrX",14244064,14244239,"cg26728198_TC21","ICR_1399"
"9013","chrX",17655054,17655055,"chrX",17655054,17655175,"cg26755485_BC21","ICR_1400"
"9014","chrX",17655069,17655070,"chrX",17655054,17655175,"cg26755486_TC21","ICR_1400"
"9015","chrX",17655092,17655093,"chrX",17655054,17655175,"cg26755487_BC21","ICR_1400"
"9016","chrX",17655109,17655110,"chrX",17655054,17655175,"cg26755488_BC21","ICR_1400"
"9017","chrX",17655133,17655134,"chrX",17655054,17655175,"cg26755489_TC21","ICR_1400"
"9018","chrX",17655148,17655149,"chrX",17655054,17655175,"cg26755490_TC21","ICR_1400"
"9019","chrX",17655174,17655175,"chrX",17655054,17655175,"cg26755491_BO11","ICR_1400"
"9020","chrX",17787085,17787086,"chrX",17786941,17787094,"cg26756714_TC11","ICR_1401"
"9021","chrX",19514064,19514065,"chrX",19514064,19514434,"cg26775918_TC21","ICR_1403"
"9022","chrX",19514124,19514125,"chrX",19514064,19514434,"cg26775919_TC21","ICR_1403"
"9023","chrX",19514134,19514135,"chrX",19514064,19514434,"cg26775920_TC21","ICR_1403"
"9024","chrX",19514164,19514165,"chrX",19514064,19514434,"cg26775921_BC21","ICR_1403"
"9025","chrX",19514194,19514195,"chrX",19514064,19514434,"cg26775922_TC21","ICR_1403"
"9026","chrX",19514194,19514195,"chrX",19514064,19514434,"cg26775922_TC22","ICR_1403"
"9027","chrX",19514222,19514223,"chrX",19514064,19514434,"cg26775923_BC21","ICR_1403"
"9028","chrX",19514278,19514279,"chrX",19514064,19514434,"cg26775924_BC21","ICR_1403"
"9029","chrX",19514290,19514291,"chrX",19514064,19514434,"cg26775925_BC21","ICR_1403"
"9030","chrX",19514294,19514295,"chrX",19514064,19514434,"cg26775926_BC21","ICR_1403"
"9031","chrX",19514432,19514433,"chrX",19514064,19514434,"cg26775927_BO21","ICR_1403"
"9032","chrX",20117115,20117116,"chrX",20117089,20117193,"cg13806839_TC11","ICR_1404"
"9033","chrX",20117117,20117118,"chrX",20117089,20117193,"cg26782727_TC21","ICR_1404"
"9034","chrX",20117119,20117120,"chrX",20117089,20117193,"cg26782728_TC21","ICR_1404"
"9035","chrX",20117119,20117120,"chrX",20117089,20117193,"cg26782728_TC22","ICR_1404"
"9036","chrX",20117164,20117165,"chrX",20117089,20117193,"cg26782730_TC11","ICR_1404"
"9037","chrX",20117166,20117167,"chrX",20117089,20117193,"cg22657475_BC11","ICR_1404"
"9038","chrX",20117174,20117175,"chrX",20117089,20117193,"cg26782732_TC11","ICR_1404"
"9039","chrX",20117180,20117181,"chrX",20117089,20117193,"cg26782733_BC11","ICR_1404"
"9040","chrX",20117182,20117183,"chrX",20117089,20117193,"cg26782734_TC11","ICR_1404"
"9041","chrX",20117192,20117193,"chrX",20117089,20117193,"cg23959569_BC21","ICR_1404"
"9042","chrX",21657736,21657737,"chrX",21657682,21658001,"cg26792286_TC11","ICR_1405"
"9043","chrX",21657736,21657737,"chrX",21657682,21658001,"cg26792286_TC12","ICR_1405"
"9044","chrX",21657746,21657747,"chrX",21657682,21658001,"cg26792287_BC21","ICR_1405"
"9045","chrX",21657751,21657752,"chrX",21657682,21658001,"cg26792289_TC21","ICR_1405"
"9046","chrX",21657841,21657842,"chrX",21657682,21658001,"cg26792290_BC21","ICR_1405"
"9047","chrX",21657852,21657853,"chrX",21657682,21658001,"cg26792291_TC21","ICR_1405"
"9048","chrX",21657868,21657869,"chrX",21657682,21658001,"cg26792292_BC21","ICR_1405"
"9049","chrX",21657877,21657878,"chrX",21657682,21658001,"cg26792293_TC21","ICR_1405"
"9050","chrX",21657879,21657880,"chrX",21657682,21658001,"cg26792294_TC21","ICR_1405"
"9051","chrX",21658000,21658001,"chrX",21657682,21658001,"cg26792296_TC11","ICR_1405"
"9052","chrX",29919458,29919459,"chrX",29919458,29920091,"cg26859311_BC21","ICR_1406"
"9053","chrX",29919870,29919871,"chrX",29919458,29920091,"cg26859312_TO11","ICR_1406"
"9054","chrX",29920059,29920060,"chrX",29919458,29920091,"cg26859313_BO21","ICR_1406"
"9055","chrX",29920063,29920064,"chrX",29919458,29920091,"cg26859314_TO11","ICR_1406"
"9056","chrX",29920068,29920069,"chrX",29919458,29920091,"cg26859315_BC11","ICR_1406"
"9057","chrX",29920074,29920075,"chrX",29919458,29920091,"cg26859316_BO11","ICR_1406"
"9058","chrX",36575018,36575019,"chrX",36575018,36576600,"cg26907081_TC21","ICR_1407"
"9059","chrX",36575317,36575318,"chrX",36575018,36576600,"cg26907084_BC21","ICR_1407"
"9060","chrX",36575450,36575451,"chrX",36575018,36576600,"cg26907085_BC21","ICR_1407"
"9061","chrX",36575722,36575723,"chrX",36575018,36576600,"cg26907086_BC21","ICR_1407"
"9062","chrX",36575929,36575930,"chrX",36575018,36576600,"cg13388142_BC21","ICR_1407"
"9063","chrX",36576599,36576600,"chrX",36575018,36576600,"cg19924480_BC21","ICR_1407"
"9064","chrX",38474429,38474430,"chrX",38474429,38475389,"cg26918693_TC21","ICR_1408"
"9065","chrX",38474668,38474669,"chrX",38474429,38475389,"cg26918694_TC21","ICR_1408"
"9066","chrX",38474742,38474743,"chrX",38474429,38475389,"cg26918695_BC21","ICR_1408"
"9067","chrX",38474760,38474761,"chrX",38474429,38475389,"cg26918696_TC21","ICR_1408"
"9068","chrX",38475113,38475114,"chrX",38474429,38475389,"cg26918698_TC21","ICR_1408"
"9069","chrX",38475388,38475389,"chrX",38474429,38475389,"cg26918699_TC21","ICR_1408"
"9070","chrX",39813662,39813663,"chrX",39813661,39814142,"cg26929020_TO21","ICR_1409"
"9071","chrX",39813715,39813716,"chrX",39813661,39814142,"cg26929021_BC21","ICR_1409"
"9072","chrX",39813727,39813728,"chrX",39813661,39814142,"cg26929022_BC21","ICR_1409"
"9073","chrX",39813887,39813888,"chrX",39813661,39814142,"cg26929023_BC21","ICR_1409"
"9074","chrX",39813929,39813930,"chrX",39813661,39814142,"cg26929024_TC11","ICR_1409"
"9075","chrX",39813932,39813933,"chrX",39813661,39814142,"cg26929025_BO11","ICR_1409"
"9076","chrX",39814009,39814010,"chrX",39813661,39814142,"cg26929026_TC21","ICR_1409"
"9077","chrX",39814030,39814031,"chrX",39813661,39814142,"cg16452780_BC21","ICR_1409"
"9078","chrX",39814035,39814036,"chrX",39813661,39814142,"cg26929027_TC21","ICR_1409"
"9079","chrX",39814080,39814081,"chrX",39813661,39814142,"cg26929028_TC11","ICR_1409"
"9080","chrX",39814084,39814085,"chrX",39813661,39814142,"cg26929029_BC21","ICR_1409"
"9081","chrX",39814098,39814099,"chrX",39813661,39814142,"cg26929030_BC11","ICR_1409"
"9082","chrX",39814109,39814110,"chrX",39813661,39814142,"cg26929031_TC11","ICR_1409"
"9083","chrX",39814141,39814142,"chrX",39813661,39814142,"cg26929032_BC21","ICR_1409"
"9084","chrX",39822215,39822216,"chrX",39822215,39822775,"cg26929291_BC21","ICR_1410"
"9085","chrX",39822266,39822267,"chrX",39822215,39822775,"cg27208467_TC21","ICR_1410"
"9086","chrX",39822334,39822335,"chrX",39822215,39822775,"cg26929293_TC21","ICR_1410"
"9087","chrX",39822398,39822399,"chrX",39822215,39822775,"cg26929294_TC21","ICR_1410"
"9088","chrX",39822435,39822436,"chrX",39822215,39822775,"cg26929295_TC21","ICR_1410"
"9089","chrX",39822435,39822436,"chrX",39822215,39822775,"cg26929295_TC22","ICR_1410"
"9090","chrX",39822502,39822503,"chrX",39822215,39822775,"cg26929296_TC21","ICR_1410"
"9091","chrX",39822591,39822592,"chrX",39822215,39822775,"cg26929298_TC11","ICR_1410"
"9092","chrX",40157064,40157065,"chrX",40157064,40157832,"cg26936518_BC21","ICR_1411"
"9093","chrX",40157101,40157102,"chrX",40157064,40157832,"cg26936519_TC21","ICR_1411"
"9094","chrX",40157218,40157219,"chrX",40157064,40157832,"cg26936520_TC21","ICR_1411"
"9095","chrX",40157638,40157639,"chrX",40157064,40157832,"cg26936523_TO21","ICR_1411"
"9096","chrX",40157731,40157732,"chrX",40157064,40157832,"cg26936524_BC21","ICR_1411"
"9097","chrX",40157753,40157754,"chrX",40157064,40157832,"cg26936525_TC21","ICR_1411"
"9098","chrX",40157829,40157830,"chrX",40157064,40157832,"cg26936526_BC21","ICR_1411"
"9099","chrX",40157831,40157832,"chrX",40157064,40157832,"cg26936527_TC21","ICR_1411"
"9100","chrX",40205490,40205491,"chrX",40205490,40205660,"cg26937817_TC21","ICR_1412"
"9101","chrX",40205514,40205515,"chrX",40205490,40205660,"cg26937820_TC11","ICR_1412"
"9102","chrX",40205514,40205515,"chrX",40205490,40205660,"cg26937820_TC12","ICR_1412"
"9103","chrX",40205542,40205543,"chrX",40205490,40205660,"cg26937824_TC11","ICR_1412"
"9104","chrX",40205556,40205557,"chrX",40205490,40205660,"cg26937825_TC21","ICR_1412"
"9105","chrX",40205559,40205560,"chrX",40205490,40205660,"cg26937826_BC21","ICR_1412"
"9106","chrX",40205616,40205617,"chrX",40205490,40205660,"cg26937827_BC21","ICR_1412"
"9107","chrX",40205633,40205634,"chrX",40205490,40205660,"cg15558645_BC21","ICR_1412"
"9108","chrX",40205659,40205660,"chrX",40205490,40205660,"cg26937828_BC21","ICR_1412"
"9109","chrX",40243437,40243438,"chrX",40243437,40244131,"cg26938442_BC21","ICR_1413"
"9110","chrX",40243705,40243706,"chrX",40243437,40244131,"cg26938443_TC21","ICR_1413"
"9111","chrX",40243715,40243716,"chrX",40243437,40244131,"cg26938444_BC21","ICR_1413"
"9112","chrX",40243723,40243724,"chrX",40243437,40244131,"cg26938445_TC21","ICR_1413"
"9113","chrX",40243727,40243728,"chrX",40243437,40244131,"cg26938446_TC21","ICR_1413"
"9114","chrX",40243845,40243846,"chrX",40243437,40244131,"cg26938447_TC21","ICR_1413"
"9115","chrX",40243881,40243882,"chrX",40243437,40244131,"cg26938448_BC21","ICR_1413"
"9116","chrX",40243888,40243889,"chrX",40243437,40244131,"cg26938449_BC21","ICR_1413"
"9117","chrX",40243896,40243897,"chrX",40243437,40244131,"cg26938450_BC21","ICR_1413"
"9118","chrX",40243950,40243951,"chrX",40243437,40244131,"cg26938451_TC21","ICR_1413"
"9119","chrX",40243999,40244000,"chrX",40243437,40244131,"cg26938452_BC21","ICR_1413"
"9120","chrX",40244075,40244076,"chrX",40243437,40244131,"cg26938453_TC21","ICR_1413"
"9121","chrX",40244086,40244087,"chrX",40243437,40244131,"cg26938454_BC21","ICR_1413"
"9122","chrX",40244100,40244101,"chrX",40243437,40244131,"cg26938455_TC21","ICR_1413"
"9123","chrX",40244130,40244131,"chrX",40243437,40244131,"cg26938456_TC11","ICR_1413"
"9124","chrX",41088217,41088218,"chrX",41088075,41088234,"cg26948587_TC11","ICR_1414"
"9125","chrX",41088217,41088218,"chrX",41088075,41088234,"cg26948587_TC12","ICR_1414"
"9126","chrX",41088224,41088225,"chrX",41088075,41088234,"cg26948588_BC11","ICR_1414"
"9127","chrX",41088228,41088229,"chrX",41088075,41088234,"cg26948589_TC21","ICR_1414"
"9128","chrX",41088233,41088234,"chrX",41088075,41088234,"cg26948590_BC21","ICR_1414"
"9129","chrX",42778155,42778156,"chrX",42778155,42778387,"cg26963437_TC21","ICR_1415"
"9130","chrX",42778181,42778182,"chrX",42778155,42778387,"cg26963438_TC21","ICR_1415"
"9131","chrX",42778221,42778222,"chrX",42778155,42778387,"cg26963439_BC21","ICR_1415"
"9132","chrX",42778226,42778227,"chrX",42778155,42778387,"cg26963440_BC21","ICR_1415"
"9133","chrX",42778233,42778234,"chrX",42778155,42778387,"cg26963441_TC21","ICR_1415"
"9134","chrX",42778245,42778246,"chrX",42778155,42778387,"cg22655232_TC21","ICR_1415"
"9135","chrX",42778248,42778249,"chrX",42778155,42778387,"cg26963442_BC11","ICR_1415"
"9136","chrX",42778254,42778255,"chrX",42778155,42778387,"cg26327984_BC11","ICR_1415"
"9137","chrX",42778260,42778261,"chrX",42778155,42778387,"cg26963443_TC11","ICR_1415"
"9138","chrX",42778277,42778278,"chrX",42778155,42778387,"cg26963445_BC11","ICR_1415"
"9139","chrX",42778284,42778285,"chrX",42778155,42778387,"cg26963446_TC11","ICR_1415"
"9140","chrX",42778296,42778297,"chrX",42778155,42778387,"cg22067189_BC11","ICR_1415"
"9141","chrX",42778302,42778303,"chrX",42778155,42778387,"cg26963447_TC11","ICR_1415"
"9142","chrX",42778320,42778321,"chrX",42778155,42778387,"cg26963449_TC11","ICR_1415"
"9143","chrX",42778338,42778339,"chrX",42778155,42778387,"cg26963450_TC11","ICR_1415"
"9144","chrX",42778344,42778345,"chrX",42778155,42778387,"cg26963451_TC11","ICR_1415"
"9145","chrX",42778368,42778369,"chrX",42778155,42778387,"cg26963453_TC11","ICR_1415"
"9146","chrX",42778374,42778375,"chrX",42778155,42778387,"cg26963454_TC11","ICR_1415"
"9147","chrX",45806770,45806771,"chrX",45806770,45807324,"cg26987079_BO11","ICR_1416"
"9148","chrX",45806809,45806810,"chrX",45806770,45807324,"cg26987080_TC21","ICR_1416"
"9149","chrX",45806838,45806839,"chrX",45806770,45807324,"cg26987081_BC21","ICR_1416"
"9150","chrX",45806883,45806884,"chrX",45806770,45807324,"cg26987082_TC21","ICR_1416"
"9151","chrX",45807042,45807043,"chrX",45806770,45807324,"cg26987084_BC21","ICR_1416"
"9152","chrX",45807048,45807049,"chrX",45806770,45807324,"cg26987085_BC21","ICR_1416"
"9153","chrX",45807063,45807064,"chrX",45806770,45807324,"cg26987086_TC11","ICR_1416"
"9154","chrX",45807174,45807175,"chrX",45806770,45807324,"cg26987087_BC21","ICR_1416"
"9155","chrX",45807323,45807324,"chrX",45806770,45807324,"cg26987088_BC21","ICR_1416"
"9156","chrX",47637895,47637896,"chrX",47637836,47638168,"cg27007194_TC11","ICR_1417"
"9157","chrX",47637941,47637942,"chrX",47637836,47638168,"cg24265865_TC11","ICR_1417"
"9158","chrX",47637941,47637942,"chrX",47637836,47638168,"cg24265865_TC12","ICR_1417"
"9159","chrX",47637945,47637946,"chrX",47637836,47638168,"cg27007198_BC11","ICR_1417"
"9160","chrX",47637982,47637983,"chrX",47637836,47638168,"cg27007202_BO11","ICR_1417"
"9161","chrX",47637992,47637993,"chrX",47637836,47638168,"cg22887748_BC21","ICR_1417"
"9162","chrX",47637992,47637993,"chrX",47637836,47638168,"cg22887748_BC22","ICR_1417"
"9163","chrX",47638111,47638112,"chrX",47637836,47638168,"cg27007204_BC21","ICR_1417"
"9164","chrX",47638122,47638123,"chrX",47637836,47638168,"cg27007205_BO11","ICR_1417"
"9165","chrX",47638163,47638164,"chrX",47637836,47638168,"cg27007207_TC11","ICR_1417"
"9166","chrX",48827532,48827533,"chrX",48827532,48827653,"cg13192155_TC11","ICR_1418"
"9167","chrX",48827532,48827533,"chrX",48827532,48827653,"cg13192155_TC12","ICR_1418"
"9168","chrX",48827536,48827537,"chrX",48827532,48827653,"cg27022244_TC11","ICR_1418"
"9169","chrX",48827598,48827599,"chrX",48827532,48827653,"cg27022248_TC11","ICR_1418"
"9170","chrX",48827630,48827631,"chrX",48827532,48827653,"cg27022251_BC11","ICR_1418"
"9171","chrX",48827641,48827642,"chrX",48827532,48827653,"cg27022252_BC11","ICR_1418"
"9172","chrX",48827652,48827653,"chrX",48827532,48827653,"cg27022253_BC21","ICR_1418"
"9173","chrX",49157373,49157374,"chrX",49157266,49157391,"cg27028903_BO11","ICR_1420"
"9174","chrX",49157387,49157388,"chrX",49157266,49157391,"cg21907582_TC11","ICR_1420"
"9175","chrX",49157390,49157391,"chrX",49157266,49157391,"cg27028904_TC21","ICR_1420"
"9176","chrX",49167170,49167171,"chrX",49167170,49167897,"cg27029182_BC21","ICR_1421"
"9177","chrX",49167175,49167176,"chrX",49167170,49167897,"cg27029183_TC11","ICR_1421"
"9178","chrX",49167207,49167208,"chrX",49167170,49167897,"cg27029184_BC11","ICR_1421"
"9179","chrX",49167222,49167223,"chrX",49167170,49167897,"cg27029185_BC21","ICR_1421"
"9180","chrX",49167245,49167246,"chrX",49167170,49167897,"cg27029186_TC11","ICR_1421"
"9181","chrX",49167261,49167262,"chrX",49167170,49167897,"cg27029187_TC21","ICR_1421"
"9182","chrX",49167275,49167276,"chrX",49167170,49167897,"cg27029188_BC21","ICR_1421"
"9183","chrX",49167286,49167287,"chrX",49167170,49167897,"cg27029190_BC21","ICR_1421"
"9184","chrX",49167286,49167287,"chrX",49167170,49167897,"cg27029190_BC22","ICR_1421"
"9185","chrX",49167352,49167353,"chrX",49167170,49167897,"cg27029191_TC21","ICR_1421"
"9186","chrX",49167364,49167365,"chrX",49167170,49167897,"cg27029192_TC21","ICR_1421"
"9187","chrX",49167373,49167374,"chrX",49167170,49167897,"cg27029193_TC11","ICR_1421"
"9188","chrX",49167375,49167376,"chrX",49167170,49167897,"cg27029194_TC21","ICR_1421"
"9189","chrX",49167384,49167385,"chrX",49167170,49167897,"cg27029195_TC21","ICR_1421"
"9190","chrX",49167417,49167418,"chrX",49167170,49167897,"cg27029196_BC11","ICR_1421"
"9191","chrX",49167441,49167442,"chrX",49167170,49167897,"cg27029197_TC11","ICR_1421"
"9192","chrX",49167495,49167496,"chrX",49167170,49167897,"cg27029199_TO11","ICR_1421"
"9193","chrX",49167896,49167897,"chrX",49167170,49167897,"cg27029205_BC21","ICR_1421"
"9194","chrX",49234000,49234001,"chrX",49233990,49234143,"cg27030653_BC21","ICR_1422"
"9195","chrX",49234083,49234084,"chrX",49233990,49234143,"cg27030654_BO11","ICR_1422"
"9196","chrX",49234093,49234094,"chrX",49233990,49234143,"cg27030656_TC11","ICR_1422"
"9197","chrX",49234103,49234104,"chrX",49233990,49234143,"cg27030657_TC11","ICR_1422"
"9198","chrX",49234115,49234116,"chrX",49233990,49234143,"cg27030658_TC21","ICR_1422"
"9199","chrX",49234134,49234135,"chrX",49233990,49234143,"cg27030659_TC11","ICR_1422"
"9200","chrX",49234142,49234143,"chrX",49233990,49234143,"cg10210150_BC21","ICR_1422"
"9201","chrX",52222851,52222852,"chrX",52222517,52222852,"cg27051328_BC21","ICR_1423"
"9202","chrX",53000158,53000159,"chrX",53000158,53000569,"cg27058638_BC21","ICR_1424"
"9203","chrX",53000166,53000167,"chrX",53000158,53000569,"cg27058639_TC21","ICR_1424"
"9204","chrX",53000239,53000240,"chrX",53000158,53000569,"cg27058640_TC21","ICR_1424"
"9205","chrX",53000382,53000383,"chrX",53000158,53000569,"cg27058641_BC21","ICR_1424"
"9206","chrX",53000391,53000392,"chrX",53000158,53000569,"cg27058642_TC21","ICR_1424"
"9207","chrX",53000408,53000409,"chrX",53000158,53000569,"cg27058643_TC21","ICR_1424"
"9208","chrX",53000529,53000530,"chrX",53000158,53000569,"cg25887010_BC21","ICR_1424"
"9209","chrX",53000536,53000537,"chrX",53000158,53000569,"cg27058644_TC11","ICR_1424"
"9210","chrX",56763913,56763914,"chrX",56763913,56764237,"cg27093483_TC21","ICR_1425"
"9211","chrX",56763940,56763941,"chrX",56763913,56764237,"cg27093484_TC21","ICR_1425"
"9212","chrX",56763960,56763961,"chrX",56763913,56764237,"cg27093485_TC21","ICR_1425"
"9213","chrX",56763996,56763997,"chrX",56763913,56764237,"cg27093486_BC21","ICR_1425"
"9214","chrX",56764000,56764001,"chrX",56763913,56764237,"cg27093487_BC21","ICR_1425"
"9215","chrX",56764014,56764015,"chrX",56763913,56764237,"cg27093488_BC21","ICR_1425"
"9216","chrX",56764117,56764118,"chrX",56763913,56764237,"cg27093489_TC21","ICR_1425"
"9217","chrX",56764139,56764140,"chrX",56763913,56764237,"cg27093490_TC21","ICR_1425"
"9218","chrX",56764195,56764196,"chrX",56763913,56764237,"cg27093491_BC21","ICR_1425"
"9219","chrX",56764209,56764210,"chrX",56763913,56764237,"cg27093492_BC21","ICR_1425"
"9220","chrX",56764236,56764237,"chrX",56763913,56764237,"cg27093494_BC21","ICR_1425"
"9221","chrX",57909418,57909419,"chrX",57909418,57909586,"cg27100803_TC21","ICR_1426"
"9222","chrX",57909429,57909430,"chrX",57909418,57909586,"cg27100804_BC11","ICR_1426"
"9223","chrX",57909437,57909438,"chrX",57909418,57909586,"cg27100805_BC11","ICR_1426"
"9224","chrX",57909585,57909586,"chrX",57909418,57909586,"cg23583777_BC21","ICR_1426"
"9225","chrX",62517162,62517163,"chrX",62517162,62517282,"cg27114799_TC21","ICR_1427"
"9226","chrX",62517281,62517282,"chrX",62517162,62517282,"cg27114807_BC11","ICR_1427"
"9227","chrX",62716476,62716477,"chrX",62716476,62717078,"cg27116329_TC21","ICR_1428"
"9228","chrX",62716701,62716702,"chrX",62716476,62717078,"cg27116330_TC21","ICR_1428"
"9229","chrX",62716717,62716718,"chrX",62716476,62717078,"cg27116331_TC21","ICR_1428"
"9230","chrX",62716794,62716795,"chrX",62716476,62717078,"cg27116332_BC21","ICR_1428"
"9231","chrX",62716827,62716828,"chrX",62716476,62717078,"cg27116333_TC21","ICR_1428"
"9232","chrX",62716842,62716843,"chrX",62716476,62717078,"cg27116334_BC21","ICR_1428"
"9233","chrX",62716946,62716947,"chrX",62716476,62717078,"cg27116335_BC21","ICR_1428"
"9234","chrX",62717077,62717078,"chrX",62716476,62717078,"cg27116336_BC21","ICR_1428"
"9235","chrX",64870663,64870664,"chrX",64870663,64873851,"cg27128530_TC21","ICR_1429"
"9236","chrX",64870789,64870790,"chrX",64870663,64873851,"cg27128531_TC21","ICR_1429"
"9237","chrX",64870937,64870938,"chrX",64870663,64873851,"cg27128532_TC21","ICR_1429"
"9238","chrX",64871192,64871193,"chrX",64870663,64873851,"cg27128533_BC21","ICR_1429"
"9239","chrX",64871471,64871472,"chrX",64870663,64873851,"cg27128534_TC21","ICR_1429"
"9240","chrX",64872683,64872684,"chrX",64870663,64873851,"cg27128535_TC21","ICR_1429"
"9241","chrX",64873669,64873670,"chrX",64870663,64873851,"cg27128536_BC21","ICR_1429"
"9242","chrX",64873742,64873743,"chrX",64870663,64873851,"cg27128537_BC21","ICR_1429"
"9243","chrX",64873773,64873774,"chrX",64870663,64873851,"cg27128538_TC21","ICR_1429"
"9244","chrX",64873850,64873851,"chrX",64870663,64873851,"cg27128539_TC21","ICR_1429"
"9245","chrX",65971266,65971267,"chrX",65971192,65971333,"cg27136395_TC11","ICR_1430"
"9246","chrX",65971272,65971273,"chrX",65971192,65971333,"cg27136396_BC11","ICR_1430"
"9247","chrX",65971280,65971281,"chrX",65971192,65971333,"cg27136397_TC11","ICR_1430"
"9248","chrX",65971287,65971288,"chrX",65971192,65971333,"cg27136398_BC11","ICR_1430"
"9249","chrX",65971297,65971298,"chrX",65971192,65971333,"cg27136399_TC11","ICR_1430"
"9250","chrX",65971308,65971309,"chrX",65971192,65971333,"cg27136400_BC21","ICR_1430"
"9251","chrX",65971322,65971323,"chrX",65971192,65971333,"cg27136401_BC21","ICR_1430"
"9252","chrX",65971332,65971333,"chrX",65971192,65971333,"cg27136402_TC21","ICR_1430"
"9253","chrX",68685507,68685508,"chrX",68685507,68686065,"cg27152004_BC21","ICR_1431"
"9254","chrX",68685553,68685554,"chrX",68685507,68686065,"cg27152005_TC21","ICR_1431"
"9255","chrX",68685612,68685613,"chrX",68685507,68686065,"cg27152006_BC21","ICR_1431"
"9256","chrX",68685803,68685804,"chrX",68685507,68686065,"cg27152007_BC21","ICR_1431"
"9257","chrX",68685824,68685825,"chrX",68685507,68686065,"cg27152008_TC21","ICR_1431"
"9258","chrX",68685899,68685900,"chrX",68685507,68686065,"cg27152010_TO21","ICR_1431"
"9259","chrX",68686064,68686065,"chrX",68685507,68686065,"cg27152011_BC21","ICR_1431"
"9260","chrX",68686064,68686065,"chrX",68685507,68686065,"cg27152011_BC22","ICR_1431"
"9261","chrX",69496101,69496102,"chrX",69496101,69497671,"cg27159464_BC21","ICR_1433"
"9262","chrX",69496166,69496167,"chrX",69496101,69497671,"cg27159465_BC21","ICR_1433"
"9263","chrX",69496672,69496673,"chrX",69496101,69497671,"cg27159467_BC21","ICR_1433"
"9264","chrX",69496814,69496815,"chrX",69496101,69497671,"cg27159469_TC21","ICR_1433"
"9265","chrX",69497670,69497671,"chrX",69496101,69497671,"cg27159470_BC21","ICR_1433"
"9266","chrX",70128673,70128674,"chrX",70128673,70129529,"cg27164235_BC21","ICR_1434"
"9267","chrX",70128749,70128750,"chrX",70128673,70129529,"cg27164236_BC21","ICR_1434"
"9268","chrX",70128777,70128778,"chrX",70128673,70129529,"cg27164237_BC21","ICR_1434"
"9269","chrX",70128794,70128795,"chrX",70128673,70129529,"cg27164238_BC21","ICR_1434"
"9270","chrX",70128863,70128864,"chrX",70128673,70129529,"cg27164239_TC21","ICR_1434"
"9271","chrX",70128938,70128939,"chrX",70128673,70129529,"cg27164240_TC21","ICR_1434"
"9272","chrX",70129234,70129235,"chrX",70128673,70129529,"cg27164241_BC21","ICR_1434"
"9273","chrX",71500034,71500035,"chrX",71499986,71500571,"cg27179820_BC21","ICR_1435"
"9274","chrX",71500042,71500043,"chrX",71499986,71500571,"cg27179821_TC11","ICR_1435"
"9275","chrX",71500536,71500537,"chrX",71499986,71500571,"cg27179824_BC11","ICR_1435"
"9276","chrX",71500549,71500550,"chrX",71499986,71500571,"cg27179825_TC21","ICR_1435"
"9277","chrX",71906119,71906120,"chrX",71906119,71906682,"cg27184949_TC21","ICR_1436"
"9278","chrX",71906136,71906137,"chrX",71906119,71906682,"cg27184950_BC21","ICR_1436"
"9279","chrX",71906181,71906182,"chrX",71906119,71906682,"cg27184951_TC21","ICR_1436"
"9280","chrX",71906220,71906221,"chrX",71906119,71906682,"cg27184952_BC21","ICR_1436"
"9281","chrX",71906299,71906300,"chrX",71906119,71906682,"cg27184953_TC21","ICR_1436"
"9282","chrX",71906406,71906407,"chrX",71906119,71906682,"cg27184955_TO21","ICR_1436"
"9283","chrX",71906681,71906682,"chrX",71906119,71906682,"cg27184956_TC21","ICR_1436"
"9284","chrX",72713720,72713721,"chrX",72713720,72713883,"cg27192663_BC21","ICR_1437"
"9285","chrX",72713740,72713741,"chrX",72713720,72713883,"cg27192664_TC21","ICR_1437"
"9286","chrX",72713767,72713768,"chrX",72713720,72713883,"cg20664065_BC21","ICR_1437"
"9287","chrX",72713771,72713772,"chrX",72713720,72713883,"cg27192665_BC21","ICR_1437"
"9288","chrX",72713780,72713781,"chrX",72713720,72713883,"cg20816612_BC21","ICR_1437"
"9289","chrX",72713833,72713834,"chrX",72713720,72713883,"cg20340631_TC21","ICR_1437"
"9290","chrX",72713837,72713838,"chrX",72713720,72713883,"cg27192666_BC21","ICR_1437"
"9291","chrX",72713843,72713844,"chrX",72713720,72713883,"cg27192667_BC21","ICR_1437"
"9292","chrX",72713851,72713852,"chrX",72713720,72713883,"cg27192668_BC11","ICR_1437"
"9293","chrX",72713858,72713859,"chrX",72713720,72713883,"cg27192669_TO11","ICR_1437"
"9294","chrX",72713882,72713883,"chrX",72713720,72713883,"cg27192671_TC21","ICR_1437"
"9295","chrX",73127733,73127734,"chrX",73127733,73128301,"cg27195932_TC21","ICR_1438"
"9296","chrX",73127773,73127774,"chrX",73127733,73128301,"cg27195933_BC21","ICR_1438"
"9297","chrX",73127801,73127802,"chrX",73127733,73128301,"cg27195934_TC21","ICR_1438"
"9298","chrX",73127824,73127825,"chrX",73127733,73128301,"cg27195935_TC21","ICR_1438"
"9299","chrX",73127827,73127828,"chrX",73127733,73128301,"cg27195936_TC21","ICR_1438"
"9300","chrX",73127848,73127849,"chrX",73127733,73128301,"cg27195937_TC11","ICR_1438"
"9301","chrX",73127866,73127867,"chrX",73127733,73128301,"cg27195938_TC21","ICR_1438"
"9302","chrX",73127908,73127909,"chrX",73127733,73128301,"cg27195939_BC21","ICR_1438"
"9303","chrX",73127919,73127920,"chrX",73127733,73128301,"cg27195940_BC21","ICR_1438"
"9304","chrX",73127932,73127933,"chrX",73127733,73128301,"cg27195941_TC21","ICR_1438"
"9305","chrX",73127937,73127938,"chrX",73127733,73128301,"cg27195942_BC21","ICR_1438"
"9306","chrX",73127961,73127962,"chrX",73127733,73128301,"cg27195944_TC11","ICR_1438"
"9307","chrX",73128012,73128013,"chrX",73127733,73128301,"cg27195947_BC21","ICR_1438"
"9308","chrX",73128019,73128020,"chrX",73127733,73128301,"cg27195948_BC21","ICR_1438"
"9309","chrX",73128037,73128038,"chrX",73127733,73128301,"cg27195949_BC21","ICR_1438"
"9310","chrX",73128101,73128102,"chrX",73127733,73128301,"cg27195951_TO21","ICR_1438"
"9311","chrX",73128175,73128176,"chrX",73127733,73128301,"cg26557308_BC21","ICR_1438"
"9312","chrX",73128231,73128232,"chrX",73127733,73128301,"cg27195952_TC21","ICR_1438"
"9313","chrX",73128257,73128258,"chrX",73127733,73128301,"cg27195953_TC21","ICR_1438"
"9314","chrX",73128286,73128287,"chrX",73127733,73128301,"cg27195954_BC21","ICR_1438"
"9315","chrX",73128296,73128297,"chrX",73127733,73128301,"cg15482806_BC21","ICR_1438"
"9316","chrX",73128300,73128301,"chrX",73127733,73128301,"cg27195955_BC21","ICR_1438"
"9317","chrX",76147215,76147216,"chrX",76147215,76148561,"cg27217174_TC21","ICR_1439"
"9318","chrX",76147263,76147264,"chrX",76147215,76148561,"cg27217175_BC21","ICR_1439"
"9319","chrX",76147302,76147303,"chrX",76147215,76148561,"cg27217176_TC21","ICR_1439"
"9320","chrX",76147391,76147392,"chrX",76147215,76148561,"cg27217177_TC21","ICR_1439"
"9321","chrX",76147391,76147392,"chrX",76147215,76148561,"cg27217177_TC22","ICR_1439"
"9322","chrX",76147419,76147420,"chrX",76147215,76148561,"cg27217178_TC21","ICR_1439"
"9323","chrX",76148165,76148166,"chrX",76147215,76148561,"cg27217179_TC21","ICR_1439"
"9324","chrX",76148184,76148185,"chrX",76147215,76148561,"cg27217180_BC21","ICR_1439"
"9325","chrX",76148233,76148234,"chrX",76147215,76148561,"cg27217181_BC21","ICR_1439"
"9326","chrX",76148245,76148246,"chrX",76147215,76148561,"cg27217182_BC21","ICR_1439"
"9327","chrX",76148369,76148370,"chrX",76147215,76148561,"cg27217183_BC21","ICR_1439"
"9328","chrX",76148560,76148561,"chrX",76147215,76148561,"cg27217184_BC21","ICR_1439"
"9329","chrX",92105328,92105329,"chrX",92105041,92105444,"cg27308657_BC11","ICR_1440"
"9330","chrX",92105362,92105363,"chrX",92105041,92105444,"cg27308658_TC21","ICR_1440"
"9331","chrX",99939596,99939597,"chrX",99939596,99940400,"cg27355232_TC11","ICR_1441"
"9332","chrX",99939598,99939599,"chrX",99939596,99940400,"cg15980334_TC21","ICR_1441"
"9333","chrX",99939644,99939645,"chrX",99939596,99940400,"cg27355233_TC21","ICR_1441"
"9334","chrX",99939648,99939649,"chrX",99939596,99940400,"cg27355234_BC21","ICR_1441"
"9335","chrX",99939730,99939731,"chrX",99939596,99940400,"cg27355235_TC11","ICR_1441"
"9336","chrX",99939736,99939737,"chrX",99939596,99940400,"cg27355236_BC21","ICR_1441"
"9337","chrX",99939738,99939739,"chrX",99939596,99940400,"cg27355237_TC21","ICR_1441"
"9338","chrX",99939923,99939924,"chrX",99939596,99940400,"cg16167088_TC21","ICR_1441"
"9339","chrX",99939930,99939931,"chrX",99939596,99940400,"cg10572354_BC21","ICR_1441"
"9340","chrX",99940004,99940005,"chrX",99939596,99940400,"cg27355239_TO11","ICR_1441"
"9341","chrX",99940047,99940048,"chrX",99939596,99940400,"cg27355241_TO11","ICR_1441"
"9342","chrX",99940047,99940048,"chrX",99939596,99940400,"cg27355241_TO12","ICR_1441"
"9343","chrX",99940057,99940058,"chrX",99939596,99940400,"cg27355242_TO11","ICR_1441"
"9344","chrX",99940064,99940065,"chrX",99939596,99940400,"cg27355243_BO11","ICR_1441"
"9345","chrX",99940066,99940067,"chrX",99939596,99940400,"cg27355244_TO11","ICR_1441"
"9346","chrX",99940070,99940071,"chrX",99939596,99940400,"cg27355245_TO11","ICR_1441"
"9347","chrX",99940089,99940090,"chrX",99939596,99940400,"cg27355246_TC11","ICR_1441"
"9348","chrX",99940092,99940093,"chrX",99939596,99940400,"cg27355247_TC21","ICR_1441"
"9349","chrX",99940187,99940188,"chrX",99939596,99940400,"cg27355250_BC21","ICR_1441"
"9350","chrX",99940187,99940188,"chrX",99939596,99940400,"cg27355250_BC22","ICR_1441"
"9351","chrX",102141008,102141009,"chrX",102140974,102141536,"cg27373573_TC11","ICR_1442"
"9352","chrX",102141028,102141029,"chrX",102140974,102141536,"cg27373574_TC21","ICR_1442"
"9353","chrX",102141032,102141033,"chrX",102140974,102141536,"cg27373575_BC21","ICR_1442"
"9354","chrX",102141032,102141033,"chrX",102140974,102141536,"cg27373575_BC22","ICR_1442"
"9355","chrX",102141039,102141040,"chrX",102140974,102141536,"cg27373576_TC11","ICR_1442"
"9356","chrX",102141042,102141043,"chrX",102140974,102141536,"cg27373577_TC11","ICR_1442"
"9357","chrX",102141480,102141481,"chrX",102140974,102141536,"cg27373589_TC21","ICR_1442"
"9358","chrX",102141535,102141536,"chrX",102140974,102141536,"cg27373592_BC21","ICR_1442"
"9359","chrX",102472107,102472108,"chrX",102472006,102472147,"cg27375905_TC11","ICR_1443"
"9360","chrX",102547187,102547188,"chrX",102547183,102547508,"cg27376318_TC21","ICR_1444"
"9361","chrX",102547235,102547236,"chrX",102547183,102547508,"cg27376319_BC21","ICR_1444"
"9362","chrX",102547245,102547246,"chrX",102547183,102547508,"cg27376320_TC21","ICR_1444"
"9363","chrX",102547257,102547258,"chrX",102547183,102547508,"cg27376321_TC11","ICR_1444"
"9364","chrX",102547265,102547266,"chrX",102547183,102547508,"cg27376322_BC11","ICR_1444"
"9365","chrX",102547276,102547277,"chrX",102547183,102547508,"cg27376323_TC21","ICR_1444"
"9366","chrX",102547282,102547283,"chrX",102547183,102547508,"cg27376324_BC21","ICR_1444"
"9367","chrX",102547314,102547315,"chrX",102547183,102547508,"cg27376326_TC21","ICR_1444"
"9368","chrX",102547335,102547336,"chrX",102547183,102547508,"cg27376327_TC21","ICR_1444"
"9369","chrX",102547345,102547346,"chrX",102547183,102547508,"cg27376328_TC11","ICR_1444"
"9370","chrX",102547380,102547381,"chrX",102547183,102547508,"cg27376329_BC21","ICR_1444"
"9371","chrX",102547382,102547383,"chrX",102547183,102547508,"cg27376330_TC21","ICR_1444"
"9372","chrX",102547387,102547388,"chrX",102547183,102547508,"cg27376331_TC21","ICR_1444"
"9373","chrX",102547507,102547508,"chrX",102547183,102547508,"cg27376332_TC21","ICR_1444"
"9374","chrX",103221229,103221230,"chrX",103221229,103221495,"cg27381975_TC21","ICR_1445"
"9375","chrX",103221232,103221233,"chrX",103221229,103221495,"cg27381976_TC11","ICR_1445"
"9376","chrX",103221268,103221269,"chrX",103221229,103221495,"cg27381981_TC11","ICR_1445"
"9377","chrX",103221284,103221285,"chrX",103221229,103221495,"cg27381982_TC21","ICR_1445"
"9378","chrX",103221292,103221293,"chrX",103221229,103221495,"cg27381983_TC21","ICR_1445"
"9379","chrX",103221300,103221301,"chrX",103221229,103221495,"cg27381984_TC21","ICR_1445"
"9380","chrX",103221340,103221341,"chrX",103221229,103221495,"cg27381985_BC21","ICR_1445"
"9381","chrX",103221397,103221398,"chrX",103221229,103221495,"cg27381986_BC21","ICR_1445"
"9382","chrX",103221423,103221424,"chrX",103221229,103221495,"cg27381987_BC21","ICR_1445"
"9383","chrX",103221423,103221424,"chrX",103221229,103221495,"cg27381987_BC22","ICR_1445"
"9384","chrX",103221457,103221458,"chrX",103221229,103221495,"cg27381988_TC21","ICR_1445"
"9385","chrX",103221494,103221495,"chrX",103221229,103221495,"cg27381989_TC21","ICR_1445"
"9386","chrX",104910026,104910027,"chrX",104910026,104910754,"cg27395304_TC21","ICR_1446"
"9387","chrX",104910076,104910077,"chrX",104910026,104910754,"cg27395305_TC21","ICR_1446"
"9388","chrX",104910084,104910085,"chrX",104910026,104910754,"cg27395306_TC21","ICR_1446"
"9389","chrX",104910093,104910094,"chrX",104910026,104910754,"cg27395307_TC21","ICR_1446"
"9390","chrX",104910123,104910124,"chrX",104910026,104910754,"cg27395308_BC21","ICR_1446"
"9391","chrX",104910127,104910128,"chrX",104910026,104910754,"cg27395309_BC21","ICR_1446"
"9392","chrX",104910173,104910174,"chrX",104910026,104910754,"cg27395311_TC11","ICR_1446"
"9393","chrX",104910197,104910198,"chrX",104910026,104910754,"cg27395313_BC11","ICR_1446"
"9394","chrX",104910241,104910242,"chrX",104910026,104910754,"cg27395319_BC21","ICR_1446"
"9395","chrX",104910316,104910317,"chrX",104910026,104910754,"cg27395322_TC21","ICR_1446"
"9396","chrX",104910323,104910324,"chrX",104910026,104910754,"cg27395323_BC21","ICR_1446"
"9397","chrX",104910753,104910754,"chrX",104910026,104910754,"cg27395325_TC21","ICR_1446"
"9398","chrX",105458749,105458750,"chrX",105458749,105459285,"cg27398208_BC21","ICR_1447"
"9399","chrX",105458843,105458844,"chrX",105458749,105459285,"cg27398209_TC21","ICR_1447"
"9400","chrX",105459003,105459004,"chrX",105458749,105459285,"cg27398210_BO21","ICR_1447"
"9401","chrX",105459063,105459064,"chrX",105458749,105459285,"cg27398211_TC21","ICR_1447"
"9402","chrX",105459133,105459134,"chrX",105458749,105459285,"cg27398212_BC21","ICR_1447"
"9403","chrX",105459284,105459285,"chrX",105458749,105459285,"cg27398213_TC21","ICR_1447"
"9404","chrX",107936311,107936312,"chrX",107936249,107936476,"cg27415145_BC11","ICR_1449"
"9405","chrX",107936374,107936375,"chrX",107936249,107936476,"cg27415149_TC11","ICR_1449"
"9406","chrX",107936374,107936375,"chrX",107936249,107936476,"cg27415149_TC12","ICR_1449"
"9407","chrX",107936378,107936379,"chrX",107936249,107936476,"cg27415150_BC11","ICR_1449"
"9408","chrX",107936391,107936392,"chrX",107936249,107936476,"cg27415151_BC11","ICR_1449"
"9409","chrX",107936391,107936392,"chrX",107936249,107936476,"cg27415151_BC12","ICR_1449"
"9410","chrX",107936400,107936401,"chrX",107936249,107936476,"cg27415152_BC21","ICR_1449"
"9411","chrX",107936400,107936401,"chrX",107936249,107936476,"cg27415152_BC22","ICR_1449"
"9412","chrX",107936417,107936418,"chrX",107936249,107936476,"cg27415153_BC11","ICR_1449"
"9413","chrX",107936417,107936418,"chrX",107936249,107936476,"cg27415153_BC12","ICR_1449"
"9414","chrX",107936425,107936426,"chrX",107936249,107936476,"cg27415154_TC11","ICR_1449"
"9415","chrX",107936425,107936426,"chrX",107936249,107936476,"cg27415154_TC12","ICR_1449"
"9416","chrX",107936473,107936474,"chrX",107936249,107936476,"cg27415156_BO11","ICR_1449"
"9417","chrX",109054129,109054130,"chrX",109054129,109054591,"cg27421757_BO11","ICR_1450"
"9418","chrX",109054129,109054130,"chrX",109054129,109054591,"cg27421757_BO12","ICR_1450"
"9419","chrX",109054200,109054201,"chrX",109054129,109054591,"cg27421761_BC21","ICR_1450"
"9420","chrX",109054210,109054211,"chrX",109054129,109054591,"cg27421763_BC21","ICR_1450"
"9421","chrX",109054271,109054272,"chrX",109054129,109054591,"cg27421765_BC21","ICR_1450"
"9422","chrX",109054287,109054288,"chrX",109054129,109054591,"cg27421766_TC11","ICR_1450"
"9423","chrX",109054287,109054288,"chrX",109054129,109054591,"cg27421766_TC12","ICR_1450"
"9424","chrX",109054339,109054340,"chrX",109054129,109054591,"cg27421768_BC11","ICR_1450"
"9425","chrX",109054409,109054410,"chrX",109054129,109054591,"cg27421772_TC11","ICR_1450"
"9426","chrX",109054590,109054591,"chrX",109054129,109054591,"cg27421790_BC11","ICR_1450"
"9427","chrX",109054590,109054591,"chrX",109054129,109054591,"cg27421790_BC12","ICR_1450"
"9428","chrX",115892905,115892906,"chrX",115892905,115893572,"cg27466848_BC21","ICR_1451"
"9429","chrX",115892905,115892906,"chrX",115892905,115893572,"cg27466848_BC22","ICR_1451"
"9430","chrX",115892936,115892937,"chrX",115892905,115893572,"cg27466849_BC21","ICR_1451"
"9431","chrX",115893200,115893201,"chrX",115892905,115893572,"cg27466852_TC21","ICR_1451"
"9432","chrX",115893275,115893276,"chrX",115892905,115893572,"cg27466853_TC21","ICR_1451"
"9433","chrX",115893395,115893396,"chrX",115892905,115893572,"cg27466856_TC21","ICR_1451"
"9434","chrX",115893571,115893572,"chrX",115892905,115893572,"cg27466857_TC21","ICR_1451"
"9435","chrX",116667519,116667520,"chrX",116667122,116668428,"cg27470786_TC21","ICR_1452"
"9436","chrX",116667532,116667533,"chrX",116667122,116668428,"cg27470787_BC21","ICR_1452"
"9437","chrX",116667582,116667583,"chrX",116667122,116668428,"cg27470788_TC21","ICR_1452"
"9438","chrX",116667601,116667602,"chrX",116667122,116668428,"cg27470789_TC11","ICR_1452"
"9439","chrX",116667601,116667602,"chrX",116667122,116668428,"cg27470789_TC12","ICR_1452"
"9440","chrX",116667625,116667626,"chrX",116667122,116668428,"cg27470790_BC21","ICR_1452"
"9441","chrX",116667667,116667668,"chrX",116667122,116668428,"cg27470791_TC21","ICR_1452"
"9442","chrX",116667973,116667974,"chrX",116667122,116668428,"cg27470792_TO11","ICR_1452"
"9443","chrX",116668147,116668148,"chrX",116667122,116668428,"cg27470794_BC21","ICR_1452"
"9444","chrX",116668304,116668305,"chrX",116667122,116668428,"cg27470795_TC21","ICR_1452"
"9445","chrX",116668427,116668428,"chrX",116667122,116668428,"cg27470796_BC21","ICR_1452"
"9446","chrX",116815857,116815858,"chrX",116815755,116816445,"cg27471576_BC21","ICR_1453"
"9447","chrX",116815979,116815980,"chrX",116815755,116816445,"cg27471580_TC21","ICR_1453"
"9448","chrX",116816015,116816016,"chrX",116815755,116816445,"cg27471581_BC21","ICR_1453"
"9449","chrX",119150777,119150778,"chrX",119150777,119151386,"cg27489001_TC21","ICR_1455"
"9450","chrX",119150787,119150788,"chrX",119150777,119151386,"cg27489002_BC21","ICR_1455"
"9451","chrX",119150844,119150845,"chrX",119150777,119151386,"cg17054449_TC11","ICR_1455"
"9452","chrX",119150866,119150867,"chrX",119150777,119151386,"cg27489010_BC11","ICR_1455"
"9453","chrX",119150916,119150917,"chrX",119150777,119151386,"cg27489012_BC21","ICR_1455"
"9454","chrX",119150916,119150917,"chrX",119150777,119151386,"cg27489012_BC22","ICR_1455"
"9455","chrX",119150926,119150927,"chrX",119150777,119151386,"cg27489014_TC21","ICR_1455"
"9456","chrX",119150926,119150927,"chrX",119150777,119151386,"cg27489014_TC22","ICR_1455"
"9457","chrX",119150995,119150996,"chrX",119150777,119151386,"cg27489015_BC21","ICR_1455"
"9458","chrX",119151001,119151002,"chrX",119150777,119151386,"cg27489016_TC21","ICR_1455"
"9459","chrX",119151034,119151035,"chrX",119150777,119151386,"cg27489018_BC11","ICR_1455"
"9460","chrX",119151063,119151064,"chrX",119150777,119151386,"cg21900692_TC21","ICR_1455"
"9461","chrX",119151076,119151077,"chrX",119150777,119151386,"cg27489019_BC11","ICR_1455"
"9462","chrX",119151088,119151089,"chrX",119150777,119151386,"cg27489020_TC21","ICR_1455"
"9463","chrX",119151096,119151097,"chrX",119150777,119151386,"cg27489021_TC21","ICR_1455"
"9464","chrX",119151121,119151122,"chrX",119150777,119151386,"cg27489022_BO11","ICR_1455"
"9465","chrX",119151165,119151166,"chrX",119150777,119151386,"cg27489023_TC21","ICR_1455"
"9466","chrX",119151259,119151260,"chrX",119150777,119151386,"cg27489024_TC21","ICR_1455"
"9467","chrX",119151332,119151333,"chrX",119150777,119151386,"cg27489025_BC21","ICR_1455"
"9468","chrX",119151385,119151386,"chrX",119150777,119151386,"cg26973074_TC21","ICR_1455"
"9469","chrX",119759901,119759902,"chrX",119759859,119760046,"cg27497554_TC21","ICR_1456"
"9470","chrX",119759958,119759959,"chrX",119759859,119760046,"cg27497555_TC11","ICR_1456"
"9471","chrX",119759961,119759962,"chrX",119759859,119760046,"cg27497556_BC21","ICR_1456"
"9472","chrX",119759963,119759964,"chrX",119759859,119760046,"cg27497557_TC21","ICR_1456"
"9473","chrX",119759986,119759987,"chrX",119759859,119760046,"cg27497558_TC21","ICR_1456"
"9474","chrX",119760032,119760033,"chrX",119759859,119760046,"cg27497559_TO11","ICR_1456"
"9475","chrX",119760045,119760046,"chrX",119759859,119760046,"cg27497560_TC21","ICR_1456"
"9476","chrX",119993223,119993224,"chrX",119993223,119994216,"cg27501109_BC21","ICR_1457"
"9477","chrX",119993530,119993531,"chrX",119993223,119994216,"cg27501110_BC21","ICR_1457"
"9478","chrX",119993822,119993823,"chrX",119993223,119994216,"cg27501111_TC21","ICR_1457"
"9479","chrX",119993997,119993998,"chrX",119993223,119994216,"cg27501115_TC21","ICR_1457"
"9480","chrX",119994144,119994145,"chrX",119993223,119994216,"cg27501117_BC21","ICR_1457"
"9481","chrX",119994215,119994216,"chrX",119993223,119994216,"cg27501118_TC21","ICR_1457"
"9482","chrX",121333161,121333162,"chrX",121333161,121334618,"cg27511540_BC21","ICR_1458"
"9483","chrX",121333502,121333503,"chrX",121333161,121334618,"cg27511541_TC21","ICR_1458"
"9484","chrX",121333595,121333596,"chrX",121333161,121334618,"cg27511542_BC21","ICR_1458"
"9485","chrX",121334009,121334010,"chrX",121333161,121334618,"cg24667547_BC21","ICR_1458"
"9486","chrX",121334132,121334133,"chrX",121333161,121334618,"cg27511543_BO11","ICR_1458"
"9487","chrX",121334474,121334475,"chrX",121333161,121334618,"cg27511545_TC21","ICR_1458"
"9488","chrX",121334617,121334618,"chrX",121333161,121334618,"cg27511546_TC21","ICR_1458"
"9489","chrX",128606463,128606464,"chrX",128606463,128606562,"cg27556436_TC21","ICR_1459"
"9490","chrX",128606472,128606473,"chrX",128606463,128606562,"cg27556437_TC21","ICR_1459"
"9491","chrX",128606487,128606488,"chrX",128606463,128606562,"cg27556438_TC11","ICR_1459"
"9492","chrX",129337410,129337411,"chrX",129337410,129338017,"cg27560735_BC21","ICR_1460"
"9493","chrX",129337523,129337524,"chrX",129337410,129338017,"cg27560739_TC21","ICR_1460"
"9494","chrX",129677270,129677271,"chrX",129677270,129678103,"cg27563727_TC21","ICR_1461"
"9495","chrX",129677887,129677888,"chrX",129677270,129678103,"cg27563728_BC21","ICR_1461"
"9496","chrX",129677901,129677902,"chrX",129677270,129678103,"cg27563729_BC21","ICR_1461"
"9497","chrX",129677904,129677905,"chrX",129677270,129678103,"cg27563730_TC21","ICR_1461"
"9498","chrX",129678003,129678004,"chrX",129677270,129678103,"cg27563731_BC21","ICR_1461"
"9499","chrX",129678014,129678015,"chrX",129677270,129678103,"cg27563732_BC21","ICR_1461"
"9500","chrX",129678023,129678024,"chrX",129677270,129678103,"cg27563733_TC11","ICR_1461"
"9501","chrX",129678026,129678027,"chrX",129677270,129678103,"cg27563734_TC11","ICR_1461"
"9502","chrX",129678028,129678029,"chrX",129677270,129678103,"cg27563735_TC21","ICR_1461"
"9503","chrX",129678032,129678033,"chrX",129677270,129678103,"cg27563736_BC21","ICR_1461"
"9504","chrX",129678036,129678037,"chrX",129677270,129678103,"cg27563737_TC21","ICR_1461"
"9505","chrX",129844134,129844135,"chrX",129844134,129844659,"cg27565696_TC21","ICR_1462"
"9506","chrX",129844142,129844143,"chrX",129844134,129844659,"cg22944282_TC11","ICR_1462"
"9507","chrX",129844161,129844162,"chrX",129844134,129844659,"cg27565697_BO11","ICR_1462"
"9508","chrX",129844198,129844199,"chrX",129844134,129844659,"cg27565698_TC21","ICR_1462"
"9509","chrX",129844200,129844201,"chrX",129844134,129844659,"cg27565699_TC21","ICR_1462"
"9510","chrX",129844202,129844203,"chrX",129844134,129844659,"cg27565700_TC11","ICR_1462"
"9511","chrX",129844279,129844280,"chrX",129844134,129844659,"cg27565709_BC21","ICR_1462"
"9512","chrX",129844370,129844371,"chrX",129844134,129844659,"cg20790618_TC21","ICR_1462"
"9513","chrX",129844527,129844528,"chrX",129844134,129844659,"cg27565710_BC21","ICR_1462"
"9514","chrX",129934361,129934362,"chrX",129934361,129934736,"cg27567040_TC21","ICR_1463"
"9515","chrX",129934407,129934408,"chrX",129934361,129934736,"cg27567041_BC21","ICR_1463"
"9516","chrX",129934454,129934455,"chrX",129934361,129934736,"cg27567042_TC21","ICR_1463"
"9517","chrX",129934547,129934548,"chrX",129934361,129934736,"cg27567044_BC21","ICR_1463"
"9518","chrX",129934614,129934615,"chrX",129934361,129934736,"cg27567045_TO11","ICR_1463"
"9519","chrX",129934634,129934635,"chrX",129934361,129934736,"cg27567046_TC21","ICR_1463"
"9520","chrX",129934648,129934649,"chrX",129934361,129934736,"cg27567047_TC21","ICR_1463"
"9521","chrX",129934657,129934658,"chrX",129934361,129934736,"cg27567049_BC11","ICR_1463"
"9522","chrX",129934728,129934729,"chrX",129934361,129934736,"cg15627131_TC21","ICR_1463"
"9523","chrX",129934735,129934736,"chrX",129934361,129934736,"cg27567050_TC21","ICR_1463"
"9524","chrX",129960825,129960826,"chrX",129960825,129961094,"cg27567523_BC21","ICR_1464"
"9525","chrX",129960943,129960944,"chrX",129960825,129961094,"cg27567524_TC21","ICR_1464"
"9526","chrX",129960950,129960951,"chrX",129960825,129961094,"cg27567525_TC21","ICR_1464"
"9527","chrX",129961010,129961011,"chrX",129960825,129961094,"cg27567526_TC21","ICR_1464"
"9528","chrX",129961020,129961021,"chrX",129960825,129961094,"cg27567527_TC21","ICR_1464"
"9529","chrX",130959186,130959187,"chrX",130958951,130959301,"cg27577789_BC11","ICR_1465"
"9530","chrX",130959232,130959233,"chrX",130958951,130959301,"cg27577793_TC21","ICR_1465"
"9531","chrX",130959282,130959283,"chrX",130958951,130959301,"cg27577797_BC11","ICR_1465"
"9532","chrX",130959294,130959295,"chrX",130958951,130959301,"cg27577798_BC21","ICR_1465"
"9533","chrX",130959294,130959295,"chrX",130958951,130959301,"cg27577798_BC22","ICR_1465"
"9534","chrX",130959300,130959301,"chrX",130958951,130959301,"cg27577799_BC21","ICR_1465"
"9535","chrX",131278535,131278536,"chrX",131278535,131279287,"cg27580082_BC21","ICR_1466"
"9536","chrX",131278593,131278594,"chrX",131278535,131279287,"cg27580084_BC11","ICR_1466"
"9537","chrX",131278597,131278598,"chrX",131278535,131279287,"cg27580085_TC11","ICR_1466"
"9538","chrX",131278613,131278614,"chrX",131278535,131279287,"cg27580087_TC21","ICR_1466"
"9539","chrX",131278689,131278690,"chrX",131278535,131279287,"cg27580088_TC21","ICR_1466"
"9540","chrX",131278784,131278785,"chrX",131278535,131279287,"cg27580089_TC21","ICR_1466"
"9541","chrX",131279079,131279080,"chrX",131278535,131279287,"cg27580090_BC21","ICR_1466"
"9542","chrX",131279095,131279096,"chrX",131278535,131279287,"cg27580092_BC21","ICR_1466"
"9543","chrX",131279201,131279202,"chrX",131278535,131279287,"cg27580093_TC21","ICR_1466"
"9544","chrX",131279286,131279287,"chrX",131278535,131279287,"cg27580097_TC21","ICR_1466"
"9545","chrX",131746196,131746197,"chrX",131746196,131747385,"cg27583447_BC21","ICR_1467"
"9546","chrX",131746461,131746462,"chrX",131746196,131747385,"cg27583448_BC21","ICR_1467"
"9547","chrX",131746561,131746562,"chrX",131746196,131747385,"cg27583449_BC21","ICR_1467"
"9548","chrX",131746583,131746584,"chrX",131746196,131747385,"cg27583450_TC21","ICR_1467"
"9549","chrX",131746596,131746597,"chrX",131746196,131747385,"cg27583451_TC21","ICR_1467"
"9550","chrX",131746596,131746597,"chrX",131746196,131747385,"cg27583451_TC22","ICR_1467"
"9551","chrX",131746640,131746641,"chrX",131746196,131747385,"cg27583452_BC11","ICR_1467"
"9552","chrX",131746651,131746652,"chrX",131746196,131747385,"cg27583453_BC11","ICR_1467"
"9553","chrX",131746661,131746662,"chrX",131746196,131747385,"cg27583454_BC11","ICR_1467"
"9554","chrX",131746668,131746669,"chrX",131746196,131747385,"cg27583456_TC21","ICR_1467"
"9555","chrX",131746687,131746688,"chrX",131746196,131747385,"cg27583457_TC11","ICR_1467"
"9556","chrX",131746723,131746724,"chrX",131746196,131747385,"cg27583458_BC21","ICR_1467"
"9557","chrX",131746723,131746724,"chrX",131746196,131747385,"cg27583458_BC22","ICR_1467"
"9558","chrX",131746803,131746804,"chrX",131746196,131747385,"cg27583459_TC21","ICR_1467"
"9559","chrX",131746863,131746864,"chrX",131746196,131747385,"cg27583460_TO11","ICR_1467"
"9560","chrX",131746889,131746890,"chrX",131746196,131747385,"cg27583462_TC21","ICR_1467"
"9561","chrX",131746889,131746890,"chrX",131746196,131747385,"cg27583462_TC22","ICR_1467"
"9562","chrX",131746897,131746898,"chrX",131746196,131747385,"cg27583463_BC21","ICR_1467"
"9563","chrX",131747057,131747058,"chrX",131746196,131747385,"cg27583464_TC21","ICR_1467"
"9564","chrX",131747059,131747060,"chrX",131746196,131747385,"cg27583465_BC21","ICR_1467"
"9565","chrX",131747143,131747144,"chrX",131746196,131747385,"cg27583466_TC21","ICR_1467"
"9566","chrX",131747264,131747265,"chrX",131746196,131747385,"cg27583467_BC11","ICR_1467"
"9567","chrX",131747278,131747279,"chrX",131746196,131747385,"cg27583468_BC21","ICR_1467"
"9568","chrX",131747295,131747296,"chrX",131746196,131747385,"cg27583469_BC21","ICR_1467"
"9569","chrX",131747304,131747305,"chrX",131746196,131747385,"cg27583470_TC21","ICR_1467"
"9570","chrX",131747306,131747307,"chrX",131746196,131747385,"cg27583471_TC21","ICR_1467"
"9571","chrX",131747384,131747385,"chrX",131746196,131747385,"cg27583472_TC21","ICR_1467"
"9572","chrX",133437317,133437318,"chrX",133437317,133438444,"cg27596497_TC21","ICR_1468"
"9573","chrX",133437337,133437338,"chrX",133437317,133438444,"cg27596498_TC21","ICR_1468"
"9574","chrX",133437474,133437475,"chrX",133437317,133438444,"cg27596500_BC21","ICR_1468"
"9575","chrX",133437583,133437584,"chrX",133437317,133438444,"cg27596502_TC21","ICR_1468"
"9576","chrX",133437883,133437884,"chrX",133437317,133438444,"cg27596503_BC21","ICR_1468"
"9577","chrX",133437973,133437974,"chrX",133437317,133438444,"cg27596504_BC21","ICR_1468"
"9578","chrX",135422587,135422588,"chrX",135422587,135423581,"cg27614469_BC21","ICR_1469"
"9579","chrX",135422610,135422611,"chrX",135422587,135423581,"cg27614470_BC21","ICR_1469"
"9580","chrX",135422634,135422635,"chrX",135422587,135423581,"cg27614471_BC21","ICR_1469"
"9581","chrX",135422638,135422639,"chrX",135422587,135423581,"cg27614472_TC21","ICR_1469"
"9582","chrX",135422696,135422697,"chrX",135422587,135423581,"cg27614473_TO11","ICR_1469"
"9583","chrX",135423056,135423057,"chrX",135422587,135423581,"cg27614490_TC11","ICR_1469"
"9584","chrX",135423087,135423088,"chrX",135422587,135423581,"cg27614491_BC11","ICR_1469"
"9585","chrX",135423105,135423106,"chrX",135422587,135423581,"cg27614492_BO11","ICR_1469"
"9586","chrX",135423333,135423334,"chrX",135422587,135423581,"cg27614494_BO11","ICR_1469"
"9587","chrX",135423439,135423440,"chrX",135422587,135423581,"cg27614495_BC21","ICR_1469"
"9588","chrX",135596589,135596590,"chrX",135596589,135596689,"cg27616004_BC21","ICR_1470"
"9589","chrX",135596605,135596606,"chrX",135596589,135596689,"cg27616005_TC11","ICR_1470"
"9590","chrX",135596628,135596629,"chrX",135596589,135596689,"cg27616006_TC21","ICR_1470"
"9591","chrX",135596654,135596655,"chrX",135596589,135596689,"cg27616008_TC21","ICR_1470"
"9592","chrX",135596688,135596689,"chrX",135596589,135596689,"cg27616009_TC21","ICR_1470"
"9593","chrX",148741526,148741527,"chrX",148741453,148742005,"cg27710556_TO11","ICR_1471"
"9594","chrX",148741531,148741532,"chrX",148741453,148742005,"cg27710557_BO11","ICR_1471"
"9595","chrX",148741531,148741532,"chrX",148741453,148742005,"cg27710557_BO12","ICR_1471"
"9596","chrX",148741549,148741550,"chrX",148741453,148742005,"cg27710558_BO11","ICR_1471"
"9597","chrX",148741631,148741632,"chrX",148741453,148742005,"cg27710559_TC21","ICR_1471"
"9598","chrX",148741851,148741852,"chrX",148741453,148742005,"cg27710561_BC21","ICR_1471"
"9599","chrX",149471289,149471290,"chrX",149471289,149471680,"cg27714775_TC21","ICR_1472"
"9600","chrX",149471295,149471296,"chrX",149471289,149471680,"cg27714776_TC21","ICR_1472"
"9601","chrX",149471302,149471303,"chrX",149471289,149471680,"cg10559351_TC21","ICR_1472"
"9602","chrX",149471302,149471303,"chrX",149471289,149471680,"cg10559351_TC22","ICR_1472"
"9603","chrX",149471342,149471343,"chrX",149471289,149471680,"cg27714777_TC21","ICR_1472"
"9604","chrX",149471348,149471349,"chrX",149471289,149471680,"cg27714778_TC21","ICR_1472"
"9605","chrX",149471568,149471569,"chrX",149471289,149471680,"cg27714780_BC21","ICR_1472"
"9606","chrX",149471589,149471590,"chrX",149471289,149471680,"cg27714781_TC11","ICR_1472"
"9607","chrX",149471598,149471599,"chrX",149471289,149471680,"cg27714782_TO11","ICR_1472"
"9608","chrX",149471617,149471618,"chrX",149471289,149471680,"cg27714783_TC21","ICR_1472"
"9609","chrX",149471619,149471620,"chrX",149471289,149471680,"cg27714784_BC11","ICR_1472"
"9610","chrX",149471619,149471620,"chrX",149471289,149471680,"cg27714784_BC12","ICR_1472"
"9611","chrX",149471679,149471680,"chrX",149471289,149471680,"cg27714785_TC21","ICR_1472"
"9612","chrX",153495594,153495595,"chrX",153495534,153495619,"cg27752117_BC11","ICR_1473"
"9613","chrX",153495594,153495595,"chrX",153495534,153495619,"cg27752117_BC12","ICR_1473"
"9614","chrX",153495604,153495605,"chrX",153495534,153495619,"cg27752118_BC21","ICR_1473"
"9615","chrX",153495604,153495605,"chrX",153495534,153495619,"cg27752118_BC22","ICR_1473"
"9616","chrX",153495618,153495619,"chrX",153495534,153495619,"cg27752119_TC21","ICR_1473"
"9617","chrX",153640988,153640989,"chrX",153640988,153641378,"cg27755742_TC21","ICR_1474"
"9618","chrX",153641049,153641050,"chrX",153640988,153641378,"cg27755743_BC21","ICR_1474"
"9619","chrX",153641114,153641115,"chrX",153640988,153641378,"cg27755745_TC21","ICR_1474"
"9620","chrX",153641138,153641139,"chrX",153640988,153641378,"cg27755746_BC21","ICR_1474"
"9621","chrX",153641281,153641282,"chrX",153640988,153641378,"cg27755747_TC21","ICR_1474"
"9622","chrX",153641317,153641318,"chrX",153640988,153641378,"cg20749047_TC21","ICR_1474"
"9623","chrX",153641317,153641318,"chrX",153640988,153641378,"cg20749047_TC22","ICR_1474"
"9624","chrX",153641322,153641323,"chrX",153640988,153641378,"cg27755748_BC21","ICR_1474"
"9625","chrX",153641339,153641340,"chrX",153640988,153641378,"cg27755749_BC21","ICR_1474"
"9626","chrX",153641346,153641347,"chrX",153640988,153641378,"cg27755750_TC21","ICR_1474"
"9627","chrX",153641377,153641378,"chrX",153640988,153641378,"cg27755751_TC11","ICR_1474"
"9628","chrX",153780930,153780931,"chrX",153780930,153781167,"cg09768654_TC21","ICR_1476"
"9629","chrX",153780935,153780936,"chrX",153780930,153781167,"cg27759644_TC21","ICR_1476"
"9630","chrX",153780954,153780955,"chrX",153780930,153781167,"cg27759645_TO11","ICR_1476"
"9631","chrX",153780982,153780983,"chrX",153780930,153781167,"cg27759646_TC21","ICR_1476"
"9632","chrX",153780999,153781000,"chrX",153780930,153781167,"cg27759647_BC11","ICR_1476"
"9633","chrX",153780999,153781000,"chrX",153780930,153781167,"cg27759647_BC12","ICR_1476"
"9634","chrX",153781118,153781119,"chrX",153780930,153781167,"cg27759659_TC11","ICR_1476"
"9635","chrX",153781118,153781119,"chrX",153780930,153781167,"cg27759659_TC12","ICR_1476"
"9636","chrX",153781121,153781122,"chrX",153780930,153781167,"cg22822140_BC11","ICR_1476"
"9637","chrX",153781153,153781154,"chrX",153780930,153781167,"cg27759662_BC21","ICR_1476"
"9638","chrX",153781166,153781167,"chrX",153780930,153781167,"cg27759663_TC11","ICR_1476"
"9639","chrX",153781166,153781167,"chrX",153780930,153781167,"cg27759663_TC12","ICR_1476"
"9640","chrX",153949357,153949358,"chrX",153949239,153949660,"cg27764102_BC21","ICR_1477"
"9641","chrX",153949459,153949460,"chrX",153949239,153949660,"cg27764103_BC21","ICR_1477"
"9642","chrX",153949531,153949532,"chrX",153949239,153949660,"cg27764104_BC21","ICR_1477"
"9643","chrX",153949573,153949574,"chrX",153949239,153949660,"cg27764105_BC21","ICR_1477"
"9644","chrX",153949626,153949627,"chrX",153949239,153949660,"cg27764106_TC21","ICR_1477"
"9645","chrX",153949637,153949638,"chrX",153949239,153949660,"cg27764107_TC21","ICR_1477"
"9646","chrX",153949659,153949660,"chrX",153949239,153949660,"cg27764108_BC21","ICR_1477"
"9647","chrX",153985611,153985612,"chrX",153985595,153985803,"cg27765302_BO11","ICR_1478"
"9648","chrX",153985637,153985638,"chrX",153985595,153985803,"cg27765303_TC11","ICR_1478"
"9649","chrX",153985640,153985641,"chrX",153985595,153985803,"cg27765304_TC21","ICR_1478"
"9650","chrX",153985646,153985647,"chrX",153985595,153985803,"cg27765305_TC21","ICR_1478"
"9651","chrX",153985670,153985671,"chrX",153985595,153985803,"cg27765306_TC21","ICR_1478"
"9652","chrX",153985683,153985684,"chrX",153985595,153985803,"cg27765307_TC21","ICR_1478"
"9653","chrX",153985733,153985734,"chrX",153985595,153985803,"cg27765308_TC21","ICR_1478"
"9654","chrX",153985748,153985749,"chrX",153985595,153985803,"cg27765309_BC21","ICR_1478"
"9655","chrX",153999529,153999530,"chrX",153999529,153999979,"cg27765592_BC21","ICR_1479"
"9656","chrX",153999594,153999595,"chrX",153999529,153999979,"cg27765593_TC21","ICR_1479"
"9657","chrX",153999600,153999601,"chrX",153999529,153999979,"cg27765594_BC21","ICR_1479"
"9658","chrX",153999619,153999620,"chrX",153999529,153999979,"cg27765595_TC21","ICR_1479"
"9659","chrX",153999684,153999685,"chrX",153999529,153999979,"cg27765596_TC21","ICR_1479"
"9660","chrX",153999727,153999728,"chrX",153999529,153999979,"cg27765597_TC21","ICR_1479"
"9661","chrX",153999736,153999737,"chrX",153999529,153999979,"cg27765598_BC21","ICR_1479"
"9662","chrX",153999741,153999742,"chrX",153999529,153999979,"cg27765599_TC21","ICR_1479"
"9663","chrX",153999757,153999758,"chrX",153999529,153999979,"cg27765600_TC11","ICR_1479"
"9664","chrX",153999811,153999812,"chrX",153999529,153999979,"cg27765605_BO11","ICR_1479"
"9665","chrX",153999853,153999854,"chrX",153999529,153999979,"cg27765606_BC11","ICR_1479"
"9666","chrX",153999978,153999979,"chrX",153999529,153999979,"cg27765608_TO11","ICR_1479"
"9667","chrX",154019039,154019040,"chrX",154019039,154019364,"cg27766101_TC21","ICR_1480"
"9668","chrX",154019132,154019133,"chrX",154019039,154019364,"cg16673102_BC21","ICR_1480"
"9669","chrX",154019138,154019139,"chrX",154019039,154019364,"cg27766102_BC21","ICR_1480"
"9670","chrX",154019170,154019171,"chrX",154019039,154019364,"cg27766103_BC21","ICR_1480"
"9671","chrX",154019183,154019184,"chrX",154019039,154019364,"cg27766104_TC11","ICR_1480"
"9672","chrX",154019256,154019257,"chrX",154019039,154019364,"cg27766107_TC11","ICR_1480"
"9673","chrX",154019259,154019260,"chrX",154019039,154019364,"cg27766108_BC11","ICR_1480"
"9674","chrX",154019284,154019285,"chrX",154019039,154019364,"cg27766109_TC11","ICR_1480"
"9675","chrX",154019305,154019306,"chrX",154019039,154019364,"cg27766110_TC21","ICR_1480"
"9676","chrX",154019311,154019312,"chrX",154019039,154019364,"cg27766111_TC21","ICR_1480"
"9677","chrX",154019316,154019317,"chrX",154019039,154019364,"cg27766112_BC11","ICR_1480"
"9678","chrX",154094047,154094048,"chrX",154094047,154094698,"cg27767344_BC21","ICR_1481"
"9679","chrX",154094109,154094110,"chrX",154094047,154094698,"cg27767345_BC21","ICR_1481"
"9680","chrX",154094174,154094175,"chrX",154094047,154094698,"cg27767346_BO11","ICR_1481"
"9681","chrX",154094249,154094250,"chrX",154094047,154094698,"cg27767347_BC21","ICR_1481"
"9682","chrX",154094392,154094393,"chrX",154094047,154094698,"cg27767349_BC11","ICR_1481"
"9683","chrX",154094407,154094408,"chrX",154094047,154094698,"cg27767350_TC11","ICR_1481"
"9684","chrX",154094451,154094452,"chrX",154094047,154094698,"cg27767351_TC21","ICR_1481"
"9685","chrX",154094471,154094472,"chrX",154094047,154094698,"cg27767352_BC21","ICR_1481"
"9686","chrX",154094476,154094477,"chrX",154094047,154094698,"cg27767353_TC21","ICR_1481"
"9687","chrX",154094476,154094477,"chrX",154094047,154094698,"cg27767353_TC22","ICR_1481"
"9688","chrX",154094510,154094511,"chrX",154094047,154094698,"cg27767354_TC21","ICR_1481"
"9689","chrX",154094523,154094524,"chrX",154094047,154094698,"cg27767355_BC21","ICR_1481"
"9690","chrX",154094631,154094632,"chrX",154094047,154094698,"cg27767356_TC21","ICR_1481"
"9691","chrX",154094697,154094698,"chrX",154094047,154094698,"cg11395386_BC21","ICR_1481"
"9692","chrX",154396996,154396997,"chrX",154396787,154397224,"cg27772186_TC21","ICR_1482"
"9693","chrX",154397045,154397046,"chrX",154396787,154397224,"cg27772188_TC11","ICR_1482"
"9694","chrX",154397045,154397046,"chrX",154396787,154397224,"cg27772188_TC12","ICR_1482"
"9695","chrX",154397053,154397054,"chrX",154396787,154397224,"cg27772189_TC11","ICR_1482"
"9696","chrX",154397095,154397096,"chrX",154396787,154397224,"cg27772190_TC21","ICR_1482"
"9697","chrX",154397105,154397106,"chrX",154396787,154397224,"cg27772191_TC21","ICR_1482"
"9698","chrX",154397132,154397133,"chrX",154396787,154397224,"cg27772192_TC21","ICR_1482"
"9699","chrX",154397141,154397142,"chrX",154396787,154397224,"cg14378311_BC21","ICR_1482"
"9700","chrX",154397149,154397150,"chrX",154396787,154397224,"cg27772193_BC21","ICR_1482"
"9701","chrX",154397152,154397153,"chrX",154396787,154397224,"cg27772194_TC21","ICR_1482"
"9702","chrX",154397193,154397194,"chrX",154396787,154397224,"cg27772195_TC21","ICR_1482"
"9703","chrX",154397220,154397221,"chrX",154396787,154397224,"cg27772196_TC21","ICR_1482"
"9704","chrX",154397223,154397224,"chrX",154396787,154397224,"cg27772197_TC21","ICR_1482"
"9705","chrX",154399040,154399041,"chrX",154399040,154399615,"cg27772319_BC21","ICR_1483"
"9706","chrX",154399102,154399103,"chrX",154399040,154399615,"cg27772320_TC21","ICR_1483"
"9707","chrX",154399198,154399199,"chrX",154399040,154399615,"cg27772322_BC21","ICR_1483"
"9708","chrX",154399208,154399209,"chrX",154399040,154399615,"cg27772323_TC21","ICR_1483"
"9709","chrX",154399223,154399224,"chrX",154399040,154399615,"cg27772324_BO11","ICR_1483"
"9710","chrX",154399245,154399246,"chrX",154399040,154399615,"cg27772325_BC11","ICR_1483"
"9711","chrX",154399252,154399253,"chrX",154399040,154399615,"cg12038981_TC21","ICR_1483"
"9712","chrX",154399360,154399361,"chrX",154399040,154399615,"cg27772327_BC21","ICR_1483"
"9713","chrX",154399383,154399384,"chrX",154399040,154399615,"cg27772328_BC11","ICR_1483"
"9714","chrX",154399440,154399441,"chrX",154399040,154399615,"cg27772329_TC21","ICR_1483"
"9715","chrX",154399442,154399443,"chrX",154399040,154399615,"cg27772330_BC11","ICR_1483"
"9716","chrX",154399442,154399443,"chrX",154399040,154399615,"cg27772330_BC12","ICR_1483"
"9717","chrX",154399446,154399447,"chrX",154399040,154399615,"cg27772331_BC11","ICR_1483"
"9718","chrX",154399497,154399498,"chrX",154399040,154399615,"cg27772332_TC21","ICR_1483"
"9719","chrX",154399515,154399516,"chrX",154399040,154399615,"cg27772333_BC21","ICR_1483"
"9720","chrX",154399614,154399615,"chrX",154399040,154399615,"cg27772335_TC21","ICR_1483"
"9721","chrX",154408924,154408925,"chrX",154408924,154409317,"cg27772507_BC21","ICR_1484"
"9722","chrX",154408968,154408969,"chrX",154408924,154409317,"cg27772508_TC21","ICR_1484"
"9723","chrX",154408971,154408972,"chrX",154408924,154409317,"cg27772509_BC21","ICR_1484"
"9724","chrX",154409087,154409088,"chrX",154408924,154409317,"cg27772510_TC21","ICR_1484"
"9725","chrX",154409158,154409159,"chrX",154408924,154409317,"cg27772511_TC21","ICR_1484"
"9726","chrX",154409160,154409161,"chrX",154408924,154409317,"cg21153181_TC21","ICR_1484"
"9727","chrX",154409160,154409161,"chrX",154408924,154409317,"cg21153181_TC22","ICR_1484"
"9728","chrX",154409266,154409267,"chrX",154408924,154409317,"cg23387422_BC21","ICR_1484"
"9729","chrX",154409297,154409298,"chrX",154408924,154409317,"cg27772513_BC11","ICR_1484"
"9730","chrX",154409297,154409298,"chrX",154408924,154409317,"cg27772513_BC12","ICR_1484"
"9731","chrX",154409302,154409303,"chrX",154408924,154409317,"cg27772514_TC11","ICR_1484"
"9732","chrX",154409316,154409317,"chrX",154408924,154409317,"cg27772515_TC21","ICR_1484"
"9733","chrX",154548318,154548319,"chrX",154548295,154548666,"cg27776482_TC21","ICR_1485"
"9734","chrX",154548330,154548331,"chrX",154548295,154548666,"cg27776483_TC11","ICR_1485"
"9735","chrX",154548372,154548373,"chrX",154548295,154548666,"cg27776484_BC21","ICR_1485"
"9736","chrX",154548380,154548381,"chrX",154548295,154548666,"cg27776485_BC21","ICR_1485"
"9737","chrX",154548394,154548395,"chrX",154548295,154548666,"cg27776486_BO11","ICR_1485"
"9738","chrX",154548451,154548452,"chrX",154548295,154548666,"cg27776487_TC21","ICR_1485"
"9739","chrX",154548530,154548531,"chrX",154548295,154548666,"cg27776488_TC21","ICR_1485"
"9740","chrX",154548665,154548666,"chrX",154548295,154548666,"cg27776491_BC21","ICR_1485"
"9741","chrX",154805811,154805812,"chrX",154805811,154806063,"cg27779762_BC21","ICR_1486"
"9742","chrX",154805873,154805874,"chrX",154805811,154806063,"cg22858728_BC21","ICR_1486"
"9743","chrX",154805877,154805878,"chrX",154805811,154806063,"cg27779763_TC21","ICR_1486"
"9744","chrX",154805908,154805909,"chrX",154805811,154806063,"cg08786860_TC21","ICR_1486"
"9745","chrX",154806054,154806055,"chrX",154805811,154806063,"cg27779764_TC21","ICR_1486"
"9746","chrX",154806062,154806063,"chrX",154805811,154806063,"cg27779765_TC21","ICR_1486"
"9747","chrX",155070792,155070793,"chrX",155070792,155070856,"cg27782042_BO11","ICR_1487"
"9748","chrX",155070800,155070801,"chrX",155070792,155070856,"cg27782043_TO11","ICR_1487"
"9749","chrX",155070855,155070856,"chrX",155070792,155070856,"cg27782049_TC11","ICR_1487"
"9750","chrX",155070855,155070856,"chrX",155070792,155070856,"cg27782049_TC12","ICR_1487"
"9751","chrX",155641254,155641255,"chrX",155641254,155641777,"cg27785513_BC21","ICR_1488"
"9752","chrX",155641446,155641447,"chrX",155641254,155641777,"cg27785516_BC21","ICR_1488"
"9753","chrX",155641448,155641449,"chrX",155641254,155641777,"cg27785517_BC21","ICR_1488"
"9754","chrX",155641550,155641551,"chrX",155641254,155641777,"cg27785520_BC21","ICR_1488"
"9755","chrX",155641597,155641598,"chrX",155641254,155641777,"cg27785521_BC21","ICR_1488"
"9756","chrX",155641632,155641633,"chrX",155641254,155641777,"cg27785525_TC21","ICR_1488"
"9757","chrX",155641676,155641677,"chrX",155641254,155641777,"cg27785526_TC21","ICR_1488"
