ID,ICR_chr,ICR_start,ICR_end,ICR_id,CpG_chr,CpG_start,CpG_end,Number_of_somatic_tissue,smatic_tissue_list,Brain_found,Liver_found,Kidney_found,Assay_Design_Id,Top_Sequence,Locus_Name,DesignQC,,,,DesignQC
2,1,605447,605698,ICR_1,1,605458,605459,3,"1,2,3",1,1,1,,,cg00003207,CGdb - Multimapper,,,,CGdb - Multimapper
3,1,605447,605698,ICR_1,1,605461,605462,3,"1,2,3",1,1,1,,,cg00003208,CGdb - Multimapper,,,,CG - Submitted - discrepant Ref Genome
4,1,605447,605698,ICR_1,1,605470,605471,3,"1,2,3",1,1,1,,,cg00004587,CGdb - Multimapper,,,,BSmap - Multimapper
5,1,605447,605698,ICR_1,1,605474,605475,3,"1,2,3",1,1,1,,,cg00004588,CGdb - Multimapper,,,,CGdb - Not found
6,1,605447,605698,ICR_1,1,605486,605487,3,"1,2,3",1,1,1,,,cg00004589,CGdb - Multimapper,,,,
7,1,605447,605698,ICR_1,1,605488,605489,3,"1,2,3",1,1,1,,,cg00004590,CGdb - Multimapper,,,,
8,1,605447,605698,ICR_1,1,605492,605493,3,"1,2,3",1,1,1,,,cg00004591,CGdb - Multimapper,,,,
9,1,605447,605698,ICR_1,1,605494,605495,3,"1,2,3",1,1,1,,,cg00004592,CGdb - Multimapper,,,,
10,1,605447,605698,ICR_1,1,605496,605497,3,"1,2,3",1,1,1,,,cg00004593,CGdb - Multimapper,,,,
11,1,605447,605698,ICR_1,1,605500,605501,3,"1,2,3",1,1,1,,,cg00004594,CGdb - Multimapper,,,,
12,1,605447,605698,ICR_1,1,605505,605506,3,"1,2,3",1,1,1,,,cg00004595,CGdb - Multimapper,,,,
13,1,605447,605698,ICR_1,1,605508,605509,3,"1,2,3",1,1,1,,,cg00004596,CGdb - Multimapper,,,,
14,1,605447,605698,ICR_1,1,605516,605517,3,"1,2,3",1,1,1,,,cg00004597,CGdb - Multimapper,,,,
20,1,605447,605698,ICR_1,1,605697,605698,3,"1,2,3",1,1,1,,,cg00004603,CGdb - Multimapper,,,,
26,1,628959,630792,ICR_2,1,629153,629154,3,"1,2,3",1,1,1,,,cg00004791,CGdb - Multimapper,,,,
38,1,628959,630792,ICR_2,1,629700,629701,3,"1,2,3",1,1,1,,,cg00004802,CGdb - Multimapper,,,,
39,1,628959,630792,ICR_2,1,629709,629710,3,"1,2,3",1,1,1,,,cg00004803,CGdb - Multimapper,,,,
40,1,628959,630792,ICR_2,1,629789,629790,3,"1,2,3",1,1,1,,,cg24159721,CGdb - Multimapper,,,,
41,1,628959,630792,ICR_2,1,629823,629824,3,"1,2,3",1,1,1,,,cg00004804,CGdb - Multimapper,,,,
42,1,628959,630792,ICR_2,1,629833,629834,3,"1,2,3",1,1,1,,,cg00004805,CGdb - Multimapper,,,,
50,1,628959,630792,ICR_2,1,630405,630406,3,"1,2,3",1,1,1,,,cg00004813,CGdb - Multimapper,,,,
51,1,628959,630792,ICR_2,1,630412,630413,3,"1,2,3",1,1,1,,,cg00004814,CGdb - Multimapper,,,,
57,1,632183,632834,ICR_3,1,632189,632190,3,"1,2,3",1,1,1,,,cg00004860,CGdb - Multimapper,,,,
71,1,632183,632834,ICR_3,1,632588,632589,3,"1,2,3",1,1,1,,,cg00004873,CGdb - Multimapper,,,,
72,1,632183,632834,ICR_3,1,632597,632598,3,"1,2,3",1,1,1,,,cg00004874,CGdb - Multimapper,,,,
84,1,633381,634921,ICR_4,1,633949,633950,3,"1,2,3",1,1,1,,,cg00004909,CGdb - Multimapper,,,,
171,1,2661644,2661722,ICR_12,1,2661647,2661648,3,"1,2,3",1,1,1,,,cg00068042,CGdb - Multimapper,,,,
172,1,2661644,2661722,ICR_12,1,2661681,2661682,3,"1,2,3",1,1,1,,,cg00068043,CGdb - Multimapper,,,,
173,1,2661644,2661722,ICR_12,1,2661692,2661693,3,"1,2,3",1,1,1,,,cg00068044,CGdb - Multimapper,,,,
174,1,2661644,2661722,ICR_12,1,2661702,2661703,3,"1,2,3",1,1,1,,,cg00068045,CGdb - Multimapper,,,,
175,1,2661644,2661722,ICR_12,1,2661721,2661722,3,"1,2,3",1,1,1,,,cg00068046,CGdb - Multimapper,,,,
241,1,8117511,8117827,ICR_17,1,8117789,8117790,1,3,0,0,1,,,,CG - Submitted - discrepant Ref Genome,,,,
680,1,75376248,75376584,ICR_50,1,75376265,75376266,1,3,0,0,1,,,,CG - Submitted - discrepant Ref Genome,,,,
682,1,75376248,75376584,ICR_50,1,75376269,75376270,1,3,0,0,1,,,,CG - Submitted - discrepant Ref Genome,,,,
705,1,91387426,91387588,ICR_53,1,91387433,91387434,3,"1,2,3",1,1,1,,,cg01056737,CGdb - Multimapper,,,,
706,1,91387426,91387588,ICR_53,1,91387444,91387445,3,"1,2,3",1,1,1,,,cg01056738,CGdb - Multimapper,,,,
707,1,91387426,91387588,ICR_53,1,91387466,91387467,3,"1,2,3",1,1,1,,,cg00162191,CGdb - Multimapper,,,,
708,1,91387426,91387588,ICR_53,1,91387489,91387490,3,"1,2,3",1,1,1,,,cg01056739,CGdb - Multimapper,,,,
780,1,125126341,125127474,ICR_58,1,125127473,125127474,3,"1,2,3",1,1,1,,,cg01331592,CGdb - Multimapper,,,,
785,1,144547463,144547582,ICR_59,1,144547506,144547507,3,"1,2,3",1,1,1,,,cg01348521,CGdb - Multimapper,,,,
786,1,144547463,144547582,ICR_59,1,144547513,144547514,3,"1,2,3",1,1,1,,,cg01348522,CGdb - Multimapper,,,,
787,1,144547463,144547582,ICR_59,1,144547521,144547522,2,"1,3",1,0,1,,,cg01348523,CGdb - Multimapper,,,,
788,1,144547463,144547582,ICR_59,1,144547522,144547523,1,2,0,1,0,,,,CG - Submitted - discrepant Ref Genome,,,,
789,1,144547463,144547582,ICR_59,1,144547545,144547546,3,"1,2,3",1,1,1,,,cg01348524,CGdb - Multimapper,,,,
790,1,144547463,144547582,ICR_59,1,144547565,144547566,3,"1,2,3",1,1,1,,,cg01348525,CGdb - Multimapper,,,,
791,1,144547463,144547582,ICR_59,1,144547569,144547570,3,"1,2,3",1,1,1,,,cg01348526,CGdb - Multimapper,,,,
792,1,144547463,144547582,ICR_59,1,144547574,144547575,2,"2,3",0,1,1,,,cg01348527,CGdb - Multimapper,,,,
793,1,144547463,144547582,ICR_59,1,144547577,144547578,2,"1,3",1,0,1,,,cg01348528,CGdb - Multimapper,,,,
794,1,144547463,144547582,ICR_59,1,144547581,144547582,2,"1,3",1,0,1,,,cg01348529,CGdb - Multimapper,,,,
795,1,144642001,144642148,ICR_60,1,144642012,144642013,3,"1,2,3",1,1,1,,,cg01346519,CGdb - Multimapper,,,,
796,1,144642001,144642148,ICR_60,1,144642030,144642031,3,"1,2,3",1,1,1,,,cg01346518,CGdb - Multimapper,,,,
797,1,144642001,144642148,ICR_60,1,144642054,144642055,3,"1,2,3",1,1,1,,,cg01339332,CGdb - Multimapper,,,,
798,1,144642001,144642148,ICR_60,1,144642075,144642076,3,"1,2,3",1,1,1,,,cg01287406,CGdb - Multimapper,,,,
799,1,144642001,144642148,ICR_60,1,144642088,144642089,3,"1,2,3",1,1,1,,,cg01287405,CGdb - Multimapper,,,,
800,1,144642001,144642148,ICR_60,1,144642092,144642093,3,"1,2,3",1,1,1,,,cg01287404,CGdb - Multimapper,,,,
801,1,144642001,144642148,ICR_60,1,144642100,144642101,3,"1,2,3",1,1,1,,,cg01287403,CGdb - Multimapper,,,,
802,1,144642001,144642148,ICR_60,1,144642121,144642122,3,"1,2,3",1,1,1,,,cg01339331,CGdb - Multimapper,,,,
803,1,144642001,144642148,ICR_60,1,144642127,144642128,3,"1,2,3",1,1,1,,,cg01339330,CGdb - Multimapper,,,,
804,1,144642001,144642148,ICR_60,1,144642130,144642131,3,"1,2,3",1,1,1,,,cg01339329,CGdb - Multimapper,,,,
805,1,144642001,144642148,ICR_60,1,144642147,144642148,3,"1,2,3",1,1,1,,,cg01339328,CGdb - Multimapper,,,,
806,1,144813474,144813505,ICR_61,1,144813476,144813477,3,"1,2,3",1,1,1,,,cg01345674,CGdb - Multimapper,,,,
807,1,144813474,144813505,ICR_61,1,144813479,144813480,3,"1,2,3",1,1,1,,,cg01345673,CGdb - Multimapper,,,,
808,1,144813474,144813505,ICR_61,1,144813486,144813487,3,"1,2,3",1,1,1,,,cg01345672,CGdb - Multimapper,,,,
809,1,144813474,144813505,ICR_61,1,144813494,144813495,3,"1,2,3",1,1,1,,,cg01345671,CGdb - Multimapper,,,,
810,1,144813474,144813505,ICR_61,1,144813497,144813498,3,"1,2,3",1,1,1,,,cg01345670,CGdb - Multimapper,,,,
811,1,144813474,144813505,ICR_61,1,144813504,144813505,3,"1,2,3",1,1,1,,,cg01345669,CGdb - Multimapper,,,,
920,1,161442725,161442826,ICR_67,1,161442729,161442730,3,"1,2,3",1,1,1,,,cg01522791,CGdb - Multimapper,,,,
921,1,161442725,161442826,ICR_67,1,161442735,161442736,3,"1,2,3",1,1,1,,,cg01522792,CGdb - Multimapper,,,,
922,1,161442725,161442826,ICR_67,1,161442742,161442743,3,"1,2,3",1,1,1,,,cg01522793,CGdb - Multimapper,,,,
923,1,161442725,161442826,ICR_67,1,161442752,161442753,3,"1,2,3",1,1,1,,,cg01522794,CGdb - Multimapper,,,,
924,1,161442725,161442826,ICR_67,1,161442755,161442756,3,"1,2,3",1,1,1,,,cg01522795,CGdb - Multimapper,,,,
925,1,161442725,161442826,ICR_67,1,161442761,161442762,3,"1,2,3",1,1,1,,,cg01522796,CGdb - Multimapper,,,,
926,1,161442725,161442826,ICR_67,1,161442765,161442766,3,"1,2,3",1,1,1,,,cg01522797,CGdb - Multimapper,,,,
927,1,161442725,161442826,ICR_67,1,161442782,161442783,3,"1,2,3",1,1,1,,,cg01522798,CGdb - Multimapper,,,,
929,1,161449348,161449576,ICR_68,1,161449370,161449371,3,"1,2,3",1,1,1,,,cg01522718,CGdb - Multimapper,,,,
930,1,161449348,161449576,ICR_68,1,161449374,161449375,3,"1,2,3",1,1,1,,,cg01522719,CGdb - Multimapper,,,,
931,1,161449348,161449576,ICR_68,1,161449389,161449390,3,"1,2,3",1,1,1,,,cg01522720,CGdb - Multimapper,,,,
932,1,161449348,161449576,ICR_68,1,161449450,161449451,3,"1,2,3",1,1,1,,,cg01523206,CGdb - Multimapper,,,,
933,1,161449348,161449576,ICR_68,1,161449457,161449458,3,"1,2,3",1,1,1,,,cg01523207,CGdb - Multimapper,,,,
934,1,161449348,161449576,ICR_68,1,161449464,161449465,3,"1,2,3",1,1,1,,,cg01523208,CGdb - Multimapper,,,,
935,1,161449348,161449576,ICR_68,1,161449471,161449472,3,"1,2,3",1,1,1,,,cg01523209,CGdb - Multimapper,,,,
936,1,161449348,161449576,ICR_68,1,161449481,161449482,3,"1,2,3",1,1,1,,,cg01523210,CGdb - Multimapper,,,,
937,1,161449348,161449576,ICR_68,1,161449484,161449485,3,"1,2,3",1,1,1,,,cg01523211,CGdb - Multimapper,,,,
938,1,161449348,161449576,ICR_68,1,161449489,161449490,3,"1,2,3",1,1,1,,,cg01523212,CGdb - Multimapper,,,,
939,1,161449348,161449576,ICR_68,1,161449502,161449503,2,"1,2",1,1,0,,,cg01523213,CGdb - Multimapper,,,,
940,1,161449348,161449576,ICR_68,1,161449521,161449522,3,"1,2,3",1,1,1,,,cg01522730,CGdb - Multimapper,,,,
941,1,161449348,161449576,ICR_68,1,161449525,161449526,3,"1,2,3",1,1,1,,,cg01522731,CGdb - Multimapper,,,,
942,1,161449348,161449576,ICR_68,1,161449549,161449550,3,"1,2,3",1,1,1,,,cg01522732,CGdb - Multimapper,,,,
943,1,161449348,161449576,ICR_68,1,161449562,161449563,3,"1,2,3",1,1,1,,,cg01523214,CGdb - Multimapper,,,,
944,1,161449348,161449576,ICR_68,1,161449566,161449567,3,"1,2,3",1,1,1,,,cg01523215,CGdb - Multimapper,,,,
945,1,161449348,161449576,ICR_68,1,161449571,161449572,3,"1,2,3",1,1,1,,,cg01523216,CGdb - Multimapper,,,,
946,1,161449348,161449576,ICR_68,1,161449575,161449576,3,"1,2,3",1,1,1,,,cg01523217,CGdb - Multimapper,,,,
947,1,161458396,161458728,ICR_69,1,161458401,161458402,3,"1,2,3",1,1,1,,,cg01522870,CGdb - Multimapper,,,,
948,1,161458396,161458728,ICR_69,1,161458403,161458404,3,"1,2,3",1,1,1,,,cg01522871,CGdb - Multimapper,,,,
949,1,161458396,161458728,ICR_69,1,161458461,161458462,3,"1,2,3",1,1,1,,,cg01522872,CGdb - Multimapper,,,,
950,1,161458396,161458728,ICR_69,1,161458471,161458472,3,"1,2,3",1,1,1,,,cg01522873,CGdb - Multimapper,,,,
951,1,161458396,161458728,ICR_69,1,161458474,161458475,3,"1,2,3",1,1,1,,,cg01522874,CGdb - Multimapper,,,,
952,1,161458396,161458728,ICR_69,1,161458488,161458489,3,"1,2,3",1,1,1,,,cg01522875,CGdb - Multimapper,,,,
953,1,161458396,161458728,ICR_69,1,161458496,161458497,3,"1,2,3",1,1,1,,,cg01522876,CGdb - Multimapper,,,,
954,1,161458396,161458728,ICR_69,1,161458508,161458509,3,"1,2,3",1,1,1,,,cg01522877,CGdb - Multimapper,,,,
959,1,161458396,161458728,ICR_69,1,161458662,161458663,3,"1,2,3",1,1,1,,,cg01522883,CGdb - Multimapper,,,,
960,1,161458396,161458728,ICR_69,1,161458664,161458665,3,"1,2,3",1,1,1,,,cg01522884,CGdb - Multimapper,,,,
961,1,161458396,161458728,ICR_69,1,161458717,161458718,1,3,0,0,1,,,cg01522885,CGdb - Multimapper,,,,
962,1,161458396,161458728,ICR_69,1,161458718,161458719,2,"1,2",1,1,0,,,,CG - Submitted - discrepant Ref Genome,,,,
963,1,161458396,161458728,ICR_69,1,161458719,161458720,1,3,0,0,1,,,cg01522886,CGdb - Multimapper,,,,
964,1,161458396,161458728,ICR_69,1,161458720,161458721,2,"1,2",1,1,0,,,,CG - Submitted - discrepant Ref Genome,,,,
965,1,161458396,161458728,ICR_69,1,161458727,161458728,3,"1,2,3",1,1,1,,,cg01522887,CGdb - Multimapper,,,,
971,1,161472562,161472609,ICR_70,1,161472608,161472609,3,"1,2,3",1,1,1,,,cg01522810,CGdb - Multimapper,,,,
990,1,168056307,168056468,ICR_73,1,168056362,168056363,3,"1,2,3",1,1,1,,,cg01575419,CGdb - Multimapper,,,,
991,1,168056307,168056468,ICR_73,1,168056368,168056369,3,"1,2,3",1,1,1,,,cg01575420,CGdb - Multimapper,,,,
992,1,168056307,168056468,ICR_73,1,168056370,168056371,3,"1,2,3",1,1,1,,,cg01575421,CGdb - Multimapper,,,,
993,1,168056307,168056468,ICR_73,1,168056372,168056373,3,"1,2,3",1,1,1,,,cg01575422,CGdb - Multimapper,,,,
994,1,168056307,168056468,ICR_73,1,168056393,168056394,3,"1,2,3",1,1,1,,,cg01575423,CGdb - Multimapper,,,,
995,1,168056307,168056468,ICR_73,1,168056397,168056398,3,"1,2,3",1,1,1,,,cg01575424,CGdb - Multimapper,,,,
996,1,168056307,168056468,ICR_73,1,168056402,168056403,3,"1,2,3",1,1,1,,,cg01575425,CGdb - Multimapper,,,,
997,1,168056307,168056468,ICR_73,1,168056411,168056412,3,"1,2,3",1,1,1,,,cg01575426,CGdb - Multimapper,,,,
998,1,168056307,168056468,ICR_73,1,168056416,168056417,3,"1,2,3",1,1,1,,,cg01575427,CGdb - Multimapper,,,,
999,1,168056307,168056468,ICR_73,1,168056425,168056426,3,"1,2,3",1,1,1,,,cg01575428,CGdb - Multimapper,,,,
1151,1,228617766,228617825,ICR_87,1,228617773,228617774,3,"1,2,3",1,1,1,,,cg02076025,CGdb - Multimapper,,,,
1152,1,228617766,228617825,ICR_87,1,228617777,228617778,3,"1,2,3",1,1,1,,,cg02076026,CGdb - Multimapper,,,,
1153,1,228617766,228617825,ICR_87,1,228617779,228617780,3,"1,2,3",1,1,1,,,cg02076027,CGdb - Multimapper,,,,
1154,1,228617766,228617825,ICR_87,1,228617785,228617786,3,"1,2,3",1,1,1,,,cg02076028,CGdb - Multimapper,,,,
1155,1,228617766,228617825,ICR_87,1,228617789,228617790,3,"1,2,3",1,1,1,,,cg02076029,CGdb - Multimapper,,,,
1156,1,228617766,228617825,ICR_87,1,228617801,228617802,3,"1,2,3",1,1,1,,,cg02076030,CGdb - Multimapper,,,,
1157,1,228617766,228617825,ICR_87,1,228617803,228617804,3,"1,2,3",1,1,1,,,cg02076031,CGdb - Multimapper,,,,
1158,1,228617766,228617825,ICR_87,1,228617824,228617825,3,"1,2,3",1,1,1,,,cg02076032,CGdb - Multimapper,,,,
1159,1,228619143,228619258,ICR_88,1,228619150,228619151,3,"1,2,3",1,1,1,,,cg02076088,CGdb - Multimapper,,,,
1160,1,228619143,228619258,ICR_88,1,228619172,228619173,3,"1,2,3",1,1,1,,,cg02076089,CGdb - Multimapper,,,,
1161,1,228619143,228619258,ICR_88,1,228619180,228619181,3,"1,2,3",1,1,1,,,cg02076090,CGdb - Multimapper,,,,
1162,1,228619143,228619258,ICR_88,1,228619188,228619189,3,"1,2,3",1,1,1,,,cg02076091,CGdb - Multimapper,,,,
1163,1,228619143,228619258,ICR_88,1,228619244,228619245,3,"1,2,3",1,1,1,,,cg02076010,CGdb - Multimapper,,,,
1164,1,228619143,228619258,ICR_88,1,228619257,228619258,3,"1,2,3",1,1,1,,,cg02076092,CGdb - Multimapper,,,,
1177,1,228622208,228622303,ICR_90,1,228622282,228622283,3,"1,2,3",1,1,1,,,cg02076033,CGdb - Multimapper,,,,
1178,1,228622208,228622303,ICR_90,1,228622302,228622303,3,"1,2,3",1,1,1,,,cg02075894,CGdb - Multimapper,,,,
1179,1,228625042,228625229,ICR_91,1,228625049,228625050,3,"1,2,3",1,1,1,,,cg02076244,CGdb - Multimapper,,,,
1180,1,228625042,228625229,ICR_91,1,228625061,228625062,3,"1,2,3",1,1,1,,,cg02076245,CGdb - Multimapper,,,,
1181,1,228625042,228625229,ICR_91,1,228625064,228625065,3,"1,2,3",1,1,1,,,cg02076246,CGdb - Multimapper,,,,
1182,1,228625042,228625229,ICR_91,1,228625069,228625070,3,"1,2,3",1,1,1,,,cg02076247,CGdb - Multimapper,,,,
1183,1,228625042,228625229,ICR_91,1,228625074,228625075,3,"1,2,3",1,1,1,,,cg02076248,CGdb - Multimapper,,,,
1184,1,228625042,228625229,ICR_91,1,228625094,228625095,3,"1,2,3",1,1,1,,,cg02076249,CGdb - Multimapper,,,,
1185,1,228625042,228625229,ICR_91,1,228625117,228625118,3,"1,2,3",1,1,1,,,cg02076318,CGdb - Multimapper,,,,
1186,1,228625042,228625229,ICR_91,1,228625127,228625128,3,"1,2,3",1,1,1,,,cg02076319,CGdb - Multimapper,,,,
1187,1,228625042,228625229,ICR_91,1,228625146,228625147,3,"1,2,3",1,1,1,,,cg02076057,CGdb - Multimapper,,,,
1188,1,228625042,228625229,ICR_91,1,228625164,228625165,3,"1,2,3",1,1,1,,,cg02076058,CGdb - Multimapper,,,,
1189,1,228625042,228625229,ICR_91,1,228625169,228625170,3,"1,2,3",1,1,1,,,cg02076059,CGdb - Multimapper,,,,
1190,1,228625042,228625229,ICR_91,1,228625175,228625176,3,"1,2,3",1,1,1,,,cg02076060,CGdb - Multimapper,,,,
1191,1,228625042,228625229,ICR_91,1,228625178,228625179,3,"1,2,3",1,1,1,,,cg02076061,CGdb - Multimapper,,,,
1192,1,228625042,228625229,ICR_91,1,228625190,228625191,3,"1,2,3",1,1,1,,,cg02076062,CGdb - Multimapper,,,,
1193,1,228625042,228625229,ICR_91,1,228625203,228625204,3,"1,2,3",1,1,1,,,cg02076063,CGdb - Multimapper,,,,
1194,1,228625042,228625229,ICR_91,1,228625216,228625217,3,"1,2,3",1,1,1,,,cg02076064,CGdb - Multimapper,,,,
1195,1,228625042,228625229,ICR_91,1,228625228,228625229,3,"1,2,3",1,1,1,,,cg02076065,CGdb - Multimapper,,,,
1196,1,228632865,228633148,ICR_92,1,228632872,228632873,3,"1,2,3",1,1,1,,,cg02076118,CGdb - Multimapper,,,,
1197,1,228632865,228633148,ICR_92,1,228632874,228632875,3,"1,2,3",1,1,1,,,cg02076119,CGdb - Multimapper,,,,
1198,1,228632865,228633148,ICR_92,1,228632885,228632886,3,"1,2,3",1,1,1,,,cg02076120,CGdb - Multimapper,,,,
1199,1,228632865,228633148,ICR_92,1,228632892,228632893,3,"1,2,3",1,1,1,,,cg02076121,CGdb - Multimapper,,,,
1200,1,228632865,228633148,ICR_92,1,228632894,228632895,3,"1,2,3",1,1,1,,,cg02076122,CGdb - Multimapper,,,,
1201,1,228632865,228633148,ICR_92,1,228632900,228632901,3,"1,2,3",1,1,1,,,cg02076123,CGdb - Multimapper,,,,
1202,1,228632865,228633148,ICR_92,1,228632916,228632917,3,"1,2,3",1,1,1,,,cg02076125,CGdb - Multimapper,,,,
1203,1,228632865,228633148,ICR_92,1,228632922,228632923,3,"1,2,3",1,1,1,,,cg02076126,CGdb - Multimapper,,,,
1204,1,228632865,228633148,ICR_92,1,228632926,228632927,3,"1,2,3",1,1,1,,,cg02076127,CGdb - Multimapper,,,,
1205,1,228632865,228633148,ICR_92,1,228632943,228632944,3,"1,2,3",1,1,1,,,cg02076128,CGdb - Multimapper,,,,
1206,1,228632865,228633148,ICR_92,1,228632948,228632949,3,"1,2,3",1,1,1,,,cg02076129,CGdb - Multimapper,,,,
1207,1,228632865,228633148,ICR_92,1,228632967,228632968,3,"1,2,3",1,1,1,,,cg02076130,CGdb - Multimapper,,,,
1208,1,228632865,228633148,ICR_92,1,228632978,228632979,3,"1,2,3",1,1,1,,,cg02076131,CGdb - Multimapper,,,,
1209,1,228632865,228633148,ICR_92,1,228632985,228632986,3,"1,2,3",1,1,1,,,cg02076132,CGdb - Multimapper,,,,
1221,1,228632865,228633148,ICR_92,1,228633113,228633114,3,"1,2,3",1,1,1,,,cg02075855,CGdb - Multimapper,,,,
1222,1,228632865,228633148,ICR_92,1,228633115,228633116,3,"1,2,3",1,1,1,,,cg02075856,CGdb - Multimapper,,,,
1223,1,228632865,228633148,ICR_92,1,228633117,228633118,3,"1,2,3",1,1,1,,,cg02075857,CGdb - Multimapper,,,,
1224,1,228632865,228633148,ICR_92,1,228633136,228633137,3,"1,2,3",1,1,1,,,cg02075858,CGdb - Multimapper,,,,
1225,1,228632865,228633148,ICR_92,1,228633147,228633148,3,"1,2,3",1,1,1,,,cg02075859,CGdb - Multimapper,,,,
1226,1,228635189,228635657,ICR_93,1,228635207,228635208,3,"1,2,3",1,1,1,,,cg02076130,CGdb - Multimapper,,,,
1227,1,228635189,228635657,ICR_93,1,228635218,228635219,3,"1,2,3",1,1,1,,,cg02076131,CGdb - Multimapper,,,,
1228,1,228635189,228635657,ICR_93,1,228635225,228635226,3,"1,2,3",1,1,1,,,cg02076132,CGdb - Multimapper,,,,
1229,1,228635189,228635657,ICR_93,1,228635233,228635234,3,"1,2,3",1,1,1,,,cg02076133,CGdb - Multimapper,,,,
1230,1,228635189,228635657,ICR_93,1,228635241,228635242,3,"1,2,3",1,1,1,,,cg02076134,CGdb - Multimapper,,,,
1231,1,228635189,228635657,ICR_93,1,228635243,228635244,3,"1,2,3",1,1,1,,,cg02076135,CGdb - Multimapper,,,,
1232,1,228635189,228635657,ICR_93,1,228635252,228635253,3,"1,2,3",1,1,1,,,cg02075845,CGdb - Multimapper,,,,
1233,1,228635189,228635657,ICR_93,1,228635266,228635267,3,"1,2,3",1,1,1,,,cg02075846,CGdb - Multimapper,,,,
1234,1,228635189,228635657,ICR_93,1,228635269,228635270,3,"1,2,3",1,1,1,,,cg02075847,CGdb - Multimapper,,,,
1235,1,228635189,228635657,ICR_93,1,228635285,228635286,3,"1,2,3",1,1,1,,,cg02075848,CGdb - Multimapper,,,,
1253,1,228635189,228635657,ICR_93,1,228635487,228635488,3,"1,2,3",1,1,1,,,cg02075869,CGdb - Multimapper,,,,
1254,1,228635189,228635657,ICR_93,1,228635490,228635491,3,"1,2,3",1,1,1,,,cg02075870,CGdb - Multimapper,,,,
1255,1,228635189,228635657,ICR_93,1,228635501,228635502,3,"1,2,3",1,1,1,,,cg02075871,CGdb - Multimapper,,,,
1256,1,228635189,228635657,ICR_93,1,228635540,228635541,3,"1,2,3",1,1,1,,,cg02075872,CGdb - Multimapper,,,,
1273,1,228636250,228636431,ICR_94,1,228636252,228636253,3,"1,2,3",1,1,1,,,cg02076051,CGdb - Multimapper,,,,
1274,1,228636250,228636431,ICR_94,1,228636257,228636258,3,"1,2,3",1,1,1,,,cg02076052,CGdb - Multimapper,,,,
1275,1,228636250,228636431,ICR_94,1,228636262,228636263,3,"1,2,3",1,1,1,,,cg02076053,CGdb - Multimapper,,,,
1276,1,228636250,228636431,ICR_94,1,228636281,228636282,3,"1,2,3",1,1,1,,,cg02076054,CGdb - Multimapper,,,,
1279,1,228636250,228636431,ICR_94,1,228636333,228636334,3,"1,2,3",1,1,1,,,cg02076252,CGdb - Multimapper,,,,
1280,1,228636250,228636431,ICR_94,1,228636351,228636352,3,"1,2,3",1,1,1,,,cg02076253,CGdb - Multimapper,,,,
1281,1,228636250,228636431,ICR_94,1,228636362,228636363,3,"1,2,3",1,1,1,,,cg02076255,CGdb - Multimapper,,,,
1282,1,228636250,228636431,ICR_94,1,228636365,228636366,3,"1,2,3",1,1,1,,,cg02076256,CGdb - Multimapper,,,,
1283,1,228636250,228636431,ICR_94,1,228636377,228636378,3,"1,2,3",1,1,1,,,cg02076257,CGdb - Multimapper,,,,
1284,1,228636250,228636431,ICR_94,1,228636390,228636391,3,"1,2,3",1,1,1,,,cg02076258,CGdb - Multimapper,,,,
1285,1,228636250,228636431,ICR_94,1,228636403,228636404,3,"1,2,3",1,1,1,,,cg02076259,CGdb - Multimapper,,,,
1286,1,228636250,228636431,ICR_94,1,228636415,228636416,3,"1,2,3",1,1,1,,,cg02076261,CGdb - Multimapper,,,,
1287,1,228636250,228636431,ICR_94,1,228636430,228636431,3,"1,2,3",1,1,1,,,cg02076262,CGdb - Multimapper,,,,
1289,1,228637728,228637831,ICR_95,1,228637808,228637809,3,"1,2,3",1,1,1,,,cg02076011,CGdb - Multimapper,,,,
1290,1,228637728,228637831,ICR_95,1,228637812,228637813,3,"1,2,3",1,1,1,,,cg02076012,CGdb - Multimapper,,,,
1291,1,228637728,228637831,ICR_95,1,228637814,228637815,3,"1,2,3",1,1,1,,,cg02076013,CGdb - Multimapper,,,,
1292,1,228637728,228637831,ICR_95,1,228637818,228637819,3,"1,2,3",1,1,1,,,cg02076015,CGdb - Multimapper,,,,
1293,1,228637728,228637831,ICR_95,1,228637822,228637823,3,"1,2,3",1,1,1,,,cg02076016,CGdb - Multimapper,,,,
1294,1,228637728,228637831,ICR_95,1,228637824,228637825,3,"1,2,3",1,1,1,,,cg02076017,CGdb - Multimapper,,,,
1295,1,228637728,228637831,ICR_95,1,228637826,228637827,3,"1,2,3",1,1,1,,,cg02076018,CGdb - Multimapper,,,,
1296,1,228637728,228637831,ICR_95,1,228637828,228637829,3,"1,2,3",1,1,1,,,cg02076019,CGdb - Multimapper,,,,
1297,1,228637728,228637831,ICR_95,1,228637830,228637831,3,"1,2,3",1,1,1,,,cg02076021,CGdb - Multimapper,,,,
1440,1,244048598,244048661,ICR_105,1,244048638,244048639,1,3,0,0,1,,,,CG - Submitted - discrepant Ref Genome,,,,
1442,1,244048598,244048661,ICR_105,1,244048644,244048645,1,3,0,0,1,,,,CG - Submitted - discrepant Ref Genome,,,,
1444,1,244048598,244048661,ICR_105,1,244048656,244048657,1,3,0,0,1,,,,CG - Submitted - discrepant Ref Genome,,,,
1530,2,11106,11299,ICR_111,2,11192,11193,3,"1,2,3",1,1,1,,,cg02293314,CGdb - Multimapper,,,,
1531,2,11106,11299,ICR_111,2,11197,11198,3,"1,2,3",1,1,1,,,cg02293315,CGdb - Multimapper,,,,
1532,2,11106,11299,ICR_111,2,11199,11200,3,"1,2,3",1,1,1,,,cg02293316,CGdb - Multimapper,,,,
1533,2,11106,11299,ICR_111,2,11203,11204,3,"1,2,3",1,1,1,,,cg02293317,CGdb - Multimapper,,,,
1534,2,11106,11299,ICR_111,2,11205,11206,3,"1,2,3",1,1,1,,,cg02293318,CGdb - Multimapper,,,,
1535,2,11106,11299,ICR_111,2,11211,11212,3,"1,2,3",1,1,1,,,cg02293319,CGdb - Multimapper,,,,
1536,2,11106,11299,ICR_111,2,11221,11222,3,"1,2,3",1,1,1,,,cg02293314,CGdb - Multimapper,,,,
1537,2,11106,11299,ICR_111,2,11226,11227,3,"1,2,3",1,1,1,,,cg02293315,CGdb - Multimapper,,,,
1538,2,11106,11299,ICR_111,2,11228,11229,3,"1,2,3",1,1,1,,,cg02293316,CGdb - Multimapper,,,,
1539,2,11106,11299,ICR_111,2,11232,11233,3,"1,2,3",1,1,1,,,cg02293317,CGdb - Multimapper,,,,
1540,2,11106,11299,ICR_111,2,11234,11235,3,"1,2,3",1,1,1,,,cg02293318,CGdb - Multimapper,,,,
1541,2,11106,11299,ICR_111,2,11240,11241,3,"1,2,3",1,1,1,,,cg02293319,CGdb - Multimapper,,,,
1794,2,90245081,90245412,ICR_127,2,90245174,90245175,1,1,1,0,0,,,,CG - Submitted - discrepant Ref Genome,,,,
1796,2,90245081,90245412,ICR_127,2,90245182,90245183,1,1,1,0,0,,,,CG - Submitted - discrepant Ref Genome,,,,
1798,2,90245081,90245412,ICR_127,2,90245185,90245186,1,1,1,0,0,,,,CG - Submitted - discrepant Ref Genome,,,,
1800,2,90245081,90245412,ICR_127,2,90245192,90245193,2,"1,2",1,1,0,,,,CG - Submitted - discrepant Ref Genome,,,,
1802,2,90245081,90245412,ICR_127,2,90245200,90245201,2,"1,2",1,1,0,,,,CG - Submitted - discrepant Ref Genome,,,,
1804,2,90245081,90245412,ICR_127,2,90245203,90245204,2,"1,2",1,1,0,,,,CG - Submitted - discrepant Ref Genome,,,,
1806,2,90245081,90245412,ICR_127,2,90245205,90245206,2,"1,2",1,1,0,,,,CG - Submitted - discrepant Ref Genome,,,,
1808,2,90245081,90245412,ICR_127,2,90245208,90245209,2,"1,2",1,1,0,,,,CG - Submitted - discrepant Ref Genome,,,,
1810,2,90245081,90245412,ICR_127,2,90245211,90245212,2,"1,2",1,1,0,,,,CG - Submitted - discrepant Ref Genome,,,,
1812,2,90245081,90245412,ICR_127,2,90245218,90245219,2,"1,2",1,1,0,,,,CG - Submitted - discrepant Ref Genome,,,,
1814,2,90245081,90245412,ICR_127,2,90245226,90245227,2,"1,2",1,1,0,,,,CG - Submitted - discrepant Ref Genome,,,,
1816,2,90245081,90245412,ICR_127,2,90245236,90245237,1,1,1,0,0,,,,CG - Submitted - discrepant Ref Genome,,,,
1818,2,90245081,90245412,ICR_127,2,90245244,90245245,1,1,1,0,0,,,,CG - Submitted - discrepant Ref Genome,,,,
1820,2,90245081,90245412,ICR_127,2,90245247,90245248,1,1,1,0,0,,,,CG - Submitted - discrepant Ref Genome,,,,
1822,2,90245081,90245412,ICR_127,2,90245254,90245255,1,1,1,0,0,,,,CG - Submitted - discrepant Ref Genome,,,,
1824,2,90245081,90245412,ICR_127,2,90245262,90245263,1,1,1,0,0,,,,CG - Submitted - discrepant Ref Genome,,,,
1826,2,90245081,90245412,ICR_127,2,90245265,90245266,1,1,1,0,0,,,,CG - Submitted - discrepant Ref Genome,,,,
1828,2,90245081,90245412,ICR_127,2,90245267,90245268,2,"1,2",1,1,0,,,,CG - Submitted - discrepant Ref Genome,,,,
1830,2,90245081,90245412,ICR_127,2,90245273,90245274,1,1,1,0,0,,,,CG - Submitted - discrepant Ref Genome,,,,
1832,2,90245081,90245412,ICR_127,2,90245288,90245289,1,1,1,0,0,,,,CG - Submitted - discrepant Ref Genome,,,,
1834,2,90245081,90245412,ICR_127,2,90245291,90245292,1,1,1,0,0,,,,CG - Submitted - discrepant Ref Genome,,,,
1836,2,90245081,90245412,ICR_127,2,90245298,90245299,1,1,1,0,0,,,,CG - Submitted - discrepant Ref Genome,,,,
1864,2,91459090,91459930,ICR_129,2,91459517,91459518,3,"1,2,3",1,1,1,,,cg03137167,CGdb - Multimapper,,,,
1867,2,91459090,91459930,ICR_129,2,91459908,91459909,3,"1,2,3",1,1,1,,,cg03134879,CGdb - Multimapper,,,,
1868,2,91459090,91459930,ICR_129,2,91459924,91459925,3,"1,2,3",1,1,1,,,cg03134878,CGdb - Multimapper,,,,
1869,2,91459090,91459930,ICR_129,2,91459929,91459930,3,"1,2,3",1,1,1,,,cg03134877,CGdb - Multimapper,,,,
1879,2,91940731,91945010,ICR_131,2,91941881,91941882,3,"1,2,3",1,1,1,,,cg03141099,CGdb - Multimapper,,,,
1881,2,91940731,91945010,ICR_131,2,91942677,91942678,1,3,0,0,1,,,,CG - Submitted - discrepant Ref Genome,,,,
1883,2,91940731,91945010,ICR_131,2,91942905,91942906,1,3,0,0,1,,,,CG - Submitted - discrepant Ref Genome,,,,
2244,2,161340716,161341095,ICR_158,2,161341049,161341050,2,"1,2",1,1,0,,,cg03724583,CGdb - Multimapper,,,,
2245,2,161340716,161341095,ICR_158,2,161341050,161341051,1,3,0,0,1,,,,CG - Submitted - discrepant Ref Genome,,,,
2246,2,161340716,161341095,ICR_158,2,161341059,161341060,2,"1,2",1,1,0,,,cg03724584,CGdb - Multimapper,,,,
2247,2,161340716,161341095,ICR_158,2,161341060,161341061,1,3,0,0,1,,,,CG - Submitted - discrepant Ref Genome,,,,
2248,2,161340716,161341095,ICR_158,2,161341065,161341066,2,"1,2",1,1,0,,,cg03724585,CGdb - Multimapper,,,,
2249,2,161340716,161341095,ICR_158,2,161341066,161341067,1,3,0,0,1,,,,CG - Submitted - discrepant Ref Genome,,,,
2250,2,161340716,161341095,ICR_158,2,161341076,161341077,2,"1,2",1,1,0,,,cg03724586,CGdb - Multimapper,,,,
2251,2,161340716,161341095,ICR_158,2,161341077,161341078,1,3,0,0,1,,,,CG - Submitted - discrepant Ref Genome,,,,
2252,2,161340716,161341095,ICR_158,2,161341092,161341093,2,"1,2",1,1,0,,,cg03724587,CGdb - Multimapper,,,,
2253,2,161340716,161341095,ICR_158,2,161341093,161341094,1,3,0,0,1,,,,CG - Submitted - discrepant Ref Genome,,,,
2254,2,161340716,161341095,ICR_158,2,161341094,161341095,2,"1,2",1,1,0,,,cg03724588,CGdb - Multimapper,,,,
2339,2,206250433,206252905,ICR_165,2,206250875,206250876,1,2,0,1,0,,,,CG - Submitted - discrepant Ref Genome,,,,
2341,2,206250433,206252905,ICR_165,2,206250877,206250878,1,2,0,1,0,,,,CG - Submitted - discrepant Ref Genome,,,,
2343,2,206250433,206252905,ICR_165,2,206250883,206250884,1,2,0,1,0,,,,CG - Submitted - discrepant Ref Genome,,,,
2345,2,206250433,206252905,ICR_165,2,206250891,206250892,1,2,0,1,0,,,,CG - Submitted - discrepant Ref Genome,,,,
2347,2,206250433,206252905,ICR_165,2,206250900,206250901,1,2,0,1,0,,,,CG - Submitted - discrepant Ref Genome,,,,
2349,2,206250433,206252905,ICR_165,2,206250907,206250908,1,2,0,1,0,,,,CG - Submitted - discrepant Ref Genome,,,,
2351,2,206250433,206252905,ICR_165,2,206250917,206250918,1,2,0,1,0,,,,CG - Submitted - discrepant Ref Genome,,,,
2353,2,206250433,206252905,ICR_165,2,206250939,206250940,1,2,0,1,0,,,,CG - Submitted - discrepant Ref Genome,,,,
2387,2,206250433,206252905,ICR_165,2,206252308,206252309,1,2,0,1,0,,,,CG - Submitted - discrepant Ref Genome,,,,
2412,2,206253064,206254113,ICR_166,2,206253480,206253481,1,2,0,1,0,,,,CG - Submitted - discrepant Ref Genome,,,,
2414,2,206253064,206254113,ICR_166,2,206253500,206253501,1,2,0,1,0,,,,CG - Submitted - discrepant Ref Genome,,,,
2416,2,206253064,206254113,ICR_166,2,206253504,206253505,1,2,0,1,0,,,,CG - Submitted - discrepant Ref Genome,,,,
2423,2,206253064,206254113,ICR_166,2,206253564,206253565,1,2,0,1,0,,,,CG - Submitted - discrepant Ref Genome,,,,
2425,2,206253064,206254113,ICR_166,2,206253570,206253571,1,2,0,1,0,,,,CG - Submitted - discrepant Ref Genome,,,,
2427,2,206253064,206254113,ICR_166,2,206253588,206253589,1,2,0,1,0,,,,CG - Submitted - discrepant Ref Genome,,,,
2548,2,206268137,206268603,ICR_174,2,206268271,206268272,3,"1,2,3",1,1,1,,,cg04055906,CGdb - Multimapper,,,,
2827,3,23918444,23918675,ICR_196,3,23918509,23918510,3,"1,2,3",1,1,1,,,cg04656602,CGdb - Multimapper,,,,
2997,3,75668913,75669631,ICR_210,3,75669097,75669098,3,"1,2,3",1,1,1,,,cg05127317,CGdb - Multimapper,,,,
2998,3,75668913,75669631,ICR_210,3,75669105,75669106,3,"1,2,3",1,1,1,,,cg05127318,CGdb - Multimapper,,,,
3115,3,125596053,125596150,ICR_216,3,125596063,125596064,3,"1,2,3",1,1,1,,,cg05454015,CGdb - Multimapper,,,,
3116,3,125596053,125596150,ICR_216,3,125596077,125596078,3,"1,2,3",1,1,1,,,cg00032461,CGdb - Multimapper,,,,
3117,3,125596053,125596150,ICR_216,3,125596084,125596085,3,"1,2,3",1,1,1,,,cg05454016,CGdb - Multimapper,,,,
3126,3,128152943,128153045,ICR_217,3,128152943,128152944,1,3,0,0,1,,,,CG - Submitted - discrepant Ref Genome,,,,
3128,3,128152943,128153045,ICR_217,3,128152949,128152950,1,3,0,0,1,,,,CG - Submitted - discrepant Ref Genome,,,,
3130,3,128152943,128153045,ICR_217,3,128152957,128152958,1,3,0,0,1,,,,CG - Submitted - discrepant Ref Genome,,,,
3132,3,128152943,128153045,ICR_217,3,128152966,128152967,1,3,0,0,1,,,,CG - Submitted - discrepant Ref Genome,,,,
3134,3,128152943,128153045,ICR_217,3,128152972,128152973,1,3,0,0,1,,,,CG - Submitted - discrepant Ref Genome,,,,
3136,3,128152943,128153045,ICR_217,3,128152983,128152984,1,3,0,0,1,,,,CG - Submitted - discrepant Ref Genome,,,,
3138,3,128152943,128153045,ICR_217,3,128152992,128152993,1,3,0,0,1,,,,CG - Submitted - discrepant Ref Genome,,,,
3140,3,128152943,128153045,ICR_217,3,128153001,128153002,1,3,0,0,1,,,,CG - Submitted - discrepant Ref Genome,,,,
3329,3,192155034,192155319,ICR_232,3,192155045,192155046,3,"1,2,3",1,1,1,,,cg02533203,CGdb - Multimapper,,,,
3330,3,192155034,192155319,ICR_232,3,192155054,192155055,3,"1,2,3",1,1,1,,,cg02533204,CGdb - Multimapper,,,,
3342,3,192155034,192155319,ICR_232,3,192155201,192155202,3,"1,2,3",1,1,1,,,cg05989359,CGdb - Multimapper,,,,
3399,4,1046483,1046702,ICR_237,4,1046493,1046494,3,"1,2,3",1,1,1,,,,CG - Submitted - discrepant Ref Genome,,,,
3401,4,1046483,1046702,ICR_237,4,1046515,1046516,2,"2,3",0,1,1,,,,CG - Submitted - discrepant Ref Genome,,,,
3402,4,1046483,1046702,ICR_237,4,1046537,1046538,3,"1,2,3",1,1,1,,,,CG - Submitted - discrepant Ref Genome,,,,
3403,4,1046483,1046702,ICR_237,4,1046548,1046549,3,"1,2,3",1,1,1,,,,CG - Submitted - discrepant Ref Genome,,,,
3404,4,1046483,1046702,ICR_237,4,1046559,1046560,3,"1,2,3",1,1,1,,,,CG - Submitted - discrepant Ref Genome,,,,
3405,4,1046483,1046702,ICR_237,4,1046570,1046571,3,"1,2,3",1,1,1,,,,CG - Submitted - discrepant Ref Genome,,,,
3407,4,1046483,1046702,ICR_237,4,1046592,1046593,2,"2,3",0,1,1,,,,CG - Submitted - discrepant Ref Genome,,,,
3409,4,1046483,1046702,ICR_237,4,1046614,1046615,2,"2,3",0,1,1,,,,CG - Submitted - discrepant Ref Genome,,,,
3411,4,1046483,1046702,ICR_237,4,1046625,1046626,2,"2,3",0,1,1,,,,CG - Submitted - discrepant Ref Genome,,,,
3412,4,1046483,1046702,ICR_237,4,1046647,1046648,3,"1,2,3",1,1,1,,,,CG - Submitted - discrepant Ref Genome,,,,
3413,4,1046483,1046702,ICR_237,4,1046658,1046659,3,"1,2,3",1,1,1,,,,CG - Submitted - discrepant Ref Genome,,,,
3414,4,1046483,1046702,ICR_237,4,1046680,1046681,3,"1,2,3",1,1,1,,,,CG - Submitted - discrepant Ref Genome,,,,
3415,4,1046483,1046702,ICR_237,4,1046691,1046692,3,"1,2,3",1,1,1,,,,CG - Submitted - discrepant Ref Genome,,,,
3416,4,1046483,1046702,ICR_237,4,1046701,1046702,3,"1,2,3",1,1,1,,,,CG - Submitted - discrepant Ref Genome,,,,
3627,4,49109121,49109481,ICR_257,4,49109166,49109167,3,"1,2,3",1,1,1,,,cg06547307,CGdb - Multimapper,,,,
3628,4,49109121,49109481,ICR_257,4,49109180,49109181,3,"1,2,3",1,1,1,,,cg06547308,CGdb - Multimapper,,,,
3629,4,49109121,49109481,ICR_257,4,49109226,49109227,3,"1,2,3",1,1,1,,,cg06547309,CGdb - Multimapper,,,,
3630,4,49109121,49109481,ICR_257,4,49109240,49109241,3,"1,2,3",1,1,1,,,cg06547310,CGdb - Multimapper,,,,
3631,4,49109121,49109481,ICR_257,4,49109295,49109296,3,"1,2,3",1,1,1,,,cg06547311,CGdb - Multimapper,,,,
3632,4,49109121,49109481,ICR_257,4,49109400,49109401,3,"1,2,3",1,1,1,,,cg06547312,CGdb - Multimapper,,,,
3633,4,49109121,49109481,ICR_257,4,49109449,49109450,3,"1,2,3",1,1,1,,,cg06547313,CGdb - Multimapper,,,,
3634,4,49109121,49109481,ICR_257,4,49109480,49109481,3,"1,2,3",1,1,1,,,cg06547314,CGdb - Multimapper,,,,
3640,4,49166180,49166547,ICR_258,4,49166493,49166494,3,"1,2,3",1,1,1,,,cg06548362,CGdb - Multimapper,,,,
3641,4,49166180,49166547,ICR_258,4,49166546,49166547,3,"1,2,3",1,1,1,,,cg06548364,CGdb - Multimapper,,,,
3642,4,49177791,49178205,ICR_259,4,49177844,49177845,3,"1,2,3",1,1,1,,,cg06548467,CGdb - Multimapper,,,,
3653,4,49192403,49192770,ICR_260,4,49192574,49192575,3,"1,2,3",1,1,1,,,cg06548633,CGdb - Multimapper,,,,
3664,4,49229452,49230196,ICR_261,4,49230195,49230196,3,"1,2,3",1,1,1,,,,CG - Submitted - discrepant Ref Genome,,,,
3666,4,49265753,49267308,ICR_262,4,49265977,49265978,3,"1,2,3",1,1,1,,,cg06549202,CGdb - Multimapper,,,,
3667,4,49265753,49267308,ICR_262,4,49266095,49266096,3,"1,2,3",1,1,1,,,cg06549203,CGdb - Multimapper,,,,
3668,4,49265753,49267308,ICR_262,4,49266205,49266206,3,"1,2,3",1,1,1,,,cg06549204,CGdb - Multimapper,,,,
3669,4,49265753,49267308,ICR_262,4,49266209,49266210,3,"1,2,3",1,1,1,,,cg06549205,CGdb - Multimapper,,,,
3670,4,49265753,49267308,ICR_262,4,49266585,49266586,3,"1,2,3",1,1,1,,,cg06549206,CGdb - Multimapper,,,,
3671,4,49265753,49267308,ICR_262,4,49266596,49266597,3,"1,2,3",1,1,1,,,cg06549207,CGdb - Multimapper,,,,
3677,4,49265753,49267308,ICR_262,4,49266972,49266973,3,"1,2,3",1,1,1,,,cg06549213,CGdb - Multimapper,,,,
3678,4,49265753,49267308,ICR_262,4,49267037,49267038,3,"1,2,3",1,1,1,,,cg06549214,CGdb - Multimapper,,,,
3679,4,49265753,49267308,ICR_262,4,49267307,49267308,3,"1,2,3",1,1,1,,,cg06549215,CGdb - Multimapper,,,,
3680,4,49270757,49270848,ICR_263,4,49270771,49270772,3,"1,2,3",1,1,1,,,cg06549261,CGdb - Multimapper,,,,
3681,4,49270757,49270848,ICR_263,4,49270784,49270785,3,"1,2,3",1,1,1,,,cg06549262,CGdb - Multimapper,,,,
3682,4,49270757,49270848,ICR_263,4,49270792,49270793,3,"1,2,3",1,1,1,,,cg06549263,CGdb - Multimapper,,,,
3683,4,49270757,49270848,ICR_263,4,49270795,49270796,3,"1,2,3",1,1,1,,,cg06549264,CGdb - Multimapper,,,,
3684,4,49270757,49270848,ICR_263,4,49270816,49270817,3,"1,2,3",1,1,1,,,cg06549265,CGdb - Multimapper,,,,
3685,4,49270757,49270848,ICR_263,4,49270826,49270827,3,"1,2,3",1,1,1,,,cg06549266,CGdb - Multimapper,,,,
3686,4,49270757,49270848,ICR_263,4,49270828,49270829,3,"1,2,3",1,1,1,,,cg06549267,CGdb - Multimapper,,,,
3687,4,49270757,49270848,ICR_263,4,49270847,49270848,3,"1,2,3",1,1,1,,,cg06549268,CGdb - Multimapper,,,,
3691,4,49298644,49298769,ICR_264,4,49298768,49298769,3,"1,2,3",1,1,1,,,cg06549553,CGdb - Multimapper,,,,
3694,4,49603848,49604494,ICR_265,4,49604051,49604052,3,"1,2,3",1,1,1,,,cg06551290,CGdb - Multimapper,,,,
3696,4,49603848,49604494,ICR_265,4,49604188,49604189,3,"1,2,3",1,1,1,,,cg06548633,CGdb - Multimapper,,,,
3697,4,49603848,49604494,ICR_265,4,49604269,49604270,3,"1,2,3",1,1,1,,,cg06551292,CGdb - Multimapper,,,,
3698,4,49603848,49604494,ICR_265,4,49604296,49604297,3,"1,2,3",1,1,1,,,cg06551293,CGdb - Multimapper,,,,
3699,4,49603848,49604494,ICR_265,4,49604319,49604320,3,"1,2,3",1,1,1,,,cg06551294,CGdb - Multimapper,,,,
3701,4,49603848,49604494,ICR_265,4,49604493,49604494,3,"1,2,3",1,1,1,,,cg06548628,CGdb - Multimapper,,,,
3919,4,91791367,91792040,ICR_276,4,91791609,91791610,3,"1,2,3",1,1,1,,,cg00732472,CGdb - Multimapper,,,,
3920,4,91791367,91792040,ICR_276,4,91791613,91791614,3,"1,2,3",1,1,1,,,cg00732471,CGdb - Multimapper,,,,
3921,4,91791367,91792040,ICR_276,4,91791630,91791631,3,"1,2,3",1,1,1,,,cg00732470,CGdb - Multimapper,,,,
3994,4,150809860,150809929,ICR_280,4,150809864,150809865,1,2,0,1,0,,,,CG - Submitted - discrepant Ref Genome,,,,
3996,4,150809860,150809929,ICR_280,4,150809869,150809870,1,2,0,1,0,,,,CG - Submitted - discrepant Ref Genome,,,,
3998,4,150809860,150809929,ICR_280,4,150809874,150809875,1,2,0,1,0,,,,CG - Submitted - discrepant Ref Genome,,,,
4000,4,150809860,150809929,ICR_280,4,150809879,150809880,1,2,0,1,0,,,,CG - Submitted - discrepant Ref Genome,,,,
4002,4,150809860,150809929,ICR_280,4,150809884,150809885,1,2,0,1,0,,,,CG - Submitted - discrepant Ref Genome,,,,
4004,4,150809860,150809929,ICR_280,4,150809889,150809890,1,2,0,1,0,,,,CG - Submitted - discrepant Ref Genome,,,,
4006,4,150809860,150809929,ICR_280,4,150809894,150809895,1,2,0,1,0,,,,CG - Submitted - discrepant Ref Genome,,,,
4008,4,150809860,150809929,ICR_280,4,150809899,150809900,1,2,0,1,0,,,,CG - Submitted - discrepant Ref Genome,,,,
4010,4,150809860,150809929,ICR_280,4,150809904,150809905,2,"2,3",0,1,1,,,,CG - Submitted - discrepant Ref Genome,,,,
4012,4,150809860,150809929,ICR_280,4,150809909,150809910,1,2,0,1,0,,,,CG - Submitted - discrepant Ref Genome,,,,
4111,4,190021742,190021948,ICR_290,4,190021756,190021757,3,"1,2,3",1,1,1,,,cg07540831,CGdb - Multimapper,,,,
4112,4,190021742,190021948,ICR_290,4,190021765,190021766,3,"1,2,3",1,1,1,,,cg07540832,CGdb - Multimapper,,,,
4113,4,190021742,190021948,ICR_290,4,190021786,190021787,3,"1,2,3",1,1,1,,,cg07540833,CGdb - Multimapper,,,,
4129,4,190021742,190021948,ICR_290,4,190021915,190021916,3,"1,2,3",1,1,1,,,cg07540849,CGdb - Multimapper,,,,
4130,4,190021742,190021948,ICR_290,4,190021920,190021921,3,"1,2,3",1,1,1,,,cg07540850,CGdb - Multimapper,,,,
4131,4,190021742,190021948,ICR_290,4,190021924,190021925,3,"1,2,3",1,1,1,,,cg07540851,CGdb - Multimapper,,,,
4132,4,190021742,190021948,ICR_290,4,190021933,190021934,3,"1,2,3",1,1,1,,,cg07540852,CGdb - Multimapper,,,,
4133,4,190021742,190021948,ICR_290,4,190021938,190021939,3,"1,2,3",1,1,1,,,cg07540853,CGdb - Multimapper,,,,
4134,4,190021742,190021948,ICR_290,4,190021941,190021942,3,"1,2,3",1,1,1,,,cg07540854,CGdb - Multimapper,,,,
4135,4,190021742,190021948,ICR_290,4,190021947,190021948,3,"1,2,3",1,1,1,,,cg07540855,CGdb - Multimapper,,,,
4150,4,190066841,190066973,ICR_292,4,190066845,190066846,3,"1,2,3",1,1,1,,,cg07541705,CGdb - Multimapper,,,,
4151,4,190066841,190066973,ICR_292,4,190066851,190066852,3,"1,2,3",1,1,1,,,cg07541706,CGdb - Multimapper,,,,
4152,4,190066841,190066973,ICR_292,4,190066869,190066870,3,"1,2,3",1,1,1,,,cg07541707,CGdb - Multimapper,,,,
4153,4,190066841,190066973,ICR_292,4,190066879,190066880,3,"1,2,3",1,1,1,,,cg07541708,CGdb - Multimapper,,,,
4154,4,190066841,190066973,ICR_292,4,190066892,190066893,3,"1,2,3",1,1,1,,,cg07541709,CGdb - Multimapper,,,,
4155,4,190066841,190066973,ICR_292,4,190066899,190066900,3,"1,2,3",1,1,1,,,cg07541710,CGdb - Multimapper,,,,
4156,4,190066841,190066973,ICR_292,4,190066907,190066908,3,"1,2,3",1,1,1,,,cg07541711,CGdb - Multimapper,,,,
4157,4,190066841,190066973,ICR_292,4,190066910,190066911,3,"1,2,3",1,1,1,,,cg07541712,CGdb - Multimapper,,,,
4158,4,190066841,190066973,ICR_292,4,190066922,190066923,3,"1,2,3",1,1,1,,,cg07541713,CGdb - Multimapper,,,,
4166,4,190085155,190085236,ICR_293,4,190085155,190085156,1,2,0,1,0,,,,CG - Submitted - discrepant Ref Genome,,,,
4167,4,190085155,190085236,ICR_293,4,190085159,190085160,3,"1,2,3",1,1,1,,,cg07540849,CGdb - Multimapper,,,,
4168,4,190085155,190085236,ICR_293,4,190085182,190085183,3,"1,2,3",1,1,1,,,cg07541838,CGdb - Multimapper,,,,
4169,4,190085155,190085236,ICR_293,4,190085192,190085193,3,"1,2,3",1,1,1,,,cg07541839,CGdb - Multimapper,,,,
4170,4,190085155,190085236,ICR_293,4,190085198,190085199,3,"1,2,3",1,1,1,,,cg07541840,CGdb - Multimapper,,,,
4171,4,190085155,190085236,ICR_293,4,190085209,190085210,3,"1,2,3",1,1,1,,,cg07541841,CGdb - Multimapper,,,,
4172,4,190085155,190085236,ICR_293,4,190085218,190085219,3,"1,2,3",1,1,1,,,cg07541566,CGdb - Multimapper,,,,
4173,4,190085155,190085236,ICR_293,4,190085225,190085226,3,"1,2,3",1,1,1,,,cg07541567,CGdb - Multimapper,,,,
4174,4,190085155,190085236,ICR_293,4,190085230,190085231,3,"1,2,3",1,1,1,,,cg07541568,CGdb - Multimapper,,,,
4175,4,190085155,190085236,ICR_293,4,190085232,190085233,3,"1,2,3",1,1,1,,,cg07541569,CGdb - Multimapper,,,,
4176,4,190085155,190085236,ICR_293,4,190085235,190085236,3,"1,2,3",1,1,1,,,cg07541570,CGdb - Multimapper,,,,
4177,4,190085786,190085962,ICR_294,4,190085797,190085798,3,"1,2,3",1,1,1,,,cg07541990,CGdb - Multimapper,,,,
4178,4,190085786,190085962,ICR_294,4,190085806,190085807,2,"1,3",1,0,1,,,cg07541991,CGdb - Multimapper,,,,
4179,4,190085786,190085962,ICR_294,4,190085839,190085840,3,"1,2,3",1,1,1,,,cg07541992,CGdb - Multimapper,,,,
4180,4,190085786,190085962,ICR_294,4,190085857,190085858,3,"1,2,3",1,1,1,,,cg07541993,CGdb - Multimapper,,,,
4181,4,190085786,190085962,ICR_294,4,190085859,190085860,3,"1,2,3",1,1,1,,,cg07541994,CGdb - Multimapper,,,,
4182,4,190085786,190085962,ICR_294,4,190085889,190085890,3,"1,2,3",1,1,1,,,cg07541995,CGdb - Multimapper,,,,
4183,4,190085786,190085962,ICR_294,4,190085904,190085905,3,"1,2,3",1,1,1,,,cg07541624,CGdb - Multimapper,,,,
4184,4,190085786,190085962,ICR_294,4,190085928,190085929,3,"1,2,3",1,1,1,,,cg07541625,CGdb - Multimapper,,,,
4185,4,190085786,190085962,ICR_294,4,190085937,190085938,3,"1,2,3",1,1,1,,,cg07541626,CGdb - Multimapper,,,,
4186,4,190085786,190085962,ICR_294,4,190085941,190085942,3,"1,2,3",1,1,1,,,cg07541627,CGdb - Multimapper,,,,
4187,4,190085786,190085962,ICR_294,4,190085943,190085944,3,"1,2,3",1,1,1,,,cg07541628,CGdb - Multimapper,,,,
4188,4,190085786,190085962,ICR_294,4,190085945,190085946,3,"1,2,3",1,1,1,,,cg07541629,CGdb - Multimapper,,,,
4189,4,190085786,190085962,ICR_294,4,190085953,190085954,3,"1,2,3",1,1,1,,,cg07541630,CGdb - Multimapper,,,,
4190,4,190085786,190085962,ICR_294,4,190085961,190085962,3,"1,2,3",1,1,1,,,cg07541631,CGdb - Multimapper,,,,
4191,4,190089486,190089578,ICR_295,4,190089489,190089490,3,"1,2,3",1,1,1,,,cg07542015,CGdb - Multimapper,,,,
4192,4,190089486,190089578,ICR_295,4,190089503,190089504,3,"1,2,3",1,1,1,,,cg07542016,CGdb - Multimapper,,,,
4193,4,190089486,190089578,ICR_295,4,190089519,190089520,3,"1,2,3",1,1,1,,,cg07542017,CGdb - Multimapper,,,,
4194,4,190089486,190089578,ICR_295,4,190089524,190089525,3,"1,2,3",1,1,1,,,cg07542018,CGdb - Multimapper,,,,
4195,4,190089486,190089578,ICR_295,4,190089531,190089532,3,"1,2,3",1,1,1,,,cg07542019,CGdb - Multimapper,,,,
4196,4,190089486,190089578,ICR_295,4,190089534,190089535,3,"1,2,3",1,1,1,,,cg07542020,CGdb - Multimapper,,,,
4197,4,190089486,190089578,ICR_295,4,190089539,190089540,3,"1,2,3",1,1,1,,,cg07542021,CGdb - Multimapper,,,,
4198,4,190089486,190089578,ICR_295,4,190089554,190089555,3,"1,2,3",1,1,1,,,cg07542022,CGdb - Multimapper,,,,
4199,4,190089486,190089578,ICR_295,4,190089557,190089558,3,"1,2,3",1,1,1,,,cg07542023,CGdb - Multimapper,,,,
4200,4,190089486,190089578,ICR_295,4,190089564,190089565,3,"1,2,3",1,1,1,,,cg07542024,CGdb - Multimapper,,,,
4201,4,190089486,190089578,ICR_295,4,190089570,190089571,3,"1,2,3",1,1,1,,,cg07542025,CGdb - Multimapper,,,,
4202,4,190089486,190089578,ICR_295,4,190089577,190089578,3,"1,2,3",1,1,1,,,cg07541907,CGdb - Multimapper,,,,
4203,4,190091776,190091849,ICR_296,4,190091785,190091786,3,"1,2,3",1,1,1,,,cg07541839,CGdb - Multimapper,,,,
4204,4,190091776,190091849,ICR_296,4,190091791,190091792,3,"1,2,3",1,1,1,,,cg07541840,CGdb - Multimapper,,,,
4205,4,190091776,190091849,ICR_296,4,190091802,190091803,3,"1,2,3",1,1,1,,,cg07541841,CGdb - Multimapper,,,,
4206,4,190091776,190091849,ICR_296,4,190091811,190091812,3,"1,2,3",1,1,1,,,cg07541566,CGdb - Multimapper,,,,
4207,4,190091776,190091849,ICR_296,4,190091818,190091819,3,"1,2,3",1,1,1,,,cg07541567,CGdb - Multimapper,,,,
4208,4,190091776,190091849,ICR_296,4,190091823,190091824,3,"1,2,3",1,1,1,,,cg07541568,CGdb - Multimapper,,,,
4209,4,190091776,190091849,ICR_296,4,190091825,190091826,3,"1,2,3",1,1,1,,,cg07541569,CGdb - Multimapper,,,,
4210,4,190091776,190091849,ICR_296,4,190091828,190091829,3,"1,2,3",1,1,1,,,cg07541570,CGdb - Multimapper,,,,
4211,4,190091776,190091849,ICR_296,4,190091836,190091837,3,"1,2,3",1,1,1,,,cg07541571,CGdb - Multimapper,,,,
4212,4,190091776,190091849,ICR_296,4,190091846,190091847,3,"1,2,3",1,1,1,,,cg07541572,CGdb - Multimapper,,,,
4213,4,190091776,190091849,ICR_296,4,190091848,190091849,3,"1,2,3",1,1,1,,,cg07541573,CGdb - Multimapper,,,,
4247,5,562044,562200,ICR_299,5,562073,562074,3,"1,2,3",1,1,1,,,cg07556334,CGdb - Multimapper,,,,
4504,5,71851012,71851744,ICR_317,5,71851563,71851564,3,"1,2,3",1,1,1,,,cg03486912,CGdb - Multimapper,,,,
4946,5,174728525,174729356,ICR_356,5,174728854,174728855,1,2,0,1,0,,,,CG - Submitted - discrepant Ref Genome,,,,
5309,6,27827550,27827724,ICR_376,6,27827566,27827567,3,"1,2,3",1,1,1,,,cg09325288,BSmap - Multimapper,,,,
5316,6,27827550,27827724,ICR_376,6,27827651,27827652,1,1,1,0,0,,,,CG - Submitted - discrepant Ref Genome,,,,
5581,6,99823198,99823660,ICR_398,6,99823659,99823660,3,"1,2,3",1,1,1,,,cg05535830,CGdb - Multimapper,,,,
5921,6,167196311,167197315,ICR_413,6,167196327,167196328,3,"1,2,3",1,1,1,,,cg10435319,CGdb - Multimapper,,,,
5922,6,167196311,167197315,ICR_413,6,167196350,167196351,3,"1,2,3",1,1,1,,,cg10435320,CGdb - Multimapper,,,,
5926,6,167196311,167197315,ICR_413,6,167196492,167196493,3,"1,2,3",1,1,1,,,cg10435325,CGdb - Multimapper,,,,
5927,6,167196311,167197315,ICR_413,6,167196495,167196496,3,"1,2,3",1,1,1,,,cg10435326,CGdb - Multimapper,,,,
5928,6,167196311,167197315,ICR_413,6,167196519,167196520,3,"1,2,3",1,1,1,,,cg10435327,CGdb - Multimapper,,,,
5929,6,167196311,167197315,ICR_413,6,167196544,167196545,3,"1,2,3",1,1,1,,,cg10435328,CGdb - Multimapper,,,,
5930,6,167196311,167197315,ICR_413,6,167196566,167196567,1,1,1,0,0,,,cg10435329,CGdb - Multimapper,,,,
6065,7,31403,31557,ICR_424,7,31549,31550,3,"1,2,3",1,1,1,,,cg06072436,CGdb - Multimapper,,,,
6066,7,31403,31557,ICR_424,7,31554,31555,3,"1,2,3",1,1,1,,,cg06072435,CGdb - Multimapper,,,,
6067,7,31403,31557,ICR_424,7,31556,31557,3,"1,2,3",1,1,1,,,cg06072434,CGdb - Multimapper,,,,
6096,7,421345,421408,ICR_428,7,421351,421352,1,2,0,1,0,,,,CG - Submitted - discrepant Ref Genome,,,,
6362,7,34905972,34906557,ICR_449,7,34906340,34906341,3,"1,2,3",1,1,1,,,cg02845496,CGdb - Multimapper,,,,
6597,7,56508815,56510506,ICR_457,7,56509662,56509663,1,2,0,1,0,,,,CG - Submitted - discrepant Ref Genome,,,,
6626,7,58074538,58076031,ICR_461,7,58074625,58074626,3,"1,2,3",1,1,1,,,cg01331221,CGdb - Multimapper,,,,
6627,7,58074538,58076031,ICR_461,7,58074648,58074649,3,"1,2,3",1,1,1,,,cg01331222,CGdb - Multimapper,,,,
6646,7,61084697,61086368,ICR_463,7,61085137,61085138,3,"1,2,3",1,1,1,,,cg11098266,CGdb - Multimapper,,,,
6647,7,61084697,61086368,ICR_463,7,61085226,61085227,3,"1,2,3",1,1,1,,,cg01336561,CGdb - Multimapper,,,,
6651,7,61084697,61086368,ICR_463,7,61086329,61086330,1,1,1,0,0,,,,CG - Submitted - discrepant Ref Genome,,,,
6668,7,62379353,62379440,ICR_465,7,62379353,62379354,1,3,0,0,1,,,,CG - Submitted - discrepant Ref Genome,,,,
6670,7,62379353,62379440,ICR_465,7,62379371,62379372,2,"2,3",0,1,1,,,,CG - Submitted - discrepant Ref Genome,,,,
6672,7,62379353,62379440,ICR_465,7,62379374,62379375,1,3,0,0,1,,,,CG - Submitted - discrepant Ref Genome,,,,
6674,7,62379353,62379440,ICR_465,7,62379376,62379377,2,"2,3",0,1,1,,,,CG - Submitted - discrepant Ref Genome,,,,
6676,7,62379353,62379440,ICR_465,7,62379395,62379396,1,3,0,0,1,,,,CG - Submitted - discrepant Ref Genome,,,,
6678,7,62379353,62379440,ICR_465,7,62379433,62379434,1,3,0,0,1,,,,CG - Submitted - discrepant Ref Genome,,,,
6680,7,62379353,62379440,ICR_465,7,62379436,62379437,1,3,0,0,1,,,,CG - Submitted - discrepant Ref Genome,,,,
6682,7,62379353,62379440,ICR_465,7,62379439,62379440,1,3,0,0,1,,,,CG - Submitted - discrepant Ref Genome,,,,
6773,7,76499727,76499956,ICR_474,7,76499727,76499728,1,3,0,0,1,,,,CG - Submitted - discrepant Ref Genome,,,,
6780,7,76499727,76499956,ICR_474,7,76499868,76499869,3,"1,2,3",1,1,1,,,cg11279256,CGdb - Multimapper,,,,
6781,7,76499727,76499956,ICR_474,7,76499922,76499923,2,"1,3",1,0,1,,,cg11279257,CGdb - Multimapper,,,,
6782,7,76499727,76499956,ICR_474,7,76499923,76499924,1,2,0,1,0,,,,CG - Submitted - discrepant Ref Genome,,,,
6783,7,76499727,76499956,ICR_474,7,76499929,76499930,2,"1,3",1,0,1,,,cg11279258,CGdb - Multimapper,,,,
6784,7,76499727,76499956,ICR_474,7,76499930,76499931,1,2,0,1,0,,,,CG - Submitted - discrepant Ref Genome,,,,
6786,7,76499727,76499956,ICR_474,7,76499949,76499950,2,"2,3",0,1,1,,,,CG - Submitted - discrepant Ref Genome,,,,
6788,7,76499727,76499956,ICR_474,7,76499953,76499954,1,2,0,1,0,,,,CG - Submitted - discrepant Ref Genome,,,,
6880,7,94656360,94658647,ICR_475,7,94658155,94658156,1,3,0,0,1,,,,CG - Submitted - discrepant Ref Genome,,,,
6882,7,94656360,94658647,ICR_475,7,94658161,94658162,1,3,0,0,1,,,,CG - Submitted - discrepant Ref Genome,,,,
6884,7,94656360,94658647,ICR_475,7,94658206,94658207,1,3,0,0,1,,,,CG - Submitted - discrepant Ref Genome,,,,
6887,7,94656360,94658647,ICR_475,7,94658251,94658252,1,3,0,0,1,,,,CG - Submitted - discrepant Ref Genome,,,,
6890,7,94656360,94658647,ICR_475,7,94658326,94658327,1,2,0,1,0,,,,CG - Submitted - discrepant Ref Genome,,,,
6892,7,94656360,94658647,ICR_475,7,94658341,94658342,1,2,0,1,0,,,,CG - Submitted - discrepant Ref Genome,,,,
7168,7,138664218,138664771,ICR_484,7,138664232,138664233,1,3,0,0,1,,,,CG - Submitted - discrepant Ref Genome,,,,
7170,7,138664218,138664771,ICR_484,7,138664234,138664235,1,3,0,0,1,,,,CG - Submitted - discrepant Ref Genome,,,,
7172,7,138664218,138664771,ICR_484,7,138664236,138664237,1,3,0,0,1,,,,CG - Submitted - discrepant Ref Genome,,,,
7216,7,138664218,138664771,ICR_484,7,138664725,138664726,2,"2,3",0,1,1,,,,CG - Submitted - discrepant Ref Genome,,,,
7217,7,138664218,138664771,ICR_484,7,138664748,138664749,3,"1,2,3",1,1,1,,,,CG - Submitted - discrepant Ref Genome,,,,
7218,7,138664218,138664771,ICR_484,7,138664766,138664767,3,"1,2,3",1,1,1,,,,CG - Submitted - discrepant Ref Genome,,,,
7219,7,138664218,138664771,ICR_484,7,138664770,138664771,3,"1,2,3",1,1,1,,,,CG - Submitted - discrepant Ref Genome,,,,
7275,7,150111840,150112171,ICR_487,7,150111840,150111841,1,1,1,0,0,,,,CG - Submitted - discrepant Ref Genome,,,,
7276,7,150111840,150112171,ICR_487,7,150111841,150111842,2,"2,3",0,1,1,,,cg11891800,CGdb - Multimapper,,,,
7277,7,150111840,150112171,ICR_487,7,150111842,150111843,1,1,1,0,0,,,,CG - Submitted - discrepant Ref Genome,,,,
7279,7,150111840,150112171,ICR_487,7,150111854,150111855,1,1,1,0,0,,,,CG - Submitted - discrepant Ref Genome,,,,
7291,7,150111840,150112171,ICR_487,7,150112090,150112091,1,3,0,0,1,,,,CG - Submitted - discrepant Ref Genome,,,,
7294,7,150111840,150112171,ICR_487,7,150112135,150112136,3,"1,2,3",1,1,1,,,cg11891814,CGdb - Multimapper,,,,
7466,7,158996856,158997515,ICR_499,7,158997271,158997272,2,"1,3",1,0,1,,,,CG - Submitted - discrepant Ref Genome,,,,
7667,8,12537464,12537632,ICR_512,8,12537482,12537483,3,"1,2,3",1,1,1,,,cg12141867,CGdb - Multimapper,,,,
7668,8,12537464,12537632,ICR_512,8,12537487,12537488,3,"1,2,3",1,1,1,,,cg12141866,CGdb - Multimapper,,,,
7670,8,12537464,12537632,ICR_512,8,12537540,12537541,3,"1,2,3",1,1,1,,,cg06189651,CGdb - Multimapper,,,,
7671,8,12537464,12537632,ICR_512,8,12537567,12537568,3,"1,2,3",1,1,1,,,cg11418432,CGdb - Multimapper,,,,
7672,8,12537464,12537632,ICR_512,8,12537631,12537632,3,"1,2,3",1,1,1,,,cg12141862,CGdb - Multimapper,,,,
7680,8,16944318,16944618,ICR_513,8,16944448,16944449,2,"1,3",1,0,1,,,cg03376986,CGdb - Multimapper,,,,
7808,8,43489686,43491049,ICR_525,8,43489988,43489989,1,2,0,1,0,,,,CG - Submitted - discrepant Ref Genome,,,,
7982,8,69690060,69690369,ICR_536,8,69690183,69690184,3,"1,2,3",1,1,1,,,cg12696644,CGdb - Multimapper,,,,
7983,8,69690060,69690369,ICR_536,8,69690215,69690216,3,"1,2,3",1,1,1,,,cg25148117,CGdb - Multimapper,,,,
8627,9,40106359,40106534,ICR_566,9,40106485,40106486,3,"1,2,3",1,1,1,,,cg13651354,CGdb - Multimapper,,,,
8641,9,40584159,40584282,ICR_567,9,40584216,40584217,1,2,0,1,0,,,,CG - Submitted - discrepant Ref Genome,,,,
8643,9,40584159,40584282,ICR_567,9,40584224,40584225,1,2,0,1,0,,,,CG - Submitted - discrepant Ref Genome,,,,
8645,9,40584159,40584282,ICR_567,9,40584227,40584228,1,2,0,1,0,,,,CG - Submitted - discrepant Ref Genome,,,,
8647,9,40584159,40584282,ICR_567,9,40584234,40584235,1,2,0,1,0,,,,CG - Submitted - discrepant Ref Genome,,,,
8649,9,40584159,40584282,ICR_567,9,40584242,40584243,1,2,0,1,0,,,,CG - Submitted - discrepant Ref Genome,,,,
8651,9,40584159,40584282,ICR_567,9,40584245,40584246,1,2,0,1,0,,,,CG - Submitted - discrepant Ref Genome,,,,
8653,9,40584159,40584282,ICR_567,9,40584252,40584253,1,2,0,1,0,,,,CG - Submitted - discrepant Ref Genome,,,,
8655,9,40584159,40584282,ICR_567,9,40584260,40584261,1,2,0,1,0,,,,CG - Submitted - discrepant Ref Genome,,,,
8657,9,40584159,40584282,ICR_567,9,40584263,40584264,1,2,0,1,0,,,,CG - Submitted - discrepant Ref Genome,,,,
8659,9,40584159,40584282,ICR_567,9,40584270,40584271,1,2,0,1,0,,,,CG - Submitted - discrepant Ref Genome,,,,
8661,9,40584159,40584282,ICR_567,9,40584278,40584279,2,"2,3",0,1,1,,,,CG - Submitted - discrepant Ref Genome,,,,
8663,9,40584159,40584282,ICR_567,9,40584281,40584282,2,"2,3",0,1,1,,,,CG - Submitted - discrepant Ref Genome,,,,
8690,9,41273436,41273534,ICR_571,9,41273441,41273442,3,"1,2,3",1,1,1,,,cg13661951,CGdb - Multimapper,,,,
8691,9,41273436,41273534,ICR_571,9,41273464,41273465,3,"1,2,3",1,1,1,,,cg13661952,CGdb - Multimapper,,,,
8692,9,41273436,41273534,ICR_571,9,41273477,41273478,3,"1,2,3",1,1,1,,,cg13661953,CGdb - Multimapper,,,,
8693,9,41273436,41273534,ICR_571,9,41273502,41273503,3,"1,2,3",1,1,1,,,cg13661954,CGdb - Multimapper,,,,
8694,9,41273436,41273534,ICR_571,9,41273507,41273508,3,"1,2,3",1,1,1,,,cg13661955,CGdb - Multimapper,,,,
8716,9,42725366,42725715,ICR_572,9,42725707,42725708,1,1,1,0,0,,,,CG - Submitted - discrepant Ref Genome,,,,
8718,9,42725366,42725715,ICR_572,9,42725711,42725712,1,1,1,0,0,,,,CG - Submitted - discrepant Ref Genome,,,,
8720,9,42725366,42725715,ICR_572,9,42725714,42725715,2,"1,3",1,0,1,,,,CG - Submitted - discrepant Ref Genome,,,,
8721,9,43310884,43310973,ICR_573,9,43310884,43310885,2,"1,2",1,1,0,,,cg13678346,CGdb - Multimapper,,,,
8722,9,43310884,43310973,ICR_573,9,43310885,43310886,1,3,0,0,1,,,,CG - Submitted - discrepant Ref Genome,,,,
8723,9,43310884,43310973,ICR_573,9,43310897,43310898,2,"1,2",1,1,0,,,cg13678347,CGdb - Multimapper,,,,
8724,9,43310884,43310973,ICR_573,9,43310898,43310899,1,3,0,0,1,,,,CG - Submitted - discrepant Ref Genome,,,,
8725,9,43310884,43310973,ICR_573,9,43310900,43310901,2,"1,2",1,1,0,,,cg13678348,CGdb - Multimapper,,,,
8726,9,43310884,43310973,ICR_573,9,43310901,43310902,1,3,0,0,1,,,,CG - Submitted - discrepant Ref Genome,,,,
8727,9,43310884,43310973,ICR_573,9,43310903,43310904,2,"1,2",1,1,0,,,cg13678350,CGdb - Multimapper,,,,
8728,9,43310884,43310973,ICR_573,9,43310904,43310905,1,3,0,0,1,,,,CG - Submitted - discrepant Ref Genome,,,,
8729,9,43310884,43310973,ICR_573,9,43310919,43310920,2,"1,2",1,1,0,,,cg13678351,CGdb - Multimapper,,,,
8730,9,43310884,43310973,ICR_573,9,43310920,43310921,1,3,0,0,1,,,,CG - Submitted - discrepant Ref Genome,,,,
8731,9,43310884,43310973,ICR_573,9,43310922,43310923,2,"1,2",1,1,0,,,cg13678352,CGdb - Multimapper,,,,
8732,9,43310884,43310973,ICR_573,9,43310923,43310924,1,3,0,0,1,,,,CG - Submitted - discrepant Ref Genome,,,,
8733,9,43310884,43310973,ICR_573,9,43310942,43310943,3,"1,2,3",1,1,1,,,cg13678353,CGdb - Multimapper,,,,
8734,9,43310884,43310973,ICR_573,9,43310948,43310949,3,"1,2,3",1,1,1,,,cg13678354,CGdb - Multimapper,,,,
8735,9,43310884,43310973,ICR_573,9,43310971,43310972,2,"2,3",0,1,1,,,cg13678355,CGdb - Multimapper,,,,
8736,9,43310884,43310973,ICR_573,9,43310972,43310973,1,1,1,0,0,,,,CG - Submitted - discrepant Ref Genome,,,,
8737,9,43312148,43312374,ICR_574,9,43312150,43312151,3,"1,2,3",1,1,1,,,cg13678462,CGdb - Multimapper,,,,
8738,9,43312148,43312374,ICR_574,9,43312153,43312154,3,"1,2,3",1,1,1,,,cg13678463,CGdb - Multimapper,,,,
8739,9,43312148,43312374,ICR_574,9,43312166,43312167,3,"1,2,3",1,1,1,,,cg13678464,CGdb - Multimapper,,,,
8740,9,43312148,43312374,ICR_574,9,43312187,43312188,3,"1,2,3",1,1,1,,,cg13678465,CGdb - Multimapper,,,,
8741,9,43312148,43312374,ICR_574,9,43312193,43312194,3,"1,2,3",1,1,1,,,cg13678466,CGdb - Multimapper,,,,
8742,9,43312148,43312374,ICR_574,9,43312196,43312197,3,"1,2,3",1,1,1,,,cg13678467,CGdb - Multimapper,,,,
8743,9,43312148,43312374,ICR_574,9,43312198,43312199,3,"1,2,3",1,1,1,,,cg13678468,CGdb - Multimapper,,,,
8744,9,43312148,43312374,ICR_574,9,43312212,43312213,2,"1,3",1,0,1,,,cg13678469,CGdb - Multimapper,,,,
8745,9,43312148,43312374,ICR_574,9,43312213,43312214,1,2,0,1,0,,,,CG - Submitted - discrepant Ref Genome,,,,
8746,9,43312148,43312374,ICR_574,9,43312218,43312219,3,"1,2,3",1,1,1,,,cg13678471,CGdb - Multimapper,,,,
8747,9,43312148,43312374,ICR_574,9,43312220,43312221,3,"1,2,3",1,1,1,,,cg13678472,CGdb - Multimapper,,,,
8748,9,43312148,43312374,ICR_574,9,43312234,43312235,3,"1,2,3",1,1,1,,,cg13678473,CGdb - Multimapper,,,,
8749,9,43312148,43312374,ICR_574,9,43312240,43312241,3,"1,2,3",1,1,1,,,cg13678474,CGdb - Multimapper,,,,
8750,9,43312148,43312374,ICR_574,9,43312259,43312260,3,"1,2,3",1,1,1,,,cg13678475,CGdb - Multimapper,,,,
8751,9,43312148,43312374,ICR_574,9,43312282,43312283,3,"1,2,3",1,1,1,,,cg13678476,CGdb - Multimapper,,,,
8752,9,43312148,43312374,ICR_574,9,43312288,43312289,3,"1,2,3",1,1,1,,,cg13678477,CGdb - Multimapper,,,,
8753,9,43312148,43312374,ICR_574,9,43312291,43312292,3,"1,2,3",1,1,1,,,cg13678478,CGdb - Multimapper,,,,
8754,9,43312148,43312374,ICR_574,9,43312320,43312321,3,"1,2,3",1,1,1,,,cg13678480,CGdb - Multimapper,,,,
8755,9,43312148,43312374,ICR_574,9,43312337,43312338,3,"1,2,3",1,1,1,,,cg13678481,CGdb - Multimapper,,,,
8756,9,43312148,43312374,ICR_574,9,43312339,43312340,3,"1,2,3",1,1,1,,,cg13678482,CGdb - Multimapper,,,,
8757,9,43312148,43312374,ICR_574,9,43312342,43312343,3,"1,2,3",1,1,1,,,cg13678483,CGdb - Multimapper,,,,
8758,9,43312148,43312374,ICR_574,9,43312366,43312367,2,"1,3",1,0,1,,,cg13678484,CGdb - Multimapper,,,,
8759,9,43312148,43312374,ICR_574,9,43312367,43312368,1,2,0,1,0,,,,CG - Submitted - discrepant Ref Genome,,,,
8760,9,43312148,43312374,ICR_574,9,43312372,43312373,2,"1,3",1,0,1,,,cg13678485,CGdb - Multimapper,,,,
8761,9,43312148,43312374,ICR_574,9,43312373,43312374,1,2,0,1,0,,,,CG - Submitted - discrepant Ref Genome,,,,
8775,9,62830466,62830683,ICR_576,9,62830483,62830484,3,"1,2,3",1,1,1,,,cg13661782,CGdb - Multimapper,,,,
8776,9,62830466,62830683,ICR_576,9,62830487,62830488,3,"1,2,3",1,1,1,,,cg13661783,CGdb - Multimapper,,,,
8777,9,62830466,62830683,ICR_576,9,62830494,62830495,3,"1,2,3",1,1,1,,,cg13661784,CGdb - Multimapper,,,,
8778,9,62830466,62830683,ICR_576,9,62830502,62830503,3,"1,2,3",1,1,1,,,cg13661785,CGdb - Multimapper,,,,
8783,9,62830466,62830683,ICR_576,9,62830682,62830683,3,"1,2,3",1,1,1,,,cg13698002,CGdb - Multimapper,,,,
8784,9,62833773,62833859,ICR_577,9,62833778,62833779,3,"1,2,3",1,1,1,,,cg13661871,CGdb - Multimapper,,,,
8785,9,62833773,62833859,ICR_577,9,62833794,62833795,3,"1,2,3",1,1,1,,,cg13661872,CGdb - Multimapper,,,,
8786,9,62833773,62833859,ICR_577,9,62833806,62833807,3,"1,2,3",1,1,1,,,cg13661873,CGdb - Multimapper,,,,
8787,9,62833773,62833859,ICR_577,9,62833820,62833821,3,"1,2,3",1,1,1,,,cg13661874,CGdb - Multimapper,,,,
8788,9,62833773,62833859,ICR_577,9,62833823,62833824,3,"1,2,3",1,1,1,,,cg13661875,CGdb - Multimapper,,,,
8789,9,62833773,62833859,ICR_577,9,62833838,62833839,3,"1,2,3",1,1,1,,,cg13661876,CGdb - Multimapper,,,,
8790,9,62833773,62833859,ICR_577,9,62833852,62833853,3,"1,2,3",1,1,1,,,cg13661877,CGdb - Multimapper,,,,
8791,9,62833773,62833859,ICR_577,9,62833858,62833859,3,"1,2,3",1,1,1,,,cg13661878,CGdb - Multimapper,,,,
8799,9,62844696,62844981,ICR_578,9,62844858,62844859,3,"1,2,3",1,1,1,,,cg13662096,CGdb - Multimapper,,,,
8800,9,62844696,62844981,ICR_578,9,62844887,62844888,3,"1,2,3",1,1,1,,,cg13662097,CGdb - Multimapper,,,,
8801,9,62844696,62844981,ICR_578,9,62844903,62844904,3,"1,2,3",1,1,1,,,cg13662098,CGdb - Multimapper,,,,
8802,9,62844696,62844981,ICR_578,9,62844908,62844909,3,"1,2,3",1,1,1,,,cg13662099,CGdb - Multimapper,,,,
8803,9,62844696,62844981,ICR_578,9,62844911,62844912,3,"1,2,3",1,1,1,,,cg13662100,CGdb - Multimapper,,,,
8809,9,62915277,62915432,ICR_579,9,62915283,62915284,3,"1,2,3",1,1,1,,,cg13649233,CGdb - Multimapper,,,,
8810,9,62915277,62915432,ICR_579,9,62915306,62915307,3,"1,2,3",1,1,1,,,cg13649232,CGdb - Multimapper,,,,
8811,9,62915277,62915432,ICR_579,9,62915311,62915312,3,"1,2,3",1,1,1,,,cg13649231,CGdb - Multimapper,,,,
8831,9,63758459,63759888,ICR_582,9,63758459,63758460,1,3,0,0,1,,,,CG - Submitted - discrepant Ref Genome,,,,
8833,9,63758459,63759888,ICR_582,9,63759178,63759179,3,"1,2,3",1,1,1,,,cg13701878,CGdb - Multimapper,,,,
8834,9,63758459,63759888,ICR_582,9,63759447,63759448,3,"1,2,3",1,1,1,,,cg13701879,CGdb - Multimapper,,,,
8846,9,63781885,63782006,ICR_583,9,63781977,63781978,3,"1,2,3",1,1,1,,,cg13698114,CGdb - Multimapper,,,,
8847,9,63781885,63782006,ICR_583,9,63782005,63782006,3,"1,2,3",1,1,1,,,cg13661969,CGdb - Multimapper,,,,
8848,9,63783945,63784110,ICR_584,9,63783957,63783958,3,"1,2,3",1,1,1,,,cg13661834,CGdb - Multimapper,,,,
8856,9,63783945,63784110,ICR_584,9,63784084,63784085,3,"1,2,3",1,1,1,,,cg13698024,CGdb - Multimapper,,,,
8857,9,63783945,63784110,ICR_584,9,63784106,63784107,3,"1,2,3",1,1,1,,,cg13698023,CGdb - Multimapper,,,,
8858,9,63783945,63784110,ICR_584,9,63784109,63784110,3,"1,2,3",1,1,1,,,cg13698022,CGdb - Multimapper,,,,
8877,9,63871753,63873362,ICR_588,9,63872352,63872353,3,"1,2,3",1,1,1,,,cg13659091,CGdb - Multimapper,,,,
8879,9,63871753,63873362,ICR_588,9,63873277,63873278,3,"1,2,3",1,1,1,,,,CG - Submitted - discrepant Ref Genome,,,,
8880,9,63871753,63873362,ICR_588,9,63873361,63873362,3,"1,2,3",1,1,1,,,cg13659089,CGdb - Multimapper,,,,
8881,9,63874323,63875499,ICR_589,9,63874503,63874504,3,"1,2,3",1,1,1,,,cg13659084,CGdb - Multimapper,,,,
8882,9,63874323,63875499,ICR_589,9,63874534,63874535,3,"1,2,3",1,1,1,,,cg13659083,CGdb - Multimapper,,,,
8939,9,65566060,65566418,ICR_593,9,65566402,65566403,3,"1,2,3",1,1,1,,,cg13664551,CGdb - Multimapper,,,,
8940,9,65566060,65566418,ICR_593,9,65566417,65566418,3,"1,2,3",1,1,1,,,cg13692931,CGdb - Multimapper,,,,
8941,9,66198551,66198816,ICR_594,9,66198571,66198572,3,"1,2,3",1,1,1,,,cg13674899,CGdb - Multimapper,,,,
8942,9,66198551,66198816,ICR_594,9,66198586,66198587,3,"1,2,3",1,1,1,,,cg13674898,CGdb - Multimapper,,,,
8943,9,66198551,66198816,ICR_594,9,66198591,66198592,3,"1,2,3",1,1,1,,,cg13674897,CGdb - Multimapper,,,,
8954,9,66198551,66198816,ICR_594,9,66198715,66198716,3,"1,2,3",1,1,1,,,cg13652166,CGdb - Multimapper,,,,
8957,9,66266929,66267052,ICR_595,9,66266931,66266932,3,"1,2,3",1,1,1,,,cg13651553,CGdb - Multimapper,,,,
8958,9,66266929,66267052,ICR_595,9,66266952,66266953,3,"1,2,3",1,1,1,,,cg13651552,CGdb - Multimapper,,,,
8965,9,66270138,66270217,ICR_596,9,66270144,66270145,3,"1,2,3",1,1,1,,,cg13662731,CGdb - Multimapper,,,,
8966,9,66270138,66270217,ICR_596,9,66270151,66270152,3,"1,2,3",1,1,1,,,cg13662732,CGdb - Multimapper,,,,
8967,9,66270138,66270217,ICR_596,9,66270158,66270159,3,"1,2,3",1,1,1,,,cg13662733,CGdb - Multimapper,,,,
8968,9,66270138,66270217,ICR_596,9,66270160,66270161,3,"1,2,3",1,1,1,,,cg13662734,CGdb - Multimapper,,,,
8969,9,66270138,66270217,ICR_596,9,66270213,66270214,3,"1,2,3",1,1,1,,,cg13662735,CGdb - Multimapper,,,,
8970,9,66270138,66270217,ICR_596,9,66270216,66270217,3,"1,2,3",1,1,1,,,cg13662736,CGdb - Multimapper,,,,
8971,9,67720383,67720553,ICR_597,9,67720431,67720432,3,"1,2,3",1,1,1,,,cg13694531,CGdb - Multimapper,,,,
8972,9,67720383,67720553,ICR_597,9,67720436,67720437,3,"1,2,3",1,1,1,,,cg13694530,CGdb - Multimapper,,,,
8973,9,67720383,67720553,ICR_597,9,67720438,67720439,3,"1,2,3",1,1,1,,,cg13694529,CGdb - Multimapper,,,,
8974,9,67720383,67720553,ICR_597,9,67720443,67720444,3,"1,2,3",1,1,1,,,cg13694528,CGdb - Multimapper,,,,
8975,9,67720383,67720553,ICR_597,9,67720463,67720464,3,"1,2,3",1,1,1,,,cg13694527,CGdb - Multimapper,,,,
8976,9,67720383,67720553,ICR_597,9,67720465,67720466,3,"1,2,3",1,1,1,,,cg13694526,CGdb - Multimapper,,,,
8977,9,67720383,67720553,ICR_597,9,67720470,67720471,3,"1,2,3",1,1,1,,,cg13694525,CGdb - Multimapper,,,,
8978,9,67720383,67720553,ICR_597,9,67720476,67720477,3,"1,2,3",1,1,1,,,cg13694524,CGdb - Multimapper,,,,
8979,9,67720383,67720553,ICR_597,9,67720503,67720504,3,"1,2,3",1,1,1,,,cg13694523,CGdb - Multimapper,,,,
8980,9,67720383,67720553,ICR_597,9,67720526,67720527,3,"1,2,3",1,1,1,,,cg13694522,CGdb - Multimapper,,,,
9013,9,85077205,85077528,ICR_599,9,85077521,85077522,3,"1,2,3",1,1,1,,,cg09021721,CGdb - Multimapper,,,,
9014,9,85077205,85077528,ICR_599,9,85077527,85077528,3,"1,2,3",1,1,1,,,cg09021722,CGdb - Multimapper,,,,
9067,9,95313103,95313511,ICR_603,9,95313454,95313455,1,3,0,0,1,,,,CG - Submitted - discrepant Ref Genome,,,,
9069,9,95313103,95313511,ICR_603,9,95313458,95313459,1,3,0,0,1,,,,CG - Submitted - discrepant Ref Genome,,,,
9071,9,95313103,95313511,ICR_603,9,95313510,95313511,1,3,0,0,1,,,,CG - Submitted - discrepant Ref Genome,,,,
9119,9,113062954,113063358,ICR_608,9,113062958,113062959,3,"1,2,3",1,1,1,,,cg14126540,CGdb - Multimapper,,,,
9133,9,113062954,113063358,ICR_608,9,113063244,113063245,3,"1,2,3",1,1,1,,,cg14126553,CGdb - Multimapper,,,,
9134,9,113062954,113063358,ICR_608,9,113063254,113063255,3,"1,2,3",1,1,1,,,cg14126554,CGdb - Multimapper,,,,
9135,9,113062954,113063358,ICR_608,9,113063256,113063257,3,"1,2,3",1,1,1,,,cg14126555,CGdb - Multimapper,,,,
9136,9,113062954,113063358,ICR_608,9,113063285,113063286,3,"1,2,3",1,1,1,,,cg14126556,CGdb - Multimapper,,,,
9355,9,138220832,138220984,ICR_629,9,138220832,138220833,1,3,0,0,1,,,,CG - Submitted - discrepant Ref Genome,,,,
9357,9,138220832,138220984,ICR_629,9,138220837,138220838,1,3,0,0,1,,,,CG - Submitted - discrepant Ref Genome,,,,
9359,9,138220832,138220984,ICR_629,9,138220841,138220842,1,3,0,0,1,,,,CG - Submitted - discrepant Ref Genome,,,,
9361,9,138220832,138220984,ICR_629,9,138220846,138220847,1,3,0,0,1,,,,CG - Submitted - discrepant Ref Genome,,,,
9370,9,138220832,138220984,ICR_629,9,138220964,138220965,3,"1,2,3",1,1,1,,,cg06072446,CGdb - Multimapper,,,,
9371,9,138220832,138220984,ICR_629,9,138220977,138220978,2,"1,3",1,0,1,,,cg06072447,CGdb - Multimapper,,,,
9372,9,138220832,138220984,ICR_629,9,138220978,138220979,1,2,0,1,0,,,,CG - Submitted - discrepant Ref Genome,,,,
9373,9,138220832,138220984,ICR_629,9,138220981,138220982,2,"1,3",1,0,1,,,cg06072448,CGdb - Multimapper,,,,
9374,9,138220832,138220984,ICR_629,9,138220982,138220983,1,2,0,1,0,,,,CG - Submitted - discrepant Ref Genome,,,,
9375,9,138220832,138220984,ICR_629,9,138220983,138220984,2,"1,3",1,0,1,,,cg06072449,CGdb - Multimapper,,,,
9597,10,38786641,38786908,ICR_647,10,38786641,38786642,1,3,0,0,1,,,,CG - Submitted - discrepant Ref Genome,,,,
9599,10,38786641,38786908,ICR_647,10,38786651,38786652,1,3,0,0,1,,,,CG - Submitted - discrepant Ref Genome,,,,
9601,10,38786641,38786908,ICR_647,10,38786666,38786667,2,"1,3",1,0,1,,,,CG - Submitted - discrepant Ref Genome,,,,
9602,10,38786641,38786908,ICR_647,10,38786681,38786682,3,"1,2,3",1,1,1,,,,CG - Submitted - discrepant Ref Genome,,,,
9605,10,38786641,38786908,ICR_647,10,38786737,38786738,2,"2,3",0,1,1,,,,CG - Submitted - discrepant Ref Genome,,,,
9608,10,38786641,38786908,ICR_647,10,38786801,38786802,2,"2,3",0,1,1,,,,CG - Submitted - discrepant Ref Genome,,,,
9610,10,38786641,38786908,ICR_647,10,38786907,38786908,3,"1,2,3",1,1,1,,,,CG - Submitted - discrepant Ref Genome,,,,
9611,10,38942427,38942486,ICR_648,10,38942427,38942428,1,1,1,0,0,,,,CG - Submitted - discrepant Ref Genome,,,,
9613,10,38942427,38942486,ICR_648,10,38942429,38942430,1,1,1,0,0,,,,CG - Submitted - discrepant Ref Genome,,,,
9615,10,38942427,38942486,ICR_648,10,38942441,38942442,1,1,1,0,0,,,,CG - Submitted - discrepant Ref Genome,,,,
9617,10,38942427,38942486,ICR_648,10,38942443,38942444,1,1,1,0,0,,,,CG - Submitted - discrepant Ref Genome,,,,
9619,10,38942427,38942486,ICR_648,10,38942449,38942450,1,1,1,0,0,,,,CG - Submitted - discrepant Ref Genome,,,,
9621,10,38942427,38942486,ICR_648,10,38942451,38942452,1,1,1,0,0,,,,CG - Submitted - discrepant Ref Genome,,,,
9623,10,38942427,38942486,ICR_648,10,38942478,38942479,1,1,1,0,0,,,,CG - Submitted - discrepant Ref Genome,,,,
9625,10,38942427,38942486,ICR_648,10,38942481,38942482,1,1,1,0,0,,,,CG - Submitted - discrepant Ref Genome,,,,
9627,10,38942427,38942486,ICR_648,10,38942484,38942485,1,1,1,0,0,,,,CG - Submitted - discrepant Ref Genome,,,,
9649,10,42118216,42121531,ICR_650,10,42119524,42119525,3,"1,2,3",1,1,1,,,cg01346597,CGdb - Multimapper,,,,
9654,10,42118216,42121531,ICR_650,10,42120566,42120567,3,"1,2,3",1,1,1,,,cg14963662,CGdb - Multimapper,,,,
9658,10,42118216,42121531,ICR_650,10,42121530,42121531,2,"2,3",0,1,1,,,,CG - Submitted - discrepant Ref Genome,,,,
9669,10,42151841,42153075,ICR_652,10,42152790,42152791,3,"1,2,3",1,1,1,,,cg11095497,CGdb - Multimapper,,,,
9672,10,42241615,42241757,ICR_653,10,42241621,42241622,3,"1,2,3",1,1,1,,,cg03141429,CGdb - Multimapper,,,,
9673,10,42241615,42241757,ICR_653,10,42241648,42241649,3,"1,2,3",1,1,1,,,cg14965272,CGdb - Multimapper,,,,
9712,10,45249637,45250053,ICR_657,10,45249954,45249955,1,1,1,0,0,,,,CG - Submitted - discrepant Ref Genome,,,,
9713,10,45249637,45250053,ICR_657,10,45249962,45249963,1,1,1,0,0,,,,CG - Submitted - discrepant Ref Genome,,,,
9791,10,68526085,68526595,ICR_663,10,68526438,68526439,3,"1,2,3",1,1,1,,,cg00891954,CGdb - Multimapper,,,,
9793,10,68526085,68526595,ICR_663,10,68526490,68526491,1,2,0,1,0,,,,CG - Submitted - discrepant Ref Genome,,,,
10165,10,132965246,132965501,ICR_692,10,132965246,132965247,2,"1,2",1,1,0,,,,CG - Submitted - discrepant Ref Genome,,,,
10166,10,132965246,132965501,ICR_692,10,132965263,132965264,3,"1,2,3",1,1,1,,,,CG - Submitted - discrepant Ref Genome,,,,
10168,10,132965246,132965501,ICR_692,10,132965282,132965283,2,"2,3",0,1,1,,,,CG - Submitted - discrepant Ref Genome,,,,
10170,10,132965246,132965501,ICR_692,10,132965296,132965297,2,"2,3",0,1,1,,,,CG - Submitted - discrepant Ref Genome,,,,
10172,10,132965246,132965501,ICR_692,10,132965315,132965316,2,"2,3",0,1,1,,,,CG - Submitted - discrepant Ref Genome,,,,
10174,10,132965246,132965501,ICR_692,10,132965329,132965330,2,"2,3",0,1,1,,,,CG - Submitted - discrepant Ref Genome,,,,
10175,10,132965246,132965501,ICR_692,10,132965347,132965348,1,1,1,0,0,,,cg15846989,CGdb - Multimapper,,,,
10176,10,132965246,132965501,ICR_692,10,132965348,132965349,2,"2,3",0,1,1,,,,CG - Submitted - discrepant Ref Genome,,,,
10177,10,132965246,132965501,ICR_692,10,132965350,132965351,1,1,1,0,0,,,cg15846990,CGdb - Multimapper,,,,
10178,10,132965246,132965501,ICR_692,10,132965351,132965352,2,"2,3",0,1,1,,,,CG - Submitted - discrepant Ref Genome,,,,
10179,10,132965246,132965501,ICR_692,10,132965364,132965365,3,"1,2,3",1,1,1,,,,CG - Submitted - discrepant Ref Genome,,,,
10181,10,132965246,132965501,ICR_692,10,132965381,132965382,1,2,0,1,0,,,,CG - Submitted - discrepant Ref Genome,,,,
10183,10,132965246,132965501,ICR_692,10,132965398,132965399,2,"1,2",1,1,0,,,,CG - Submitted - discrepant Ref Genome,,,,
10184,10,132965246,132965501,ICR_692,10,132965417,132965418,3,"1,2,3",1,1,1,,,,CG - Submitted - discrepant Ref Genome,,,,
10186,10,132965246,132965501,ICR_692,10,132965431,132965432,2,"2,3",0,1,1,,,,CG - Submitted - discrepant Ref Genome,,,,
10188,10,132965246,132965501,ICR_692,10,132965450,132965451,1,2,0,1,0,,,,CG - Submitted - discrepant Ref Genome,,,,
10190,10,132965246,132965501,ICR_692,10,132965453,132965454,1,2,0,1,0,,,,CG - Submitted - discrepant Ref Genome,,,,
10192,10,132965246,132965501,ICR_692,10,132965466,132965467,1,2,0,1,0,,,,CG - Submitted - discrepant Ref Genome,,,,
10193,10,132965246,132965501,ICR_692,10,132965483,132965484,3,"1,2,3",1,1,1,,,,CG - Submitted - discrepant Ref Genome,,,,
10194,10,132965246,132965501,ICR_692,10,132965500,132965501,3,"1,2,3",1,1,1,,,,CG - Submitted - discrepant Ref Genome,,,,
10214,10,133569810,133570081,ICR_695,10,133569810,133569811,1,2,0,1,0,,,,CG - Submitted - discrepant Ref Genome,,,,
10216,10,133569810,133570081,ICR_695,10,133569836,133569837,2,"2,3",0,1,1,,,,CG - Submitted - discrepant Ref Genome,,,,
10218,10,133569810,133570081,ICR_695,10,133569845,133569846,2,"2,3",0,1,1,,,,CG - Submitted - discrepant Ref Genome,,,,
10251,10,133666076,133666119,ICR_698,10,133666088,133666089,3,"1,2,3",1,1,1,,,cg07541709,CGdb - Multimapper,,,,
10252,10,133666076,133666119,ICR_698,10,133666095,133666096,3,"1,2,3",1,1,1,,,cg07541710,CGdb - Multimapper,,,,
10253,10,133666076,133666119,ICR_698,10,133666103,133666104,3,"1,2,3",1,1,1,,,cg07541711,CGdb - Multimapper,,,,
10254,10,133666076,133666119,ICR_698,10,133666106,133666107,3,"1,2,3",1,1,1,,,cg07541712,CGdb - Multimapper,,,,
10255,10,133666076,133666119,ICR_698,10,133666118,133666119,3,"1,2,3",1,1,1,,,cg07541713,CGdb - Multimapper,,,,
10256,10,133675112,133675277,ICR_699,10,133675116,133675117,3,"1,2,3",1,1,1,,,cg15865415,CGdb - Multimapper,,,,
10257,10,133675112,133675277,ICR_699,10,133675128,133675129,3,"1,2,3",1,1,1,,,cg15865416,CGdb - Multimapper,,,,
10258,10,133675112,133675277,ICR_699,10,133675137,133675138,3,"1,2,3",1,1,1,,,cg15865417,CGdb - Multimapper,,,,
10259,10,133675112,133675277,ICR_699,10,133675170,133675171,3,"1,2,3",1,1,1,,,cg15865418,CGdb - Multimapper,,,,
10260,10,133675112,133675277,ICR_699,10,133675190,133675191,3,"1,2,3",1,1,1,,,cg15865419,CGdb - Multimapper,,,,
10261,10,133675112,133675277,ICR_699,10,133675220,133675221,3,"1,2,3",1,1,1,,,cg15865420,CGdb - Multimapper,,,,
10262,10,133675112,133675277,ICR_699,10,133675235,133675236,3,"1,2,3",1,1,1,,,cg15865421,CGdb - Multimapper,,,,
10263,10,133675112,133675277,ICR_699,10,133675259,133675260,3,"1,2,3",1,1,1,,,cg07541625,CGdb - Multimapper,,,,
10264,10,133675112,133675277,ICR_699,10,133675268,133675269,3,"1,2,3",1,1,1,,,cg07541626,CGdb - Multimapper,,,,
10265,10,133675112,133675277,ICR_699,10,133675272,133675273,3,"1,2,3",1,1,1,,,cg07541627,CGdb - Multimapper,,,,
10266,10,133675112,133675277,ICR_699,10,133675274,133675275,3,"1,2,3",1,1,1,,,cg07541628,CGdb - Multimapper,,,,
10267,10,133675112,133675277,ICR_699,10,133675276,133675277,3,"1,2,3",1,1,1,,,cg07541629,CGdb - Multimapper,,,,
10268,10,133682103,133682144,ICR_700,10,133682107,133682108,3,"1,2,3",1,1,1,,,cg07541888,CGdb - Multimapper,,,,
10269,10,133682103,133682144,ICR_700,10,133682118,133682119,3,"1,2,3",1,1,1,,,cg07541889,CGdb - Multimapper,,,,
10270,10,133682103,133682144,ICR_700,10,133682124,133682125,3,"1,2,3",1,1,1,,,cg07541890,CGdb - Multimapper,,,,
10271,10,133682103,133682144,ICR_700,10,133682126,133682127,3,"1,2,3",1,1,1,,,cg07541891,CGdb - Multimapper,,,,
10272,10,133682103,133682144,ICR_700,10,133682132,133682133,3,"1,2,3",1,1,1,,,cg07541892,CGdb - Multimapper,,,,
10273,10,133682103,133682144,ICR_700,10,133682135,133682136,3,"1,2,3",1,1,1,,,cg07541893,CGdb - Multimapper,,,,
10274,10,133682103,133682144,ICR_700,10,133682139,133682140,3,"1,2,3",1,1,1,,,cg07541894,CGdb - Multimapper,,,,
10275,10,133682103,133682144,ICR_700,10,133682143,133682144,3,"1,2,3",1,1,1,,,cg07541895,CGdb - Multimapper,,,,
10276,10,133685048,133685212,ICR_701,10,133685056,133685057,2,"1,3",1,0,1,,,cg15865417,CGdb - Multimapper,,,,
10277,10,133685048,133685212,ICR_701,10,133685089,133685090,3,"1,2,3",1,1,1,,,cg15865418,CGdb - Multimapper,,,,
10278,10,133685048,133685212,ICR_701,10,133685109,133685110,3,"1,2,3",1,1,1,,,cg15865419,CGdb - Multimapper,,,,
10279,10,133685048,133685212,ICR_701,10,133685139,133685140,3,"1,2,3",1,1,1,,,cg15865420,CGdb - Multimapper,,,,
10280,10,133685048,133685212,ICR_701,10,133685154,133685155,3,"1,2,3",1,1,1,,,cg15865421,CGdb - Multimapper,,,,
10281,10,133685048,133685212,ICR_701,10,133685178,133685179,3,"1,2,3",1,1,1,,,cg07541625,CGdb - Multimapper,,,,
10282,10,133685048,133685212,ICR_701,10,133685187,133685188,3,"1,2,3",1,1,1,,,cg07541626,CGdb - Multimapper,,,,
10283,10,133685048,133685212,ICR_701,10,133685191,133685192,3,"1,2,3",1,1,1,,,cg07541627,CGdb - Multimapper,,,,
10284,10,133685048,133685212,ICR_701,10,133685193,133685194,3,"1,2,3",1,1,1,,,cg07541628,CGdb - Multimapper,,,,
10285,10,133685048,133685212,ICR_701,10,133685195,133685196,3,"1,2,3",1,1,1,,,cg07541629,CGdb - Multimapper,,,,
10286,10,133685048,133685212,ICR_701,10,133685203,133685204,3,"1,2,3",1,1,1,,,cg07541630,CGdb - Multimapper,,,,
10287,10,133685048,133685212,ICR_701,10,133685211,133685212,3,"1,2,3",1,1,1,,,cg07541631,CGdb - Multimapper,,,,
10289,10,133689257,133690164,ICR_702,10,133689641,133689642,3,"1,2,3",1,1,1,,,cg07542569,CGdb - Multimapper,,,,
10292,10,133740759,133740834,ICR_703,10,133740762,133740763,3,"1,2,3",1,1,1,,,cg07542511,CGdb - Multimapper,,,,
10293,10,133740759,133740834,ICR_703,10,133740767,133740768,3,"1,2,3",1,1,1,,,cg07540849,CGdb - Multimapper,,,,
10294,10,133740759,133740834,ICR_703,10,133740790,133740791,3,"1,2,3",1,1,1,,,cg07541838,CGdb - Multimapper,,,,
10295,10,133740759,133740834,ICR_703,10,133740800,133740801,3,"1,2,3",1,1,1,,,cg07541839,CGdb - Multimapper,,,,
10296,10,133740759,133740834,ICR_703,10,133740806,133740807,3,"1,2,3",1,1,1,,,cg07541840,CGdb - Multimapper,,,,
10297,10,133740759,133740834,ICR_703,10,133740817,133740818,3,"1,2,3",1,1,1,,,cg07541841,CGdb - Multimapper,,,,
10298,10,133740759,133740834,ICR_703,10,133740826,133740827,3,"1,2,3",1,1,1,,,cg07541566,CGdb - Multimapper,,,,
10299,10,133740759,133740834,ICR_703,10,133740833,133740834,3,"1,2,3",1,1,1,,,cg07541567,CGdb - Multimapper,,,,
10300,10,133743836,133743911,ICR_704,10,133743855,133743856,3,"1,2,3",1,1,1,,,cg07541981,CGdb - Multimapper,,,,
10301,10,133743836,133743911,ICR_704,10,133743862,133743863,3,"1,2,3",1,1,1,,,cg07541982,CGdb - Multimapper,,,,
10302,10,133743836,133743911,ICR_704,10,133743868,133743869,3,"1,2,3",1,1,1,,,cg07541983,CGdb - Multimapper,,,,
10303,10,133743836,133743911,ICR_704,10,133743877,133743878,3,"1,2,3",1,1,1,,,cg07541984,CGdb - Multimapper,,,,
10304,10,133743836,133743911,ICR_704,10,133743880,133743881,3,"1,2,3",1,1,1,,,cg07541985,CGdb - Multimapper,,,,
10305,10,133743836,133743911,ICR_704,10,133743882,133743883,3,"1,2,3",1,1,1,,,cg07541986,CGdb - Multimapper,,,,
10306,10,133743836,133743911,ICR_704,10,133743891,133743892,3,"1,2,3",1,1,1,,,cg07541987,CGdb - Multimapper,,,,
10307,10,133743836,133743911,ICR_704,10,133743901,133743902,3,"1,2,3",1,1,1,,,cg07540872,CGdb - Multimapper,,,,
10308,10,133743836,133743911,ICR_704,10,133743910,133743911,3,"1,2,3",1,1,1,,,cg07540871,CGdb - Multimapper,,,,
10309,10,133749234,133749385,ICR_705,10,133749244,133749245,3,"1,2,3",1,1,1,,,cg07541934,CGdb - Multimapper,,,,
10310,10,133749234,133749385,ICR_705,10,133749257,133749258,3,"1,2,3",1,1,1,,,cg07541935,CGdb - Multimapper,,,,
10311,10,133749234,133749385,ICR_705,10,133749260,133749261,3,"1,2,3",1,1,1,,,cg07541936,CGdb - Multimapper,,,,
10312,10,133749234,133749385,ICR_705,10,133749287,133749288,3,"1,2,3",1,1,1,,,cg07541751,CGdb - Multimapper,,,,
10313,10,133749234,133749385,ICR_705,10,133749302,133749303,3,"1,2,3",1,1,1,,,cg07541752,CGdb - Multimapper,,,,
10314,10,133749234,133749385,ICR_705,10,133749314,133749315,3,"1,2,3",1,1,1,,,cg07541753,CGdb - Multimapper,,,,
10315,10,133749234,133749385,ICR_705,10,133749325,133749326,3,"1,2,3",1,1,1,,,cg07541754,CGdb - Multimapper,,,,
10316,10,133749234,133749385,ICR_705,10,133749331,133749332,3,"1,2,3",1,1,1,,,cg07541755,CGdb - Multimapper,,,,
10317,10,133749234,133749385,ICR_705,10,133749337,133749338,3,"1,2,3",1,1,1,,,cg07541756,CGdb - Multimapper,,,,
10318,10,133749234,133749385,ICR_705,10,133749343,133749344,3,"1,2,3",1,1,1,,,cg07541757,CGdb - Multimapper,,,,
10319,10,133749234,133749385,ICR_705,10,133749348,133749349,3,"1,2,3",1,1,1,,,cg07541759,CGdb - Multimapper,,,,
10320,10,133749234,133749385,ICR_705,10,133749354,133749355,3,"1,2,3",1,1,1,,,cg07541760,CGdb - Multimapper,,,,
10321,10,133749234,133749385,ICR_705,10,133749357,133749358,3,"1,2,3",1,1,1,,,cg07541761,CGdb - Multimapper,,,,
10322,10,133749234,133749385,ICR_705,10,133749360,133749361,3,"1,2,3",1,1,1,,,cg07541762,CGdb - Multimapper,,,,
10323,10,133749234,133749385,ICR_705,10,133749384,133749385,3,"1,2,3",1,1,1,,,cg07541763,CGdb - Multimapper,,,,
10324,10,133750539,133750793,ICR_706,10,133750540,133750541,3,"1,2,3",1,1,1,,,cg07540869,CGdb - Multimapper,,,,
10325,10,133750539,133750793,ICR_706,10,133750568,133750569,3,"1,2,3",1,1,1,,,cg07540868,CGdb - Multimapper,,,,
10326,10,133750539,133750793,ICR_706,10,133750582,133750583,3,"1,2,3",1,1,1,,,cg07542499,CGdb - Multimapper,,,,
10327,10,133750539,133750793,ICR_706,10,133750589,133750590,3,"1,2,3",1,1,1,,,cg07542500,CGdb - Multimapper,,,,
10328,10,133750539,133750793,ICR_706,10,133750595,133750596,3,"1,2,3",1,1,1,,,cg07542501,CGdb - Multimapper,,,,
10329,10,133750539,133750793,ICR_706,10,133750597,133750598,3,"1,2,3",1,1,1,,,cg07541546,CGdb - Multimapper,,,,
10330,10,133750539,133750793,ICR_706,10,133750616,133750617,3,"1,2,3",1,1,1,,,cg07541547,CGdb - Multimapper,,,,
10331,10,133750539,133750793,ICR_706,10,133750618,133750619,3,"1,2,3",1,1,1,,,cg07541548,CGdb - Multimapper,,,,
10332,10,133750539,133750793,ICR_706,10,133750621,133750622,3,"1,2,3",1,1,1,,,cg07541549,CGdb - Multimapper,,,,
10333,10,133750539,133750793,ICR_706,10,133750648,133750649,3,"1,2,3",1,1,1,,,cg07542502,CGdb - Multimapper,,,,
10334,10,133750539,133750793,ICR_706,10,133750651,133750652,3,"1,2,3",1,1,1,,,cg07542503,CGdb - Multimapper,,,,
10335,10,133750539,133750793,ICR_706,10,133750653,133750654,3,"1,2,3",1,1,1,,,cg07542504,CGdb - Multimapper,,,,
10336,10,133750539,133750793,ICR_706,10,133750655,133750656,3,"1,2,3",1,1,1,,,cg07542505,CGdb - Multimapper,,,,
10337,10,133750539,133750793,ICR_706,10,133750664,133750665,3,"1,2,3",1,1,1,,,cg07542506,CGdb - Multimapper,,,,
10338,10,133750539,133750793,ICR_706,10,133750670,133750671,3,"1,2,3",1,1,1,,,cg07542507,CGdb - Multimapper,,,,
10339,10,133750539,133750793,ICR_706,10,133750673,133750674,3,"1,2,3",1,1,1,,,cg07542508,CGdb - Multimapper,,,,
10340,10,133750539,133750793,ICR_706,10,133750678,133750679,3,"1,2,3",1,1,1,,,cg07542509,CGdb - Multimapper,,,,
10341,10,133750539,133750793,ICR_706,10,133750687,133750688,3,"1,2,3",1,1,1,,,cg07542510,CGdb - Multimapper,,,,
10342,10,133750539,133750793,ICR_706,10,133750691,133750692,3,"1,2,3",1,1,1,,,cg07542511,CGdb - Multimapper,,,,
10343,10,133750539,133750793,ICR_706,10,133750696,133750697,3,"1,2,3",1,1,1,,,cg07540849,CGdb - Multimapper,,,,
10344,10,133750539,133750793,ICR_706,10,133750719,133750720,3,"1,2,3",1,1,1,,,cg07541838,CGdb - Multimapper,,,,
10345,10,133750539,133750793,ICR_706,10,133750729,133750730,3,"1,2,3",1,1,1,,,cg07541839,CGdb - Multimapper,,,,
10346,10,133750539,133750793,ICR_706,10,133750735,133750736,3,"1,2,3",1,1,1,,,cg07541840,CGdb - Multimapper,,,,
10347,10,133750539,133750793,ICR_706,10,133750746,133750747,3,"1,2,3",1,1,1,,,cg07541841,CGdb - Multimapper,,,,
10348,10,133750539,133750793,ICR_706,10,133750755,133750756,3,"1,2,3",1,1,1,,,cg07541566,CGdb - Multimapper,,,,
10349,10,133750539,133750793,ICR_706,10,133750762,133750763,3,"1,2,3",1,1,1,,,cg07541567,CGdb - Multimapper,,,,
10350,10,133750539,133750793,ICR_706,10,133750767,133750768,3,"1,2,3",1,1,1,,,cg07541568,CGdb - Multimapper,,,,
10351,10,133750539,133750793,ICR_706,10,133750769,133750770,3,"1,2,3",1,1,1,,,cg07541569,CGdb - Multimapper,,,,
10352,10,133750539,133750793,ICR_706,10,133750772,133750773,3,"1,2,3",1,1,1,,,cg07541570,CGdb - Multimapper,,,,
10353,10,133750539,133750793,ICR_706,10,133750780,133750781,3,"1,2,3",1,1,1,,,cg07541571,CGdb - Multimapper,,,,
10354,10,133750539,133750793,ICR_706,10,133750790,133750791,3,"1,2,3",1,1,1,,,cg07541572,CGdb - Multimapper,,,,
10355,10,133750539,133750793,ICR_706,10,133750792,133750793,3,"1,2,3",1,1,1,,,cg07541573,CGdb - Multimapper,,,,
10368,11,369961,370051,ICR_707,11,370016,370017,3,"1,2,3",1,1,1,,,,CGdb - Not found,,,,
10469,11,1997886,1999417,ICR_716,11,1997898,1997899,3,"1,2,3",1,1,1,,,cg15922305,CGdb - Multimapper,,,,
10470,11,1997886,1999417,ICR_716,11,1997912,1997913,3,"1,2,3",1,1,1,,,cg15919839,CGdb - Multimapper,,,,
10471,11,1997886,1999417,ICR_716,11,1997936,1997937,3,"1,2,3",1,1,1,,,cg25289899,CGdb - Multimapper,,,,
10472,11,1997886,1999417,ICR_716,11,1997946,1997947,3,"1,2,3",1,1,1,,,cg15919840,CGdb - Multimapper,,,,
10473,11,1997886,1999417,ICR_716,11,1997961,1997962,3,"1,2,3",1,1,1,,,cg15919841,CGdb - Multimapper,,,,
10474,11,1997886,1999417,ICR_716,11,1997983,1997984,3,"1,2,3",1,1,1,,,cg15919842,CGdb - Multimapper,,,,
10475,11,1997886,1999417,ICR_716,11,1998024,1998025,3,"1,2,3",1,1,1,,,cg15919843,CGdb - Multimapper,,,,
10476,11,1997886,1999417,ICR_716,11,1998033,1998034,3,"1,2,3",1,1,1,,,cg15919844,CGdb - Multimapper,,,,
10477,11,1997886,1999417,ICR_716,11,1998053,1998054,3,"1,2,3",1,1,1,,,cg15919845,CGdb - Multimapper,,,,
10478,11,1997886,1999417,ICR_716,11,1998166,1998167,3,"1,2,3",1,1,1,,,cg15919846,CGdb - Multimapper,,,,
10479,11,1997886,1999417,ICR_716,11,1998205,1998206,3,"1,2,3",1,1,1,,,cg09701145,CGdb - Multimapper,,,,
10480,11,1997886,1999417,ICR_716,11,1998221,1998222,3,"1,2,3",1,1,1,,,cg25437674,CGdb - Multimapper,,,,
10481,11,1997886,1999417,ICR_716,11,1998256,1998257,3,"1,2,3",1,1,1,,,cg15919847,CGdb - Multimapper,,,,
10482,11,1997886,1999417,ICR_716,11,1998270,1998271,3,"1,2,3",1,1,1,,,cg15919848,CGdb - Multimapper,,,,
10483,11,1997886,1999417,ICR_716,11,1998317,1998318,3,"1,2,3",1,1,1,,,cg15919850,CGdb - Multimapper,,,,
10484,11,1997886,1999417,ICR_716,11,1998335,1998336,3,"1,2,3",1,1,1,,,cg15919851,CGdb - Multimapper,,,,
10485,11,1997886,1999417,ICR_716,11,1998337,1998338,3,"1,2,3",1,1,1,,,cg17769238,CGdb - Multimapper,,,,
10486,11,1997886,1999417,ICR_716,11,1998356,1998357,3,"1,2,3",1,1,1,,,cg04975775,CGdb - Multimapper,,,,
10487,11,1997886,1999417,ICR_716,11,1998375,1998376,3,"1,2,3",1,1,1,,,cg15886040,CGdb - Multimapper,,,,
10488,11,1997886,1999417,ICR_716,11,1998393,1998394,3,"1,2,3",1,1,1,,,cg10154633,CGdb - Multimapper,,,,
10489,11,1997886,1999417,ICR_716,11,1998395,1998396,3,"1,2,3",1,1,1,,,cg26469586,CGdb - Multimapper,,,,
10490,11,1997886,1999417,ICR_716,11,1998402,1998403,3,"1,2,3",1,1,1,,,cg15919852,CGdb - Multimapper,,,,
10491,11,1997886,1999417,ICR_716,11,1998424,1998425,3,"1,2,3",1,1,1,,,cg24409677,CGdb - Multimapper,,,,
10492,11,1997886,1999417,ICR_716,11,1998436,1998437,3,"1,2,3",1,1,1,,,cg16303279,CGdb - Multimapper,,,,
10493,11,1997886,1999417,ICR_716,11,1998446,1998447,3,"1,2,3",1,1,1,,,cg15919853,CGdb - Multimapper,,,,
10494,11,1997886,1999417,ICR_716,11,1998448,1998449,3,"1,2,3",1,1,1,,,cg15919854,CGdb - Multimapper,,,,
10495,11,1997886,1999417,ICR_716,11,1998471,1998472,3,"1,2,3",1,1,1,,,cg15919855,CGdb - Multimapper,,,,
10496,11,1997886,1999417,ICR_716,11,1998481,1998482,3,"1,2,3",1,1,1,,,cg15919856,CGdb - Multimapper,,,,
10497,11,1997886,1999417,ICR_716,11,1998494,1998495,3,"1,2,3",1,1,1,,,cg15919858,CGdb - Multimapper,,,,
10498,11,1997886,1999417,ICR_716,11,1998499,1998500,3,"1,2,3",1,1,1,,,cg02694715,CGdb - Multimapper,,,,
10499,11,1997886,1999417,ICR_716,11,1998501,1998502,3,"1,2,3",1,1,1,,,cg11735853,CGdb - Multimapper,,,,
10500,11,1997886,1999417,ICR_716,11,1998505,1998506,3,"1,2,3",1,1,1,,,cg01977486,CGdb - Multimapper,,,,
10501,11,1997886,1999417,ICR_716,11,1998522,1998523,3,"1,2,3",1,1,1,,,cg15919859,CGdb - Multimapper,,,,
10502,11,1997886,1999417,ICR_716,11,1998529,1998530,3,"1,2,3",1,1,1,,,cg15919860,CGdb - Multimapper,,,,
10503,11,1997886,1999417,ICR_716,11,1998553,1998554,3,"1,2,3",1,1,1,,,cg15919861,CGdb - Multimapper,,,,
10504,11,1997886,1999417,ICR_716,11,1998555,1998556,3,"1,2,3",1,1,1,,,cg15919862,CGdb - Multimapper,,,,
10505,11,1997886,1999417,ICR_716,11,1998567,1998568,3,"1,2,3",1,1,1,,,cg25838645,CGdb - Multimapper,,,,
10506,11,1997886,1999417,ICR_716,11,1998592,1998593,3,"1,2,3",1,1,1,,,cg13581483,CGdb - Multimapper,,,,
10507,11,1997886,1999417,ICR_716,11,1998599,1998600,3,"1,2,3",1,1,1,,,cg15919863,CGdb - Multimapper,,,,
10508,11,1997886,1999417,ICR_716,11,1998617,1998618,3,"1,2,3",1,1,1,,,cg15919864,CGdb - Multimapper,,,,
10509,11,1997886,1999417,ICR_716,11,1998628,1998629,3,"1,2,3",1,1,1,,,cg04088212,CGdb - Multimapper,,,,
10510,11,1997886,1999417,ICR_716,11,1998631,1998632,3,"1,2,3",1,1,1,,,cg01539474,CGdb - Multimapper,,,,
10511,11,1997886,1999417,ICR_716,11,1998699,1998700,3,"1,2,3",1,1,1,,,cg18362496,CGdb - Multimapper,,,,
10512,11,1997886,1999417,ICR_716,11,1998712,1998713,3,"1,2,3",1,1,1,,,cg24605090,CGdb - Multimapper,,,,
10513,11,1997886,1999417,ICR_716,11,1998751,1998752,3,"1,2,3",1,1,1,,,cg15919865,CGdb - Multimapper,,,,
10514,11,1997886,1999417,ICR_716,11,1998797,1998798,3,"1,2,3",1,1,1,,,cg04817190,CGdb - Multimapper,,,,
10515,11,1997886,1999417,ICR_716,11,1998799,1998800,3,"1,2,3",1,1,1,,,cg06749854,CGdb - Multimapper,,,,
10516,11,1997886,1999417,ICR_716,11,1998805,1998806,3,"1,2,3",1,1,1,,,cg24510613,CGdb - Multimapper,,,,
10517,11,1997886,1999417,ICR_716,11,1998834,1998835,3,"1,2,3",1,1,1,,,cg15919866,CGdb - Multimapper,,,,
10518,11,1997886,1999417,ICR_716,11,1998870,1998871,3,"1,2,3",1,1,1,,,cg16675558,CGdb - Multimapper,,,,
10519,11,1997886,1999417,ICR_716,11,1998873,1998874,3,"1,2,3",1,1,1,,,cg03996735,CGdb - Multimapper,,,,
10520,11,1997886,1999417,ICR_716,11,1998883,1998884,3,"1,2,3",1,1,1,,,cg15919867,CGdb - Multimapper,,,,
10521,11,1997886,1999417,ICR_716,11,1998887,1998888,3,"1,2,3",1,1,1,,,cg18104242,CGdb - Multimapper,,,,
10522,11,1997886,1999417,ICR_716,11,1998898,1998899,3,"1,2,3",1,1,1,,,cg27300742,CGdb - Multimapper,,,,
10523,11,1997886,1999417,ICR_716,11,1999048,1999049,3,"1,2,3",1,1,1,,,cg25281616,CGdb - Multimapper,,,,
10524,11,1997886,1999417,ICR_716,11,1999055,1999056,3,"1,2,3",1,1,1,,,cg01895612,CGdb - Multimapper,,,,
10525,11,1997886,1999417,ICR_716,11,1999065,1999066,3,"1,2,3",1,1,1,,,cg23476401,CGdb - Multimapper,,,,
10526,11,1997886,1999417,ICR_716,11,1999083,1999084,3,"1,2,3",1,1,1,,,cg00237904,CGdb - Multimapper,,,,
10527,11,1997886,1999417,ICR_716,11,1999097,1999098,3,"1,2,3",1,1,1,,,cg15919868,CGdb - Multimapper,,,,
10528,11,1997886,1999417,ICR_716,11,1999160,1999161,3,"1,2,3",1,1,1,,,cg06765785,CGdb - Multimapper,,,,
10529,11,1997886,1999417,ICR_716,11,1999186,1999187,3,"1,2,3",1,1,1,,,cg25821896,CGdb - Multimapper,,,,
10530,11,1997886,1999417,ICR_716,11,1999203,1999204,3,"1,2,3",1,1,1,,,cg15919869,CGdb - Multimapper,,,,
10531,11,1997886,1999417,ICR_716,11,1999245,1999246,3,"1,2,3",1,1,1,,,cg15919871,CGdb - Multimapper,,,,
10532,11,1997886,1999417,ICR_716,11,1999249,1999250,3,"1,2,3",1,1,1,,,cg15919872,CGdb - Multimapper,,,,
10533,11,1997886,1999417,ICR_716,11,1999265,1999266,3,"1,2,3",1,1,1,,,cg25574978,CGdb - Multimapper,,,,
10534,11,1997886,1999417,ICR_716,11,1999273,1999274,3,"1,2,3",1,1,1,,,cg15919873,CGdb - Multimapper,,,,
10535,11,1997886,1999417,ICR_716,11,1999306,1999307,3,"1,2,3",1,1,1,,,cg18454954,CGdb - Multimapper,,,,
10536,11,1997886,1999417,ICR_716,11,1999318,1999319,3,"1,2,3",1,1,1,,,cg25579157,CGdb - Multimapper,,,,
10537,11,1997886,1999417,ICR_716,11,1999321,1999322,3,"1,2,3",1,1,1,,,cg15919874,CGdb - Multimapper,,,,
10538,11,1997886,1999417,ICR_716,11,1999325,1999326,3,"1,2,3",1,1,1,,,cg02886509,CGdb - Multimapper,,,,
10539,11,1997886,1999417,ICR_716,11,1999329,1999330,3,"1,2,3",1,1,1,,,cg02657360,CGdb - Multimapper,,,,
10540,11,1997886,1999417,ICR_716,11,1999345,1999346,3,"1,2,3",1,1,1,,,cg15919875,CGdb - Multimapper,,,,
10541,11,1997886,1999417,ICR_716,11,1999358,1999359,3,"1,2,3",1,1,1,,,cg15919876,CGdb - Multimapper,,,,
10542,11,1997886,1999417,ICR_716,11,1999366,1999367,3,"1,2,3",1,1,1,,,cg15919877,CGdb - Multimapper,,,,
10543,11,1997886,1999417,ICR_716,11,1999398,1999399,3,"1,2,3",1,1,1,,,cg15919878,CGdb - Multimapper,,,,
10544,11,1997886,1999417,ICR_716,11,1999403,1999404,3,"1,2,3",1,1,1,,,cg15919879,CGdb - Multimapper,,,,
10545,11,1997886,1999417,ICR_716,11,1999416,1999417,3,"1,2,3",1,1,1,,,cg15919880,CGdb - Multimapper,,,,
10546,11,1999793,2000383,ICR_717,11,1999800,1999801,3,"1,2,3",1,1,1,,,cg15919888,CGdb - Multimapper,,,,
10547,11,1999793,2000383,ICR_717,11,1999819,1999820,3,"1,2,3",1,1,1,,,cg15919889,CGdb - Multimapper,,,,
10548,11,1999793,2000383,ICR_717,11,1999837,1999838,3,"1,2,3",1,1,1,,,cg15919890,CGdb - Multimapper,,,,
10549,11,1999793,2000383,ICR_717,11,1999872,1999873,3,"1,2,3",1,1,1,,,cg27372170,CGdb - Multimapper,,,,
10550,11,1999793,2000383,ICR_717,11,1999883,1999884,3,"1,2,3",1,1,1,,,cg15919891,CGdb - Multimapper,,,,
10551,11,1999793,2000383,ICR_717,11,1999886,1999887,3,"1,2,3",1,1,1,,,cg15919892,CGdb - Multimapper,,,,
10552,11,1999793,2000383,ICR_717,11,1999888,1999889,3,"1,2,3",1,1,1,,,cg15919893,CGdb - Multimapper,,,,
10553,11,1999793,2000383,ICR_717,11,1999904,1999905,3,"1,2,3",1,1,1,,,cg15919894,CGdb - Multimapper,,,,
10554,11,1999793,2000383,ICR_717,11,1999909,1999910,3,"1,2,3",1,1,1,,,cg15919895,CGdb - Multimapper,,,,
10555,11,1999793,2000383,ICR_717,11,1999917,1999918,3,"1,2,3",1,1,1,,,cg15919896,CGdb - Multimapper,,,,
10556,11,1999793,2000383,ICR_717,11,1999921,1999922,3,"1,2,3",1,1,1,,,cg15919897,CGdb - Multimapper,,,,
10557,11,1999793,2000383,ICR_717,11,1999937,1999938,3,"1,2,3",1,1,1,,,cg15919898,CGdb - Multimapper,,,,
10558,11,1999793,2000383,ICR_717,11,1999943,1999944,3,"1,2,3",1,1,1,,,cg15919899,CGdb - Multimapper,,,,
10559,11,1999793,2000383,ICR_717,11,1999971,1999972,3,"1,2,3",1,1,1,,,cg15919900,CGdb - Multimapper,,,,
10560,11,1999793,2000383,ICR_717,11,1999974,1999975,3,"1,2,3",1,1,1,,,cg15919901,CGdb - Multimapper,,,,
10561,11,1999793,2000383,ICR_717,11,1999976,1999977,3,"1,2,3",1,1,1,,,cg15919902,CGdb - Multimapper,,,,
10562,11,1999793,2000383,ICR_717,11,1999978,1999979,3,"1,2,3",1,1,1,,,cg15919903,CGdb - Multimapper,,,,
10563,11,1999793,2000383,ICR_717,11,1999988,1999989,3,"1,2,3",1,1,1,,,cg15919904,CGdb - Multimapper,,,,
10564,11,1999793,2000383,ICR_717,11,2000012,2000013,3,"1,2,3",1,1,1,,,cg22259242,CGdb - Multimapper,,,,
10565,11,1999793,2000383,ICR_717,11,2000025,2000026,3,"1,2,3",1,1,1,,,cg15919905,CGdb - Multimapper,,,,
10566,11,1999793,2000383,ICR_717,11,2000034,2000035,3,"1,2,3",1,1,1,,,cg15919906,CGdb - Multimapper,,,,
10567,11,1999793,2000383,ICR_717,11,2000080,2000081,3,"1,2,3",1,1,1,,,cg15919907,CGdb - Multimapper,,,,
10568,11,1999793,2000383,ICR_717,11,2000107,2000108,3,"1,2,3",1,1,1,,,cg15919908,CGdb - Multimapper,,,,
10569,11,1999793,2000383,ICR_717,11,2000130,2000131,3,"1,2,3",1,1,1,,,cg15919909,CGdb - Multimapper,,,,
10570,11,1999793,2000383,ICR_717,11,2000232,2000233,3,"1,2,3",1,1,1,,,cg15919910,CGdb - Multimapper,,,,
10571,11,1999793,2000383,ICR_717,11,2000239,2000240,3,"1,2,3",1,1,1,,,cg15919911,CGdb - Multimapper,,,,
10572,11,1999793,2000383,ICR_717,11,2000271,2000272,3,"1,2,3",1,1,1,,,cg15919912,CGdb - Multimapper,,,,
10573,11,1999793,2000383,ICR_717,11,2000292,2000293,3,"1,2,3",1,1,1,,,cg15919913,CGdb - Multimapper,,,,
10574,11,1999793,2000383,ICR_717,11,2000296,2000297,3,"1,2,3",1,1,1,,,cg15919914,CGdb - Multimapper,,,,
10575,11,1999793,2000383,ICR_717,11,2000323,2000324,3,"1,2,3",1,1,1,,,cg15919915,CGdb - Multimapper,,,,
10576,11,1999793,2000383,ICR_717,11,2000327,2000328,3,"1,2,3",1,1,1,,,cg15919916,CGdb - Multimapper,,,,
10577,11,1999793,2000383,ICR_717,11,2000343,2000344,3,"1,2,3",1,1,1,,,cg15919917,CGdb - Multimapper,,,,
10578,11,1999793,2000383,ICR_717,11,2000377,2000378,3,"1,2,3",1,1,1,,,cg15919918,CGdb - Multimapper,,,,
10579,11,1999793,2000383,ICR_717,11,2000380,2000381,3,"1,2,3",1,1,1,,,cg15919919,CGdb - Multimapper,,,,
10580,11,1999793,2000383,ICR_717,11,2000382,2000383,3,"1,2,3",1,1,1,,,cg15919920,CGdb - Multimapper,,,,
10581,11,2000487,2001247,ICR_718,11,2000645,2000646,3,"1,2,3",1,1,1,,,cg15919925,CGdb - Multimapper,,,,
10582,11,2000487,2001247,ICR_718,11,2000684,2000685,3,"1,2,3",1,1,1,,,cg01585333,CGdb - Multimapper,,,,
10583,11,2000487,2001247,ICR_718,11,2000695,2000696,3,"1,2,3",1,1,1,,,cg15919926,CGdb - Multimapper,,,,
10584,11,2000487,2001247,ICR_718,11,2000698,2000699,3,"1,2,3",1,1,1,,,cg15919927,CGdb - Multimapper,,,,
10585,11,2000487,2001247,ICR_718,11,2000709,2000710,3,"1,2,3",1,1,1,,,cg15919928,CGdb - Multimapper,,,,
10586,11,2000487,2001247,ICR_718,11,2000716,2000717,3,"1,2,3",1,1,1,,,cg15919930,CGdb - Multimapper,,,,
10587,11,2000487,2001247,ICR_718,11,2000721,2000722,3,"1,2,3",1,1,1,,,cg15919931,CGdb - Multimapper,,,,
10588,11,2000487,2001247,ICR_718,11,2000727,2000728,3,"1,2,3",1,1,1,,,cg15919932,CGdb - Multimapper,,,,
10589,11,2000487,2001247,ICR_718,11,2000729,2000730,3,"1,2,3",1,1,1,,,cg15919933,CGdb - Multimapper,,,,
10590,11,2000487,2001247,ICR_718,11,2000733,2000734,3,"1,2,3",1,1,1,,,cg15919934,CGdb - Multimapper,,,,
10591,11,2000487,2001247,ICR_718,11,2000749,2000750,3,"1,2,3",1,1,1,,,cg15919935,CGdb - Multimapper,,,,
10592,11,2000487,2001247,ICR_718,11,2000755,2000756,3,"1,2,3",1,1,1,,,cg15919936,CGdb - Multimapper,,,,
10593,11,2000487,2001247,ICR_718,11,2000783,2000784,3,"1,2,3",1,1,1,,,cg15919937,CGdb - Multimapper,,,,
10594,11,2000487,2001247,ICR_718,11,2000788,2000789,3,"1,2,3",1,1,1,,,cg15919938,CGdb - Multimapper,,,,
10595,11,2000487,2001247,ICR_718,11,2000790,2000791,3,"1,2,3",1,1,1,,,cg06982169,CGdb - Multimapper,,,,
10596,11,2000487,2001247,ICR_718,11,2000800,2000801,3,"1,2,3",1,1,1,,,cg15919939,CGdb - Multimapper,,,,
10597,11,2000487,2001247,ICR_718,11,2000833,2000834,3,"1,2,3",1,1,1,,,cg15919940,CGdb - Multimapper,,,,
10598,11,2000487,2001247,ICR_718,11,2000934,2000935,3,"1,2,3",1,1,1,,,cg15919941,CGdb - Multimapper,,,,
10599,11,2000487,2001247,ICR_718,11,2000943,2000944,3,"1,2,3",1,1,1,,,cg15919942,CGdb - Multimapper,,,,
10600,11,2000487,2001247,ICR_718,11,2001045,2001046,3,"1,2,3",1,1,1,,,cg15919943,CGdb - Multimapper,,,,
10601,11,2000487,2001247,ICR_718,11,2001052,2001053,3,"1,2,3",1,1,1,,,cg15919944,CGdb - Multimapper,,,,
10602,11,2000487,2001247,ICR_718,11,2001062,2001063,3,"1,2,3",1,1,1,,,cg17697365,CGdb - Multimapper,,,,
10603,11,2000487,2001247,ICR_718,11,2001081,2001082,3,"1,2,3",1,1,1,,,cg15919945,CGdb - Multimapper,,,,
10604,11,2000487,2001247,ICR_718,11,2001091,2001092,3,"1,2,3",1,1,1,,,cg15919946,CGdb - Multimapper,,,,
10605,11,2000487,2001247,ICR_718,11,2001093,2001094,3,"1,2,3",1,1,1,,,cg16574793,CGdb - Multimapper,,,,
10606,11,2000487,2001247,ICR_718,11,2001103,2001104,3,"1,2,3",1,1,1,,,cg15919947,CGdb - Multimapper,,,,
10607,11,2000487,2001247,ICR_718,11,2001123,2001124,3,"1,2,3",1,1,1,,,cg15919948,CGdb - Multimapper,,,,
10608,11,2000487,2001247,ICR_718,11,2001155,2001156,3,"1,2,3",1,1,1,,,cg09452478,CGdb - Multimapper,,,,
10609,11,2000487,2001247,ICR_718,11,2001161,2001162,3,"1,2,3",1,1,1,,,cg15919949,CGdb - Multimapper,,,,
10610,11,2000487,2001247,ICR_718,11,2001171,2001172,3,"1,2,3",1,1,1,,,cg15919950,CGdb - Multimapper,,,,
10611,11,2000487,2001247,ICR_718,11,2001194,2001195,3,"1,2,3",1,1,1,,,cg15919951,CGdb - Multimapper,,,,
10612,11,2000487,2001247,ICR_718,11,2001230,2001231,3,"1,2,3",1,1,1,,,cg15919952,CGdb - Multimapper,,,,
10613,11,2000487,2001247,ICR_718,11,2001246,2001247,3,"1,2,3",1,1,1,,,cg15919953,CGdb - Multimapper,,,,
10614,11,2001655,2003118,ICR_719,11,2001667,2001668,3,"1,2,3",1,1,1,,,cg15919959,CGdb - Multimapper,,,,
10615,11,2001655,2003118,ICR_719,11,2001669,2001670,3,"1,2,3",1,1,1,,,cg15919960,CGdb - Multimapper,,,,
10616,11,2001655,2003118,ICR_719,11,2001890,2001891,3,"1,2,3",1,1,1,,,cg15919961,CGdb - Multimapper,,,,
10617,11,2001655,2003118,ICR_719,11,2001914,2001915,3,"1,2,3",1,1,1,,,cg15919962,CGdb - Multimapper,,,,
10618,11,2001655,2003118,ICR_719,11,2001958,2001959,3,"1,2,3",1,1,1,,,cg15919963,CGdb - Multimapper,,,,
10619,11,2001655,2003118,ICR_719,11,2001979,2001980,3,"1,2,3",1,1,1,,,cg15919964,CGdb - Multimapper,,,,
10620,11,2001655,2003118,ICR_719,11,2001981,2001982,3,"1,2,3",1,1,1,,,cg15919965,CGdb - Multimapper,,,,
10621,11,2001655,2003118,ICR_719,11,2001989,2001990,3,"1,2,3",1,1,1,,,cg15919966,CGdb - Multimapper,,,,
10622,11,2001655,2003118,ICR_719,11,2002045,2002046,3,"1,2,3",1,1,1,,,cg15919967,CGdb - Multimapper,,,,
10623,11,2001655,2003118,ICR_719,11,2002047,2002048,3,"1,2,3",1,1,1,,,cg15919968,CGdb - Multimapper,,,,
10624,11,2001655,2003118,ICR_719,11,2002051,2002052,3,"1,2,3",1,1,1,,,cg15919969,CGdb - Multimapper,,,,
10625,11,2001655,2003118,ICR_719,11,2002064,2002065,3,"1,2,3",1,1,1,,,cg15919970,CGdb - Multimapper,,,,
10626,11,2001655,2003118,ICR_719,11,2002069,2002070,3,"1,2,3",1,1,1,,,cg15919971,CGdb - Multimapper,,,,
10627,11,2001655,2003118,ICR_719,11,2002075,2002076,3,"1,2,3",1,1,1,,,cg15919972,CGdb - Multimapper,,,,
10628,11,2001655,2003118,ICR_719,11,2002095,2002096,3,"1,2,3",1,1,1,,,cg15919973,CGdb - Multimapper,,,,
10629,11,2001655,2003118,ICR_719,11,2002117,2002118,3,"1,2,3",1,1,1,,,cg15919974,CGdb - Multimapper,,,,
10630,11,2001655,2003118,ICR_719,11,2002128,2002129,3,"1,2,3",1,1,1,,,cg15919975,CGdb - Multimapper,,,,
10631,11,2001655,2003118,ICR_719,11,2002154,2002155,3,"1,2,3",1,1,1,,,cg15919976,CGdb - Multimapper,,,,
10632,11,2001655,2003118,ICR_719,11,2002160,2002161,3,"1,2,3",1,1,1,,,cg15919977,CGdb - Multimapper,,,,
10633,11,2001655,2003118,ICR_719,11,2002162,2002163,3,"1,2,3",1,1,1,,,cg15919979,CGdb - Multimapper,,,,
10634,11,2001655,2003118,ICR_719,11,2002166,2002167,3,"1,2,3",1,1,1,,,cg15919980,CGdb - Multimapper,,,,
10635,11,2001655,2003118,ICR_719,11,2002216,2002217,3,"1,2,3",1,1,1,,,cg15919981,CGdb - Multimapper,,,,
10636,11,2001655,2003118,ICR_719,11,2002219,2002220,3,"1,2,3",1,1,1,,,cg02864690,CGdb - Multimapper,,,,
10637,11,2001655,2003118,ICR_719,11,2002221,2002222,3,"1,2,3",1,1,1,,,cg15919982,CGdb - Multimapper,,,,
10638,11,2001655,2003118,ICR_719,11,2002223,2002224,3,"1,2,3",1,1,1,,,cg15919983,CGdb - Multimapper,,,,
10639,11,2001655,2003118,ICR_719,11,2002251,2002252,3,"1,2,3",1,1,1,,,cg15919984,CGdb - Multimapper,,,,
10640,11,2001655,2003118,ICR_719,11,2002266,2002267,3,"1,2,3",1,1,1,,,cg15919985,CGdb - Multimapper,,,,
10641,11,2001655,2003118,ICR_719,11,2002290,2002291,3,"1,2,3",1,1,1,,,cg15919986,CGdb - Multimapper,,,,
10642,11,2001655,2003118,ICR_719,11,2002313,2002314,3,"1,2,3",1,1,1,,,cg15919987,CGdb - Multimapper,,,,
10643,11,2001655,2003118,ICR_719,11,2002366,2002367,3,"1,2,3",1,1,1,,,cg15919988,CGdb - Multimapper,,,,
10644,11,2001655,2003118,ICR_719,11,2002375,2002376,3,"1,2,3",1,1,1,,,cg15919989,CGdb - Multimapper,,,,
10645,11,2001655,2003118,ICR_719,11,2002472,2002473,3,"1,2,3",1,1,1,,,cg15919990,CGdb - Multimapper,,,,
10646,11,2001655,2003118,ICR_719,11,2002518,2002519,3,"1,2,3",1,1,1,,,cg15919991,CGdb - Multimapper,,,,
10647,11,2001655,2003118,ICR_719,11,2002529,2002530,3,"1,2,3",1,1,1,,,cg15919992,CGdb - Multimapper,,,,
10648,11,2001655,2003118,ICR_719,11,2002543,2002544,3,"1,2,3",1,1,1,,,cg15919993,CGdb - Multimapper,,,,
10649,11,2001655,2003118,ICR_719,11,2002550,2002551,3,"1,2,3",1,1,1,,,cg15919995,CGdb - Multimapper,,,,
10650,11,2001655,2003118,ICR_719,11,2002555,2002556,3,"1,2,3",1,1,1,,,cg15919996,CGdb - Multimapper,,,,
10651,11,2001655,2003118,ICR_719,11,2002561,2002562,3,"1,2,3",1,1,1,,,cg15919997,CGdb - Multimapper,,,,
10652,11,2001655,2003118,ICR_719,11,2002563,2002564,3,"1,2,3",1,1,1,,,cg15919998,CGdb - Multimapper,,,,
10653,11,2001655,2003118,ICR_719,11,2002583,2002584,3,"1,2,3",1,1,1,,,cg15919999,CGdb - Multimapper,,,,
10654,11,2001655,2003118,ICR_719,11,2002617,2002618,3,"1,2,3",1,1,1,,,cg15920000,CGdb - Multimapper,,,,
10655,11,2001655,2003118,ICR_719,11,2002620,2002621,3,"1,2,3",1,1,1,,,cg15920001,CGdb - Multimapper,,,,
10656,11,2001655,2003118,ICR_719,11,2002622,2002623,3,"1,2,3",1,1,1,,,cg15920002,CGdb - Multimapper,,,,
10657,11,2001655,2003118,ICR_719,11,2002624,2002625,3,"1,2,3",1,1,1,,,cg15920003,CGdb - Multimapper,,,,
10658,11,2001655,2003118,ICR_719,11,2002634,2002635,3,"1,2,3",1,1,1,,,cg20891060,CGdb - Multimapper,,,,
10659,11,2001655,2003118,ICR_719,11,2002652,2002653,3,"1,2,3",1,1,1,,,cg15920004,CGdb - Multimapper,,,,
10660,11,2001655,2003118,ICR_719,11,2002666,2002667,3,"1,2,3",1,1,1,,,cg15920005,CGdb - Multimapper,,,,
10661,11,2001655,2003118,ICR_719,11,2002671,2002672,3,"1,2,3",1,1,1,,,cg15920006,CGdb - Multimapper,,,,
10662,11,2001655,2003118,ICR_719,11,2002680,2002681,3,"1,2,3",1,1,1,,,cg15920007,CGdb - Multimapper,,,,
10663,11,2001655,2003118,ICR_719,11,2002767,2002768,3,"1,2,3",1,1,1,,,cg15920008,CGdb - Multimapper,,,,
10664,11,2001655,2003118,ICR_719,11,2002776,2002777,3,"1,2,3",1,1,1,,,cg15920009,CGdb - Multimapper,,,,
10665,11,2001655,2003118,ICR_719,11,2002885,2002886,3,"1,2,3",1,1,1,,,cg15920010,CGdb - Multimapper,,,,
10666,11,2001655,2003118,ICR_719,11,2002895,2002896,3,"1,2,3",1,1,1,,,cg19024989,CGdb - Multimapper,,,,
10667,11,2001655,2003118,ICR_719,11,2002923,2002924,3,"1,2,3",1,1,1,,,cg15920011,CGdb - Multimapper,,,,
10668,11,2001655,2003118,ICR_719,11,2002935,2002936,3,"1,2,3",1,1,1,,,cg15920012,CGdb - Multimapper,,,,
10669,11,2001655,2003118,ICR_719,11,2002961,2002962,3,"1,2,3",1,1,1,,,cg15920013,CGdb - Multimapper,,,,
10670,11,2001655,2003118,ICR_719,11,2002988,2002989,3,"1,2,3",1,1,1,,,cg15920014,CGdb - Multimapper,,,,
10671,11,2001655,2003118,ICR_719,11,2002994,2002995,3,"1,2,3",1,1,1,,,cg15920015,CGdb - Multimapper,,,,
10672,11,2001655,2003118,ICR_719,11,2003022,2003023,3,"1,2,3",1,1,1,,,cg15920016,CGdb - Multimapper,,,,
10673,11,2001655,2003118,ICR_719,11,2003025,2003026,3,"1,2,3",1,1,1,,,cg15920018,CGdb - Multimapper,,,,
10674,11,2001655,2003118,ICR_719,11,2003027,2003028,3,"1,2,3",1,1,1,,,cg15920019,CGdb - Multimapper,,,,
10675,11,2001655,2003118,ICR_719,11,2003029,2003030,3,"1,2,3",1,1,1,,,cg15920020,CGdb - Multimapper,,,,
10676,11,2001655,2003118,ICR_719,11,2003049,2003050,3,"1,2,3",1,1,1,,,cg15920021,CGdb - Multimapper,,,,
10677,11,2001655,2003118,ICR_719,11,2003057,2003058,3,"1,2,3",1,1,1,,,cg15920022,CGdb - Multimapper,,,,
10678,11,2001655,2003118,ICR_719,11,2003065,2003066,3,"1,2,3",1,1,1,,,cg15920023,CGdb - Multimapper,,,,
10679,11,2001655,2003118,ICR_719,11,2003084,2003085,3,"1,2,3",1,1,1,,,cg15920024,CGdb - Multimapper,,,,
10680,11,2001655,2003118,ICR_719,11,2003117,2003118,3,"1,2,3",1,1,1,,,cg15920025,CGdb - Multimapper,,,,
10934,11,49050003,49050137,ICR_731,11,49050005,49050006,3,"1,2,3",1,1,1,,,cg16319650,CGdb - Multimapper,,,,
10935,11,49050003,49050137,ICR_731,11,49050010,49050011,3,"1,2,3",1,1,1,,,cg16319651,CGdb - Multimapper,,,,
10937,11,49050003,49050137,ICR_731,11,49050059,49050060,3,"1,2,3",1,1,1,,,,CG - Submitted - discrepant Ref Genome,,,,
10938,11,49050003,49050137,ICR_731,11,49050069,49050070,3,"1,2,3",1,1,1,,,,CG - Submitted - discrepant Ref Genome,,,,
10940,11,49050003,49050137,ICR_731,11,49050076,49050077,2,"1,2",1,1,0,,,,CG - Submitted - discrepant Ref Genome,,,,
10942,11,49050003,49050137,ICR_731,11,49050078,49050079,2,"1,2",1,1,0,,,,CG - Submitted - discrepant Ref Genome,,,,
10979,11,55580528,55582100,ICR_733,11,55582099,55582100,3,"1,2,3",1,1,1,,,cg03441783,CGdb - Multimapper,,,,
11116,11,96410805,96411284,ICR_745,11,96410938,96410939,3,"1,2,3",1,1,1,,,cg16788210,CGdb - Multimapper,,,,
11117,11,96410805,96411284,ICR_745,11,96410980,96410981,3,"1,2,3",1,1,1,,,cg00825171,CGdb - Multimapper,,,,
11119,11,96410805,96411284,ICR_745,11,96411161,96411162,3,"1,2,3",1,1,1,,,cg05171863,CGdb - Multimapper,,,,
11146,11,110209077,110209353,ICR_747,11,110209259,110209260,3,"1,2,3",1,1,1,,,cg16879178,CGdb - Multimapper,,,,
11150,11,110209077,110209353,ICR_747,11,110209292,110209293,3,"1,2,3",1,1,1,,,cg16879182,CGdb - Multimapper,,,,
11151,11,110209077,110209353,ICR_747,11,110209295,110209296,3,"1,2,3",1,1,1,,,cg16879183,CGdb - Multimapper,,,,
11152,11,110209077,110209353,ICR_747,11,110209302,110209303,3,"1,2,3",1,1,1,,,cg16879184,CGdb - Multimapper,,,,
11168,11,118721380,118721604,ICR_749,11,118721405,118721406,3,"1,2,3",1,1,1,,,cg16963300,CGdb - Multimapper,,,,
11169,11,118721380,118721604,ICR_749,11,118721432,118721433,3,"1,2,3",1,1,1,,,cg16963301,CGdb - Multimapper,,,,
11170,11,118721380,118721604,ICR_749,11,118721440,118721441,3,"1,2,3",1,1,1,,,cg16963302,CGdb - Multimapper,,,,
11171,11,118721380,118721604,ICR_749,11,118721452,118721453,3,"1,2,3",1,1,1,,,cg16963303,CGdb - Multimapper,,,,
11172,11,118721380,118721604,ICR_749,11,118721475,118721476,3,"1,2,3",1,1,1,,,cg16963304,CGdb - Multimapper,,,,
11176,11,118721380,118721604,ICR_749,11,118721582,118721583,2,"2,3",0,1,1,,,,CG - Submitted - discrepant Ref Genome,,,,
11804,12,118106392,118106759,ICR_798,12,118106502,118106503,3,"1,2,3",1,1,1,,,cg13320415,CGdb - Multimapper,,,,
11805,12,118106392,118106759,ICR_798,12,118106514,118106515,3,"1,2,3",1,1,1,,,cg18175972,CGdb - Multimapper,,,,
11806,12,118106392,118106759,ICR_798,12,118106522,118106523,3,"1,2,3",1,1,1,,,cg18175973,CGdb - Multimapper,,,,
11807,12,118106392,118106759,ICR_798,12,118106550,118106551,3,"1,2,3",1,1,1,,,cg18175974,CGdb - Multimapper,,,,
11808,12,118106392,118106759,ICR_798,12,118106576,118106577,3,"1,2,3",1,1,1,,,cg13291246,CGdb - Multimapper,,,,
11810,12,118106392,118106759,ICR_798,12,118106744,118106745,3,"1,2,3",1,1,1,,,cg00282106,CGdb - Multimapper,,,,
11811,12,118106392,118106759,ICR_798,12,118106758,118106759,3,"1,2,3",1,1,1,,,cg00282105,CGdb - Multimapper,,,,
11947,13,16211038,16211596,ICR_810,13,16211595,16211596,1,1,1,0,0,,,,CG - Submitted - discrepant Ref Genome,,,,
11950,13,18662579,18665131,ICR_811,13,18663156,18663157,3,"1,2,3",1,1,1,,,cg18442091,CGdb - Multimapper,,,,
11951,13,18662579,18665131,ICR_811,13,18663282,18663283,1,3,0,0,1,,,cg18442092,CGdb - Multimapper,,,,
11955,13,18662579,18665131,ICR_811,13,18665068,18665069,3,"1,2,3",1,1,1,,,cg18442096,CGdb - Multimapper,,,,
12472,13,110813152,110813255,ICR_834,13,110813152,110813153,2,"1,3",1,0,1,,,,CG - Submitted - discrepant Ref Genome,,,,
12474,13,110813152,110813255,ICR_834,13,110813154,110813155,2,"1,3",1,0,1,,,,CG - Submitted - discrepant Ref Genome,,,,
12476,13,110813152,110813255,ICR_834,13,110813163,110813164,1,3,0,0,1,,,,CG - Submitted - discrepant Ref Genome,,,,
12478,13,110813152,110813255,ICR_834,13,110813168,110813169,1,3,0,0,1,,,,CG - Submitted - discrepant Ref Genome,,,,
12488,13,110813152,110813255,ICR_834,13,110813237,110813238,1,2,0,1,0,,,,CG - Submitted - discrepant Ref Genome,,,,
12490,13,110813152,110813255,ICR_834,13,110813240,110813241,1,2,0,1,0,,,,CG - Submitted - discrepant Ref Genome,,,,
12492,13,110813152,110813255,ICR_834,13,110813251,110813252,1,2,0,1,0,,,,CG - Submitted - discrepant Ref Genome,,,,
12494,13,110813152,110813255,ICR_834,13,110813254,110813255,1,2,0,1,0,,,,CG - Submitted - discrepant Ref Genome,,,,
12554,13,113729641,113730537,ICR_838,13,113730163,113730164,1,3,0,0,1,,,,CG - Submitted - discrepant Ref Genome,,,,
12556,13,113729641,113730537,ICR_838,13,113730166,113730167,1,3,0,0,1,,,,CG - Submitted - discrepant Ref Genome,,,,
12558,13,113729641,113730537,ICR_838,13,113730183,113730184,1,3,0,0,1,,,,CG - Submitted - discrepant Ref Genome,,,,
12560,13,113729641,113730537,ICR_838,13,113730185,113730186,1,3,0,0,1,,,,CG - Submitted - discrepant Ref Genome,,,,
12562,13,113729641,113730537,ICR_838,13,113730201,113730202,1,3,0,0,1,,,,CG - Submitted - discrepant Ref Genome,,,,
12564,13,113729641,113730537,ICR_838,13,113730214,113730215,1,3,0,0,1,,,,CG - Submitted - discrepant Ref Genome,,,,
12566,13,113729641,113730537,ICR_838,13,113730234,113730235,1,3,0,0,1,,,,CG - Submitted - discrepant Ref Genome,,,,
12644,13,114199531,114199617,ICR_842,13,114199531,114199532,1,2,0,1,0,,,,CG - Submitted - discrepant Ref Genome,,,,
12646,13,114199531,114199617,ICR_842,13,114199536,114199537,1,2,0,1,0,,,,CG - Submitted - discrepant Ref Genome,,,,
12695,14,18561725,18562488,ICR_844,14,18562463,18562464,1,3,0,0,1,,,,CG - Submitted - discrepant Ref Genome,,,,
12697,14,18561725,18562488,ICR_844,14,18562477,18562478,1,3,0,0,1,,,,CG - Submitted - discrepant Ref Genome,,,,
12778,14,30690552,30690699,ICR_851,14,30690664,30690665,3,"1,2,3",1,1,1,,,cg10782445,CGdb - Multimapper,,,,
12779,14,30690552,30690699,ICR_851,14,30690669,30690670,3,"1,2,3",1,1,1,,,cg10782446,CGdb - Multimapper,,,,
12780,14,30690552,30690699,ICR_851,14,30690671,30690672,3,"1,2,3",1,1,1,,,cg10782447,CGdb - Multimapper,,,,
12781,14,30690552,30690699,ICR_851,14,30690675,30690676,3,"1,2,3",1,1,1,,,cg10782448,CGdb - Multimapper,,,,
12820,14,35825391,35825732,ICR_854,14,35825474,35825475,3,"1,2,3",1,1,1,,,cg11782425,CGdb - Multimapper,,,,
12821,14,35825391,35825732,ICR_854,14,35825519,35825520,3,"1,2,3",1,1,1,,,cg01099325,CGdb - Multimapper,,,,
13286,14,105628650,105629100,ICR_879,14,105628801,105628802,1,3,0,0,1,,,,CG - Submitted - discrepant Ref Genome,,,,
13311,15,19891502,19892733,ICR_882,15,19892731,19892732,1,3,0,0,1,,,cg08145795,CGdb - Multimapper,,,,
13312,15,19891502,19892733,ICR_882,15,19892732,19892733,2,"1,2",1,1,0,,,,CG - Submitted - discrepant Ref Genome,,,,
13333,15,21282115,21282897,ICR_885,15,21282209,21282210,3,"1,2,3",1,1,1,,,cg20099304,CGdb - Multimapper,,,,
14211,16,27306120,27306581,ICR_932,16,27306269,27306270,1,2,0,1,0,,,,CG - Submitted - discrepant Ref Genome,,,,
14213,16,27306120,27306581,ICR_932,16,27306290,27306291,1,2,0,1,0,,,,CG - Submitted - discrepant Ref Genome,,,,
14215,16,27306120,27306581,ICR_932,16,27306434,27306435,1,2,0,1,0,,,,CG - Submitted - discrepant Ref Genome,,,,
14221,16,27306120,27306581,ICR_932,16,27306532,27306533,3,"1,2,3",1,1,1,,,cg21316779,CGdb - Multimapper,,,,
14222,16,27306120,27306581,ICR_932,16,27306541,27306542,3,"1,2,3",1,1,1,,,cg21316780,CGdb - Multimapper,,,,
14223,16,27306120,27306581,ICR_932,16,27306550,27306551,3,"1,2,3",1,1,1,,,cg21316781,CGdb - Multimapper,,,,
14224,16,27306120,27306581,ICR_932,16,27306571,27306572,3,"1,2,3",1,1,1,,,cg21316779,CGdb - Multimapper,,,,
14225,16,27306120,27306581,ICR_932,16,27306580,27306581,3,"1,2,3",1,1,1,,,cg21316780,CGdb - Multimapper,,,,
14264,16,32066244,32066336,ICR_936,16,32066327,32066328,3,"1,2,3",1,1,1,,,cg21394828,CGdb - Multimapper,,,,
14265,16,32066244,32066336,ICR_936,16,32066335,32066336,3,"1,2,3",1,1,1,,,cg21394829,CGdb - Multimapper,,,,
14270,16,32084126,32084430,ICR_937,16,32084207,32084208,3,"1,2,3",1,1,1,,,cg21394957,CGdb - Multimapper,,,,
14271,16,32084126,32084430,ICR_937,16,32084230,32084231,3,"1,2,3",1,1,1,,,cg21394959,CGdb - Multimapper,,,,
14279,16,32084126,32084430,ICR_937,16,32084410,32084411,3,"1,2,3",1,1,1,,,cg21394967,CGdb - Multimapper,,,,
14280,16,32084126,32084430,ICR_937,16,32084420,32084421,3,"1,2,3",1,1,1,,,cg21394968,CGdb - Multimapper,,,,
14281,16,32084126,32084430,ICR_937,16,32084429,32084430,3,"1,2,3",1,1,1,,,cg21394969,CGdb - Multimapper,,,,
14282,16,32187478,32187763,ICR_938,16,32187478,32187479,1,2,0,1,0,,,,CG - Submitted - discrepant Ref Genome,,,,
14283,16,32187478,32187763,ICR_938,16,32187499,32187500,3,"1,2,3",1,1,1,,,cg21396261,CGdb - Multimapper,,,,
14284,16,32187478,32187763,ICR_938,16,32187524,32187525,3,"1,2,3",1,1,1,,,cg21396262,CGdb - Multimapper,,,,
14285,16,32187478,32187763,ICR_938,16,32187531,32187532,3,"1,2,3",1,1,1,,,cg21396263,CGdb - Multimapper,,,,
14286,16,32187478,32187763,ICR_938,16,32187563,32187564,3,"1,2,3",1,1,1,,,cg21396264,CGdb - Multimapper,,,,
14287,16,32187478,32187763,ICR_938,16,32187583,32187584,3,"1,2,3",1,1,1,,,cg21396265,CGdb - Multimapper,,,,
14288,16,32187478,32187763,ICR_938,16,32187587,32187588,3,"1,2,3",1,1,1,,,cg21396266,CGdb - Multimapper,,,,
14289,16,32187478,32187763,ICR_938,16,32187598,32187599,3,"1,2,3",1,1,1,,,cg21396267,CGdb - Multimapper,,,,
14290,16,32187478,32187763,ICR_938,16,32187633,32187634,3,"1,2,3",1,1,1,,,cg21396268,CGdb - Multimapper,,,,
14291,16,32187478,32187763,ICR_938,16,32187664,32187665,3,"1,2,3",1,1,1,,,cg21396269,CGdb - Multimapper,,,,
14292,16,32187478,32187763,ICR_938,16,32187685,32187686,3,"1,2,3",1,1,1,,,cg21396270,CGdb - Multimapper,,,,
14293,16,32187478,32187763,ICR_938,16,32187689,32187690,3,"1,2,3",1,1,1,,,cg21396271,CGdb - Multimapper,,,,
14294,16,32187478,32187763,ICR_938,16,32187694,32187695,3,"1,2,3",1,1,1,,,cg21396272,CGdb - Multimapper,,,,
14295,16,32187478,32187763,ICR_938,16,32187732,32187733,3,"1,2,3",1,1,1,,,cg21396273,CGdb - Multimapper,,,,
14296,16,32187478,32187763,ICR_938,16,32187734,32187735,3,"1,2,3",1,1,1,,,cg21396274,CGdb - Multimapper,,,,
14297,16,32187478,32187763,ICR_938,16,32187754,32187755,3,"1,2,3",1,1,1,,,cg21396275,CGdb - Multimapper,,,,
14298,16,32187478,32187763,ICR_938,16,32187762,32187763,3,"1,2,3",1,1,1,,,cg21396276,CGdb - Multimapper,,,,
14299,16,32188159,32188300,ICR_939,16,32188165,32188166,3,"1,2,3",1,1,1,,,,CG - Submitted - discrepant Ref Genome,,,,
14300,16,32188159,32188300,ICR_939,16,32188172,32188173,3,"1,2,3",1,1,1,,,,CG - Submitted - discrepant Ref Genome,,,,
14301,16,32188159,32188300,ICR_939,16,32188179,32188180,3,"1,2,3",1,1,1,,,,CG - Submitted - discrepant Ref Genome,,,,
14302,16,32188159,32188300,ICR_939,16,32188185,32188186,3,"1,2,3",1,1,1,,,,CG - Submitted - discrepant Ref Genome,,,,
14303,16,32188159,32188300,ICR_939,16,32188187,32188188,3,"1,2,3",1,1,1,,,,CG - Submitted - discrepant Ref Genome,,,,
14304,16,32188159,32188300,ICR_939,16,32188190,32188191,2,"1,2",1,1,0,,,cg21396326,CGdb - Multimapper,,,,
14305,16,32188159,32188300,ICR_939,16,32188191,32188192,1,3,0,0,1,,,,CG - Submitted - discrepant Ref Genome,,,,
14306,16,32188159,32188300,ICR_939,16,32188238,32188239,3,"1,2,3",1,1,1,,,cg21396327,CGdb - Multimapper,,,,
14307,16,32188159,32188300,ICR_939,16,32188253,32188254,3,"1,2,3",1,1,1,,,cg21396328,CGdb - Multimapper,,,,
14308,16,32188159,32188300,ICR_939,16,32188299,32188300,3,"1,2,3",1,1,1,,,cg21396329,CGdb - Multimapper,,,,
14309,16,32310484,32310555,ICR_940,16,32310485,32310486,3,"1,2,3",1,1,1,,,cg21397932,CGdb - Multimapper,,,,
14310,16,32310484,32310555,ICR_940,16,32310496,32310497,3,"1,2,3",1,1,1,,,cg21397933,CGdb - Multimapper,,,,
14311,16,32310484,32310555,ICR_940,16,32310499,32310500,3,"1,2,3",1,1,1,,,cg21397934,CGdb - Multimapper,,,,
14312,16,32310484,32310555,ICR_940,16,32310506,32310507,3,"1,2,3",1,1,1,,,cg21397935,CGdb - Multimapper,,,,
14313,16,32310484,32310555,ICR_940,16,32310511,32310512,3,"1,2,3",1,1,1,,,cg21397936,CGdb - Multimapper,,,,
14314,16,32310484,32310555,ICR_940,16,32310526,32310527,3,"1,2,3",1,1,1,,,cg21397937,CGdb - Multimapper,,,,
14315,16,32310484,32310555,ICR_940,16,32310533,32310534,3,"1,2,3",1,1,1,,,cg21397938,CGdb - Multimapper,,,,
14316,16,32310484,32310555,ICR_940,16,32310540,32310541,3,"1,2,3",1,1,1,,,cg21397939,CGdb - Multimapper,,,,
14317,16,32310484,32310555,ICR_940,16,32310542,32310543,3,"1,2,3",1,1,1,,,cg21397940,CGdb - Multimapper,,,,
14318,16,32310484,32310555,ICR_940,16,32310544,32310545,3,"1,2,3",1,1,1,,,cg21397941,CGdb - Multimapper,,,,
14319,16,32310484,32310555,ICR_940,16,32310546,32310547,3,"1,2,3",1,1,1,,,cg21397942,CGdb - Multimapper,,,,
14320,16,32310484,32310555,ICR_940,16,32310548,32310549,3,"1,2,3",1,1,1,,,cg21397943,CGdb - Multimapper,,,,
14321,16,32310484,32310555,ICR_940,16,32310554,32310555,3,"1,2,3",1,1,1,,,cg21397944,CGdb - Multimapper,,,,
14322,16,32523621,32525336,ICR_941,16,32523831,32523832,2,"1,3",1,0,1,,,cg21399721,CGdb - Multimapper,,,,
14323,16,32523621,32525336,ICR_941,16,32523832,32523833,1,2,0,1,0,,,,CG - Submitted - discrepant Ref Genome,,,,
14324,16,32523621,32525336,ICR_941,16,32524296,32524297,3,"1,2,3",1,1,1,,,cg21399722,CGdb - Multimapper,,,,
14325,16,32523621,32525336,ICR_941,16,32524377,32524378,3,"1,2,3",1,1,1,,,cg21399723,CGdb - Multimapper,,,,
14326,16,32523621,32525336,ICR_941,16,32524485,32524486,3,"1,2,3",1,1,1,,,cg21399724,CGdb - Multimapper,,,,
14328,16,32523621,32525336,ICR_941,16,32525035,32525036,3,"1,2,3",1,1,1,,,cg21399726,CGdb - Multimapper,,,,
14329,16,32523621,32525336,ICR_941,16,32525095,32525096,3,"1,2,3",1,1,1,,,cg21399727,CGdb - Multimapper,,,,
14331,16,32523621,32525336,ICR_941,16,32525335,32525336,3,"1,2,3",1,1,1,,,cg21399729,CGdb - Multimapper,,,,
14344,16,33026905,33027302,ICR_943,16,33027214,33027215,3,"1,2,3",1,1,1,,,cg21394945,CGdb - Multimapper,,,,
14367,16,33808459,33808588,ICR_946,16,33808527,33808528,3,"1,2,3",1,1,1,,,cg21407533,CGdb - Multimapper,,,,
14368,16,33808459,33808588,ICR_946,16,33808539,33808540,3,"1,2,3",1,1,1,,,cg21407534,CGdb - Multimapper,,,,
14369,16,33808459,33808588,ICR_946,16,33808568,33808569,3,"1,2,3",1,1,1,,,cg21407535,CGdb - Multimapper,,,,
14370,16,33808459,33808588,ICR_946,16,33808587,33808588,3,"1,2,3",1,1,1,,,cg21407536,CGdb - Multimapper,,,,
14402,16,34641102,34641465,ICR_952,16,34641304,34641305,3,"1,2,3",1,1,1,,,cg21417222,CGdb - Multimapper,,,,
14405,16,34803525,34803596,ICR_953,16,34803525,34803526,1,2,0,1,0,,,,CG - Submitted - discrepant Ref Genome,,,,
14407,16,34803525,34803596,ICR_953,16,34803565,34803566,1,2,0,1,0,,,,CG - Submitted - discrepant Ref Genome,,,,
14409,16,34803525,34803596,ICR_953,16,34803571,34803572,1,2,0,1,0,,,,CG - Submitted - discrepant Ref Genome,,,,
14411,16,34803525,34803596,ICR_953,16,34803573,34803574,1,2,0,1,0,,,,CG - Submitted - discrepant Ref Genome,,,,
14413,16,34803525,34803596,ICR_953,16,34803587,34803588,1,2,0,1,0,,,,CG - Submitted - discrepant Ref Genome,,,,
14415,16,34803525,34803596,ICR_953,16,34803590,34803591,1,2,0,1,0,,,,CG - Submitted - discrepant Ref Genome,,,,
14417,16,34803525,34803596,ICR_953,16,34803593,34803594,1,2,0,1,0,,,,CG - Submitted - discrepant Ref Genome,,,,
14419,16,34803525,34803596,ICR_953,16,34803595,34803596,1,2,0,1,0,,,,CG - Submitted - discrepant Ref Genome,,,,
14450,16,35397156,35398017,ICR_957,16,35398016,35398017,1,2,0,1,0,,,,CG - Submitted - discrepant Ref Genome,,,,
14459,16,35434223,35436923,ICR_958,16,35436922,35436923,2,"2,3",0,1,1,,,,CG - Submitted - discrepant Ref Genome,,,,
14656,16,87517952,87518116,ICR_976,16,87517955,87517956,3,"1,2,3",1,1,1,,,cg20103140,CGdb - Multimapper,,,,
14674,16,88186741,88186914,ICR_977,16,88186896,88186897,2,"2,3",0,1,1,,,cg21345985,CGdb - Multimapper,,,,
14675,16,88186741,88186914,ICR_977,16,88186910,88186911,2,"2,3",0,1,1,,,cg21345986,CGdb - Multimapper,,,,
14676,16,88186741,88186914,ICR_977,16,88186913,88186914,3,"1,2,3",1,1,1,,,cg21345987,CGdb - Multimapper,,,,
14813,17,8347360,8347494,ICR_988,17,8347459,8347460,3,"1,2,3",1,1,1,,,cg11629077,CGdb - Multimapper,,,,
14814,17,8347360,8347494,ICR_988,17,8347465,8347466,3,"1,2,3",1,1,1,,,cg11629076,CGdb - Multimapper,,,,
14815,17,8347360,8347494,ICR_988,17,8347468,8347469,3,"1,2,3",1,1,1,,,cg11629075,CGdb - Multimapper,,,,
15008,17,21843634,21843712,ICR_1001,17,21843666,21843667,1,3,0,0,1,,,,CG - Submitted - discrepant Ref Genome,,,,
15011,17,21843634,21843712,ICR_1001,17,21843672,21843673,1,3,0,0,1,,,,CG - Submitted - discrepant Ref Genome,,,,
15013,17,21843634,21843712,ICR_1001,17,21843674,21843675,1,3,0,0,1,,,,CG - Submitted - discrepant Ref Genome,,,,
15015,17,21843634,21843712,ICR_1001,17,21843692,21843693,2,"1,3",1,0,1,,,,CG - Submitted - discrepant Ref Genome,,,,
15017,17,21843634,21843712,ICR_1001,17,21843695,21843696,2,"1,3",1,0,1,,,,CG - Submitted - discrepant Ref Genome,,,,
15019,17,21843634,21843712,ICR_1001,17,21843711,21843712,1,1,1,0,0,,,,CG - Submitted - discrepant Ref Genome,,,,
15042,17,26733376,26735171,ICR_1003,17,26735170,26735171,3,"1,2,3",1,1,1,,,,CGdb - Not found,,,,
15144,17,44326010,44326327,ICR_1014,17,44326186,44326187,3,"1,2,3",1,1,1,,,cg22583328,BSmap - Multimapper,,,,
15358,18,112155,112491,ICR_1033,18,112211,112212,3,"1,2,3",1,1,1,,,cg15865421,CGdb - Multimapper,,,,
15364,18,112155,112491,ICR_1033,18,112330,112331,3,"1,2,3",1,1,1,,,cg07541864,CGdb - Multimapper,,,,
15365,18,112155,112491,ICR_1033,18,112335,112336,3,"1,2,3",1,1,1,,,cg07541863,CGdb - Multimapper,,,,
15366,18,112155,112491,ICR_1033,18,112343,112344,3,"1,2,3",1,1,1,,,cg07541862,CGdb - Multimapper,,,,
15367,18,112155,112491,ICR_1033,18,112351,112352,3,"1,2,3",1,1,1,,,cg07541614,CGdb - Multimapper,,,,
15368,18,112155,112491,ICR_1033,18,112372,112373,3,"1,2,3",1,1,1,,,cg07541613,CGdb - Multimapper,,,,
15369,18,112155,112491,ICR_1033,18,112374,112375,3,"1,2,3",1,1,1,,,cg07541612,CGdb - Multimapper,,,,
15370,18,112155,112491,ICR_1033,18,112389,112390,3,"1,2,3",1,1,1,,,cg07541611,CGdb - Multimapper,,,,
15371,18,112155,112491,ICR_1033,18,112399,112400,3,"1,2,3",1,1,1,,,cg07541609,CGdb - Multimapper,,,,
15372,18,112155,112491,ICR_1033,18,112408,112409,3,"1,2,3",1,1,1,,,cg07541608,CGdb - Multimapper,,,,
15373,18,112155,112491,ICR_1033,18,112414,112415,3,"1,2,3",1,1,1,,,cg07541607,CGdb - Multimapper,,,,
15374,18,112155,112491,ICR_1033,18,112425,112426,3,"1,2,3",1,1,1,,,cg07541606,CGdb - Multimapper,,,,
15375,18,112155,112491,ICR_1033,18,112427,112428,3,"1,2,3",1,1,1,,,cg07541605,CGdb - Multimapper,,,,
15376,18,112155,112491,ICR_1033,18,112453,112454,3,"1,2,3",1,1,1,,,cg07541861,CGdb - Multimapper,,,,
15377,18,112155,112491,ICR_1033,18,112466,112467,3,"1,2,3",1,1,1,,,cg07541860,CGdb - Multimapper,,,,
15393,18,3602323,3602519,ICR_1034,18,3602511,3602512,1,2,0,1,0,,,,CG - Submitted - discrepant Ref Genome,,,,
15467,18,76491397,76491450,ICR_1042,18,76491397,76491398,1,3,0,0,1,,,,CG - Submitted - discrepant Ref Genome,,,,
15617,18,79616752,79617334,ICR_1048,18,79617326,79617327,1,3,0,0,1,,,,CG - Submitted - discrepant Ref Genome,,,,
15741,19,386289,386791,ICR_1054,19,386608,386609,3,"1,2,3",1,1,1,,,cg00947213,CGdb - Multimapper,,,,
15742,19,386289,386791,ICR_1054,19,386619,386620,3,"1,2,3",1,1,1,,,cg00947214,CGdb - Multimapper,,,,
15743,19,386289,386791,ICR_1054,19,386626,386627,3,"1,2,3",1,1,1,,,cg00947215,CGdb - Multimapper,,,,
15744,19,386289,386791,ICR_1054,19,386632,386633,3,"1,2,3",1,1,1,,,cg00947216,CGdb - Multimapper,,,,
15745,19,386289,386791,ICR_1054,19,386645,386646,3,"1,2,3",1,1,1,,,cg00947217,CGdb - Multimapper,,,,
15746,19,386289,386791,ICR_1054,19,386651,386652,3,"1,2,3",1,1,1,,,cg00947218,CGdb - Multimapper,,,,
15747,19,386289,386791,ICR_1054,19,386660,386661,3,"1,2,3",1,1,1,,,cg00947219,CGdb - Multimapper,,,,
15979,19,6461119,6461350,ICR_1077,19,6461294,6461295,3,"1,2,3",1,1,1,,,,CG - Submitted - discrepant Ref Genome,,,,
15980,19,6461119,6461350,ICR_1077,19,6461327,6461328,3,"1,2,3",1,1,1,,,,CG - Submitted - discrepant Ref Genome,,,,
16020,19,7646033,7646285,ICR_1082,19,7646033,7646034,1,1,1,0,0,,,,CG - Submitted - discrepant Ref Genome,,,,
16022,19,7646033,7646285,ICR_1082,19,7646062,7646063,1,1,1,0,0,,,,CG - Submitted - discrepant Ref Genome,,,,
16025,19,7646033,7646285,ICR_1082,19,7646111,7646112,1,1,1,0,0,,,,CG - Submitted - discrepant Ref Genome,,,,
16027,19,7646033,7646285,ICR_1082,19,7646121,7646122,1,1,1,0,0,,,,CG - Submitted - discrepant Ref Genome,,,,
16029,19,7646033,7646285,ICR_1082,19,7646182,7646183,1,1,1,0,0,,,,CG - Submitted - discrepant Ref Genome,,,,
16951,19,55545891,55546024,ICR_1140,19,55545911,55545912,1,1,1,0,0,,,,CG - Submitted - discrepant Ref Genome,,,,
16956,19,55545891,55546024,ICR_1140,19,55546020,55546021,1,2,0,1,0,,,,CG - Submitted - discrepant Ref Genome,,,,
16958,19,55545891,55546024,ICR_1140,19,55546023,55546024,1,2,0,1,0,,,,CG - Submitted - discrepant Ref Genome,,,,
17539,20,29729579,29732420,ICR_1169,20,29729579,29729580,1,2,0,1,0,,,,CG - Submitted - discrepant Ref Genome,,,,
17541,20,29729579,29732420,ICR_1169,20,29730125,29730126,1,2,0,1,0,,,,CG - Submitted - discrepant Ref Genome,,,,
17665,20,30288471,30289510,ICR_1181,20,30289490,30289491,3,"1,2,3",1,1,1,,,cg17646983,CGdb - Multimapper,,,,
17666,20,30288471,30289510,ICR_1181,20,30289498,30289499,3,"1,2,3",1,1,1,,,cg17646984,CGdb - Multimapper,,,,
17667,20,30288471,30289510,ICR_1181,20,30289500,30289501,3,"1,2,3",1,1,1,,,cg17646985,CGdb - Multimapper,,,,
17668,20,30288471,30289510,ICR_1181,20,30289509,30289510,3,"1,2,3",1,1,1,,,cg17646986,CGdb - Multimapper,,,,
17674,20,30488015,30488659,ICR_1182,20,30488081,30488082,1,2,0,1,0,,,,CG - Submitted - discrepant Ref Genome,,,,
19064,20,63262397,63262526,ICR_1215,20,63262414,63262415,1,3,0,0,1,,,,CG - Submitted - discrepant Ref Genome,,,,
19111,21,5223187,5224121,ICR_1220,21,5223774,5223775,3,"1,2,3",1,1,1,,,cg25118216,CGdb - Multimapper,,,,
19131,21,8205580,8205618,ICR_1223,21,8205592,8205593,3,"1,2,3",1,1,1,,,cg25620533,CGdb - Multimapper,,,,
19132,21,8205580,8205618,ICR_1223,21,8205600,8205601,3,"1,2,3",1,1,1,,,cg25620534,CGdb - Multimapper,,,,
19133,21,8205580,8205618,ICR_1223,21,8205604,8205605,3,"1,2,3",1,1,1,,,cg25620535,CGdb - Multimapper,,,,
19134,21,8205580,8205618,ICR_1223,21,8205610,8205611,3,"1,2,3",1,1,1,,,cg25620536,CGdb - Multimapper,,,,
19135,21,8205580,8205618,ICR_1223,21,8205617,8205618,3,"1,2,3",1,1,1,,,cg25620537,CGdb - Multimapper,,,,
19136,21,8205885,8206106,ICR_1224,21,8205886,8205887,3,"1,2,3",1,1,1,,,cg25620575,CGdb - Multimapper,,,,
19137,21,8205885,8206106,ICR_1224,21,8205888,8205889,3,"1,2,3",1,1,1,,,cg25620576,CGdb - Multimapper,,,,
19138,21,8205885,8206106,ICR_1224,21,8205891,8205892,3,"1,2,3",1,1,1,,,cg25620577,CGdb - Multimapper,,,,
19139,21,8205885,8206106,ICR_1224,21,8205900,8205901,3,"1,2,3",1,1,1,,,cg25620578,CGdb - Multimapper,,,,
19140,21,8205885,8206106,ICR_1224,21,8205903,8205904,3,"1,2,3",1,1,1,,,cg25620579,CGdb - Multimapper,,,,
19141,21,8205885,8206106,ICR_1224,21,8205906,8205907,3,"1,2,3",1,1,1,,,cg25620580,CGdb - Multimapper,,,,
19142,21,8205885,8206106,ICR_1224,21,8205912,8205913,3,"1,2,3",1,1,1,,,cg25620581,CGdb - Multimapper,,,,
19143,21,8205885,8206106,ICR_1224,21,8205918,8205919,3,"1,2,3",1,1,1,,,cg25620582,CGdb - Multimapper,,,,
19144,21,8205885,8206106,ICR_1224,21,8205920,8205921,3,"1,2,3",1,1,1,,,cg25620583,CGdb - Multimapper,,,,
19145,21,8205885,8206106,ICR_1224,21,8205928,8205929,3,"1,2,3",1,1,1,,,cg25620584,CGdb - Multimapper,,,,
19146,21,8205885,8206106,ICR_1224,21,8205934,8205935,3,"1,2,3",1,1,1,,,cg25620585,CGdb - Multimapper,,,,
19147,21,8205885,8206106,ICR_1224,21,8205952,8205953,3,"1,2,3",1,1,1,,,cg25620586,CGdb - Multimapper,,,,
19148,21,8205885,8206106,ICR_1224,21,8205957,8205958,3,"1,2,3",1,1,1,,,cg25620587,CGdb - Multimapper,,,,
19149,21,8205885,8206106,ICR_1224,21,8205962,8205963,3,"1,2,3",1,1,1,,,cg25620588,CGdb - Multimapper,,,,
19150,21,8205885,8206106,ICR_1224,21,8205975,8205976,3,"1,2,3",1,1,1,,,cg25620589,CGdb - Multimapper,,,,
19151,21,8205885,8206106,ICR_1224,21,8205978,8205979,3,"1,2,3",1,1,1,,,cg25620590,CGdb - Multimapper,,,,
19152,21,8205885,8206106,ICR_1224,21,8205994,8205995,3,"1,2,3",1,1,1,,,cg25620592,CGdb - Multimapper,,,,
19153,21,8205885,8206106,ICR_1224,21,8206007,8206008,3,"1,2,3",1,1,1,,,cg25620593,CGdb - Multimapper,,,,
19154,21,8205885,8206106,ICR_1224,21,8206015,8206016,3,"1,2,3",1,1,1,,,cg25620594,CGdb - Multimapper,,,,
19155,21,8205885,8206106,ICR_1224,21,8206035,8206036,3,"1,2,3",1,1,1,,,cg25620595,CGdb - Multimapper,,,,
19156,21,8205885,8206106,ICR_1224,21,8206041,8206042,3,"1,2,3",1,1,1,,,cg25620596,CGdb - Multimapper,,,,
19157,21,8205885,8206106,ICR_1224,21,8206043,8206044,3,"1,2,3",1,1,1,,,cg25620597,CGdb - Multimapper,,,,
19158,21,8205885,8206106,ICR_1224,21,8206045,8206046,3,"1,2,3",1,1,1,,,cg25620598,CGdb - Multimapper,,,,
19159,21,8205885,8206106,ICR_1224,21,8206061,8206062,3,"1,2,3",1,1,1,,,cg25620599,CGdb - Multimapper,,,,
19160,21,8205885,8206106,ICR_1224,21,8206069,8206070,3,"1,2,3",1,1,1,,,cg25620600,CGdb - Multimapper,,,,
19161,21,8205885,8206106,ICR_1224,21,8206077,8206078,3,"1,2,3",1,1,1,,,cg25620601,CGdb - Multimapper,,,,
19162,21,8205885,8206106,ICR_1224,21,8206081,8206082,3,"1,2,3",1,1,1,,,cg25620602,CGdb - Multimapper,,,,
19163,21,8205885,8206106,ICR_1224,21,8206083,8206084,3,"1,2,3",1,1,1,,,cg25620603,CGdb - Multimapper,,,,
19164,21,8205885,8206106,ICR_1224,21,8206098,8206099,3,"1,2,3",1,1,1,,,cg25620604,CGdb - Multimapper,,,,
19165,21,8205885,8206106,ICR_1224,21,8206105,8206106,3,"1,2,3",1,1,1,,,cg25620605,CGdb - Multimapper,,,,
19166,21,8206343,8206514,ICR_1225,21,8206359,8206360,3,"1,2,3",1,1,1,,,cg25620644,CGdb - Multimapper,,,,
19167,21,8206343,8206514,ICR_1225,21,8206365,8206366,3,"1,2,3",1,1,1,,,cg25620645,CGdb - Multimapper,,,,
19168,21,8206343,8206514,ICR_1225,21,8206369,8206370,3,"1,2,3",1,1,1,,,cg25620646,CGdb - Multimapper,,,,
19169,21,8206343,8206514,ICR_1225,21,8206374,8206375,3,"1,2,3",1,1,1,,,cg25620647,CGdb - Multimapper,,,,
19170,21,8206343,8206514,ICR_1225,21,8206381,8206382,3,"1,2,3",1,1,1,,,cg25620648,CGdb - Multimapper,,,,
19171,21,8206343,8206514,ICR_1225,21,8206385,8206386,3,"1,2,3",1,1,1,,,cg25620649,CGdb - Multimapper,,,,
19172,21,8206343,8206514,ICR_1225,21,8206389,8206390,3,"1,2,3",1,1,1,,,cg25620650,CGdb - Multimapper,,,,
19173,21,8206343,8206514,ICR_1225,21,8206396,8206397,3,"1,2,3",1,1,1,,,cg25620651,CGdb - Multimapper,,,,
19174,21,8206343,8206514,ICR_1225,21,8206402,8206403,3,"1,2,3",1,1,1,,,cg25620652,CGdb - Multimapper,,,,
19175,21,8206343,8206514,ICR_1225,21,8206414,8206415,3,"1,2,3",1,1,1,,,cg25620653,CGdb - Multimapper,,,,
19176,21,8206343,8206514,ICR_1225,21,8206420,8206421,3,"1,2,3",1,1,1,,,cg25620654,CGdb - Multimapper,,,,
19177,21,8206343,8206514,ICR_1225,21,8206431,8206432,3,"1,2,3",1,1,1,,,cg25620655,CGdb - Multimapper,,,,
19178,21,8206343,8206514,ICR_1225,21,8206434,8206435,3,"1,2,3",1,1,1,,,cg25620656,CGdb - Multimapper,,,,
19179,21,8206343,8206514,ICR_1225,21,8206444,8206445,3,"1,2,3",1,1,1,,,cg25620657,CGdb - Multimapper,,,,
19180,21,8206343,8206514,ICR_1225,21,8206449,8206450,3,"1,2,3",1,1,1,,,cg25620658,CGdb - Multimapper,,,,
19181,21,8206343,8206514,ICR_1225,21,8206455,8206456,3,"1,2,3",1,1,1,,,cg25620659,CGdb - Multimapper,,,,
19182,21,8206343,8206514,ICR_1225,21,8206460,8206461,3,"1,2,3",1,1,1,,,cg25620660,CGdb - Multimapper,,,,
19183,21,8206343,8206514,ICR_1225,21,8206462,8206463,3,"1,2,3",1,1,1,,,cg25620661,CGdb - Multimapper,,,,
19184,21,8206343,8206514,ICR_1225,21,8206465,8206466,3,"1,2,3",1,1,1,,,cg25620662,CGdb - Multimapper,,,,
19185,21,8206343,8206514,ICR_1225,21,8206469,8206470,3,"1,2,3",1,1,1,,,cg25620663,CGdb - Multimapper,,,,
19186,21,8206343,8206514,ICR_1225,21,8206476,8206477,3,"1,2,3",1,1,1,,,cg25620664,CGdb - Multimapper,,,,
19187,21,8206343,8206514,ICR_1225,21,8206480,8206481,3,"1,2,3",1,1,1,,,cg25620665,CGdb - Multimapper,,,,
19188,21,8206343,8206514,ICR_1225,21,8206484,8206485,3,"1,2,3",1,1,1,,,cg25620666,CGdb - Multimapper,,,,
19189,21,8206343,8206514,ICR_1225,21,8206489,8206490,3,"1,2,3",1,1,1,,,cg25620667,CGdb - Multimapper,,,,
19190,21,8206343,8206514,ICR_1225,21,8206493,8206494,3,"1,2,3",1,1,1,,,cg25620668,CGdb - Multimapper,,,,
19191,21,8206343,8206514,ICR_1225,21,8206499,8206500,3,"1,2,3",1,1,1,,,cg25620669,CGdb - Multimapper,,,,
19192,21,8206343,8206514,ICR_1225,21,8206508,8206509,3,"1,2,3",1,1,1,,,cg25620670,CGdb - Multimapper,,,,
19193,21,8206343,8206514,ICR_1225,21,8206513,8206514,3,"1,2,3",1,1,1,,,cg25620671,CGdb - Multimapper,,,,
19194,21,8207053,8207144,ICR_1226,21,8207054,8207055,3,"1,2,3",1,1,1,,,cg25620754,CGdb - Multimapper,,,,
19195,21,8207053,8207144,ICR_1226,21,8207056,8207057,3,"1,2,3",1,1,1,,,cg25620755,CGdb - Multimapper,,,,
19196,21,8207053,8207144,ICR_1226,21,8207061,8207062,3,"1,2,3",1,1,1,,,cg25620756,CGdb - Multimapper,,,,
19197,21,8207053,8207144,ICR_1226,21,8207069,8207070,3,"1,2,3",1,1,1,,,cg25620757,CGdb - Multimapper,,,,
19198,21,8207053,8207144,ICR_1226,21,8207073,8207074,3,"1,2,3",1,1,1,,,cg25620758,CGdb - Multimapper,,,,
19199,21,8207053,8207144,ICR_1226,21,8207075,8207076,3,"1,2,3",1,1,1,,,cg25620759,CGdb - Multimapper,,,,
19200,21,8207053,8207144,ICR_1226,21,8207084,8207085,3,"1,2,3",1,1,1,,,cg25620761,CGdb - Multimapper,,,,
19201,21,8207053,8207144,ICR_1226,21,8207089,8207090,3,"1,2,3",1,1,1,,,cg25620762,CGdb - Multimapper,,,,
19202,21,8207053,8207144,ICR_1226,21,8207097,8207098,3,"1,2,3",1,1,1,,,cg25620763,CGdb - Multimapper,,,,
19203,21,8207053,8207144,ICR_1226,21,8207099,8207100,3,"1,2,3",1,1,1,,,cg25620764,CGdb - Multimapper,,,,
19204,21,8207053,8207144,ICR_1226,21,8207103,8207104,3,"1,2,3",1,1,1,,,cg25620765,CGdb - Multimapper,,,,
19205,21,8207053,8207144,ICR_1226,21,8207106,8207107,3,"1,2,3",1,1,1,,,cg25620766,CGdb - Multimapper,,,,
19206,21,8207053,8207144,ICR_1226,21,8207110,8207111,3,"1,2,3",1,1,1,,,cg25620767,CGdb - Multimapper,,,,
19207,21,8207053,8207144,ICR_1226,21,8207114,8207115,3,"1,2,3",1,1,1,,,cg25620768,CGdb - Multimapper,,,,
19208,21,8207053,8207144,ICR_1226,21,8207117,8207118,3,"1,2,3",1,1,1,,,cg25620769,CGdb - Multimapper,,,,
19209,21,8207053,8207144,ICR_1226,21,8207128,8207129,3,"1,2,3",1,1,1,,,cg25620770,CGdb - Multimapper,,,,
19210,21,8207053,8207144,ICR_1226,21,8207139,8207140,3,"1,2,3",1,1,1,,,cg25620771,CGdb - Multimapper,,,,
19211,21,8207053,8207144,ICR_1226,21,8207143,8207144,3,"1,2,3",1,1,1,,,cg25620772,CGdb - Multimapper,,,,
19212,21,8207995,8208028,ICR_1227,21,8207999,8208000,3,"1,2,3",1,1,1,,,cg25620893,CGdb - Multimapper,,,,
19213,21,8207995,8208028,ICR_1227,21,8208006,8208007,3,"1,2,3",1,1,1,,,cg25620894,CGdb - Multimapper,,,,
19214,21,8207995,8208028,ICR_1227,21,8208016,8208017,3,"1,2,3",1,1,1,,,cg25620895,CGdb - Multimapper,,,,
19215,21,8207995,8208028,ICR_1227,21,8208023,8208024,3,"1,2,3",1,1,1,,,cg25620896,CGdb - Multimapper,,,,
19216,21,8207995,8208028,ICR_1227,21,8208027,8208028,3,"1,2,3",1,1,1,,,cg25620897,CGdb - Multimapper,,,,
19229,21,8209431,8209533,ICR_1228,21,8209497,8209498,3,"1,2,3",1,1,1,,,cg25621173,CGdb - Multimapper,,,,
19230,21,8209431,8209533,ICR_1228,21,8209501,8209502,3,"1,2,3",1,1,1,,,cg25621174,CGdb - Multimapper,,,,
19231,21,8209431,8209533,ICR_1228,21,8209505,8209506,3,"1,2,3",1,1,1,,,cg25621175,CGdb - Multimapper,,,,
19232,21,8209431,8209533,ICR_1228,21,8209509,8209510,3,"1,2,3",1,1,1,,,cg25621176,CGdb - Multimapper,,,,
19233,21,8209431,8209533,ICR_1228,21,8209511,8209512,3,"1,2,3",1,1,1,,,cg25621177,CGdb - Multimapper,,,,
19234,21,8209431,8209533,ICR_1228,21,8209516,8209517,3,"1,2,3",1,1,1,,,cg25621178,CGdb - Multimapper,,,,
19235,21,8209431,8209533,ICR_1228,21,8209520,8209521,3,"1,2,3",1,1,1,,,cg25621179,CGdb - Multimapper,,,,
19236,21,8209431,8209533,ICR_1228,21,8209524,8209525,3,"1,2,3",1,1,1,,,cg25621180,CGdb - Multimapper,,,,
19237,21,8209431,8209533,ICR_1228,21,8209528,8209529,3,"1,2,3",1,1,1,,,cg25621181,CGdb - Multimapper,,,,
19238,21,8209431,8209533,ICR_1228,21,8209532,8209533,3,"1,2,3",1,1,1,,,cg25621183,CGdb - Multimapper,,,,
19239,21,8210080,8210254,ICR_1229,21,8210108,8210109,3,"1,2,3",1,1,1,,,cg25621243,CGdb - Multimapper,,,,
19240,21,8210080,8210254,ICR_1229,21,8210110,8210111,3,"1,2,3",1,1,1,,,cg25621244,CGdb - Multimapper,,,,
19241,21,8210080,8210254,ICR_1229,21,8210127,8210128,3,"1,2,3",1,1,1,,,cg25621245,CGdb - Multimapper,,,,
19242,21,8210080,8210254,ICR_1229,21,8210132,8210133,3,"1,2,3",1,1,1,,,cg25621246,CGdb - Multimapper,,,,
19243,21,8210080,8210254,ICR_1229,21,8210146,8210147,3,"1,2,3",1,1,1,,,cg25621247,CGdb - Multimapper,,,,
19244,21,8210080,8210254,ICR_1229,21,8210172,8210173,3,"1,2,3",1,1,1,,,cg25621248,CGdb - Multimapper,,,,
19245,21,8210080,8210254,ICR_1229,21,8210214,8210215,3,"1,2,3",1,1,1,,,cg25621249,CGdb - Multimapper,,,,
19246,21,8210080,8210254,ICR_1229,21,8210251,8210252,3,"1,2,3",1,1,1,,,cg25621250,CGdb - Multimapper,,,,
19247,21,8210080,8210254,ICR_1229,21,8210253,8210254,3,"1,2,3",1,1,1,,,cg25621251,CGdb - Multimapper,,,,
19248,21,8210530,8210733,ICR_1230,21,8210556,8210557,3,"1,2,3",1,1,1,,,cg25621277,CGdb - Multimapper,,,,
19249,21,8210530,8210733,ICR_1230,21,8210560,8210561,3,"1,2,3",1,1,1,,,cg25621278,CGdb - Multimapper,,,,
19250,21,8210530,8210733,ICR_1230,21,8210570,8210571,3,"1,2,3",1,1,1,,,cg25621279,CGdb - Multimapper,,,,
19251,21,8210530,8210733,ICR_1230,21,8210577,8210578,3,"1,2,3",1,1,1,,,cg25621280,CGdb - Multimapper,,,,
19252,21,8210530,8210733,ICR_1230,21,8210580,8210581,3,"1,2,3",1,1,1,,,cg25621281,CGdb - Multimapper,,,,
19253,21,8210530,8210733,ICR_1230,21,8210603,8210604,3,"1,2,3",1,1,1,,,cg25621282,CGdb - Multimapper,,,,
19254,21,8210530,8210733,ICR_1230,21,8210606,8210607,3,"1,2,3",1,1,1,,,cg25621283,CGdb - Multimapper,,,,
19255,21,8210530,8210733,ICR_1230,21,8210613,8210614,3,"1,2,3",1,1,1,,,cg25621284,CGdb - Multimapper,,,,
19256,21,8210530,8210733,ICR_1230,21,8210623,8210624,3,"1,2,3",1,1,1,,,cg25621285,CGdb - Multimapper,,,,
19257,21,8210530,8210733,ICR_1230,21,8210661,8210662,3,"1,2,3",1,1,1,,,cg25621287,CGdb - Multimapper,,,,
19258,21,8210530,8210733,ICR_1230,21,8210668,8210669,3,"1,2,3",1,1,1,,,cg25621288,CGdb - Multimapper,,,,
19259,21,8210530,8210733,ICR_1230,21,8210676,8210677,3,"1,2,3",1,1,1,,,cg25621289,CGdb - Multimapper,,,,
19260,21,8210530,8210733,ICR_1230,21,8210682,8210683,3,"1,2,3",1,1,1,,,cg25621290,CGdb - Multimapper,,,,
19261,21,8210530,8210733,ICR_1230,21,8210693,8210694,3,"1,2,3",1,1,1,,,cg25621291,CGdb - Multimapper,,,,
19262,21,8210530,8210733,ICR_1230,21,8210696,8210697,3,"1,2,3",1,1,1,,,cg25621292,CGdb - Multimapper,,,,
19263,21,8210530,8210733,ICR_1230,21,8210704,8210705,3,"1,2,3",1,1,1,,,cg25621293,CGdb - Multimapper,,,,
19264,21,8210530,8210733,ICR_1230,21,8210714,8210715,3,"1,2,3",1,1,1,,,cg25621294,CGdb - Multimapper,,,,
19265,21,8210530,8210733,ICR_1230,21,8210720,8210721,3,"1,2,3",1,1,1,,,cg25621295,CGdb - Multimapper,,,,
19266,21,8210530,8210733,ICR_1230,21,8210724,8210725,3,"1,2,3",1,1,1,,,cg25621296,CGdb - Multimapper,,,,
19267,21,8210530,8210733,ICR_1230,21,8210727,8210728,3,"1,2,3",1,1,1,,,cg25621297,CGdb - Multimapper,,,,
19268,21,8210530,8210733,ICR_1230,21,8210732,8210733,3,"1,2,3",1,1,1,,,cg25621298,CGdb - Multimapper,,,,
19269,21,8211004,8211157,ICR_1231,21,8211009,8211010,3,"1,2,3",1,1,1,,,cg25621315,CGdb - Multimapper,,,,
19270,21,8211004,8211157,ICR_1231,21,8211013,8211014,3,"1,2,3",1,1,1,,,cg25621316,CGdb - Multimapper,,,,
19271,21,8211004,8211157,ICR_1231,21,8211039,8211040,3,"1,2,3",1,1,1,,,cg25621317,CGdb - Multimapper,,,,
19272,21,8211004,8211157,ICR_1231,21,8211041,8211042,3,"1,2,3",1,1,1,,,cg25621318,CGdb - Multimapper,,,,
19273,21,8211004,8211157,ICR_1231,21,8211048,8211049,3,"1,2,3",1,1,1,,,cg25621319,CGdb - Multimapper,,,,
19274,21,8211004,8211157,ICR_1231,21,8211052,8211053,3,"1,2,3",1,1,1,,,cg25621320,CGdb - Multimapper,,,,
19275,21,8211004,8211157,ICR_1231,21,8211056,8211057,3,"1,2,3",1,1,1,,,cg25621321,CGdb - Multimapper,,,,
19276,21,8211004,8211157,ICR_1231,21,8211059,8211060,3,"1,2,3",1,1,1,,,cg25621322,CGdb - Multimapper,,,,
19277,21,8211004,8211157,ICR_1231,21,8211089,8211090,3,"1,2,3",1,1,1,,,cg25621323,CGdb - Multimapper,,,,
19278,21,8211004,8211157,ICR_1231,21,8211101,8211102,3,"1,2,3",1,1,1,,,cg25621324,CGdb - Multimapper,,,,
19279,21,8211004,8211157,ICR_1231,21,8211142,8211143,3,"1,2,3",1,1,1,,,cg25621325,CGdb - Multimapper,,,,
19280,21,8211004,8211157,ICR_1231,21,8211152,8211153,3,"1,2,3",1,1,1,,,cg25621326,CGdb - Multimapper,,,,
19281,21,8211004,8211157,ICR_1231,21,8211154,8211155,3,"1,2,3",1,1,1,,,cg25621327,CGdb - Multimapper,,,,
19282,21,8211004,8211157,ICR_1231,21,8211156,8211157,3,"1,2,3",1,1,1,,,cg25621328,CGdb - Multimapper,,,,
19283,21,8211424,8211524,ICR_1232,21,8211427,8211428,3,"1,2,3",1,1,1,,,cg25621355,CGdb - Multimapper,,,,
19284,21,8211424,8211524,ICR_1232,21,8211457,8211458,3,"1,2,3",1,1,1,,,cg25621356,CGdb - Multimapper,,,,
19285,21,8211424,8211524,ICR_1232,21,8211471,8211472,3,"1,2,3",1,1,1,,,cg25621357,CGdb - Multimapper,,,,
19286,21,8211424,8211524,ICR_1232,21,8211485,8211486,3,"1,2,3",1,1,1,,,cg25621358,CGdb - Multimapper,,,,
19287,21,8211424,8211524,ICR_1232,21,8211500,8211501,3,"1,2,3",1,1,1,,,cg25621359,CGdb - Multimapper,,,,
19288,21,8211424,8211524,ICR_1232,21,8211507,8211508,3,"1,2,3",1,1,1,,,cg25621360,CGdb - Multimapper,,,,
19289,21,8211424,8211524,ICR_1232,21,8211514,8211515,3,"1,2,3",1,1,1,,,cg25621361,CGdb - Multimapper,,,,
19290,21,8211424,8211524,ICR_1232,21,8211521,8211522,3,"1,2,3",1,1,1,,,cg25621362,CGdb - Multimapper,,,,
19291,21,8211424,8211524,ICR_1232,21,8211523,8211524,3,"1,2,3",1,1,1,,,cg25621363,CGdb - Multimapper,,,,
19292,21,8211781,8211805,ICR_1233,21,8211786,8211787,3,"1,2,3",1,1,1,,,cg25621412,CGdb - Multimapper,,,,
19293,21,8211781,8211805,ICR_1233,21,8211789,8211790,3,"1,2,3",1,1,1,,,cg25621413,CGdb - Multimapper,,,,
19294,21,8211781,8211805,ICR_1233,21,8211792,8211793,3,"1,2,3",1,1,1,,,cg25621414,CGdb - Multimapper,,,,
19295,21,8211781,8211805,ICR_1233,21,8211801,8211802,3,"1,2,3",1,1,1,,,cg25621415,CGdb - Multimapper,,,,
19296,21,8211781,8211805,ICR_1233,21,8211804,8211805,3,"1,2,3",1,1,1,,,cg25621416,CGdb - Multimapper,,,,
19297,21,8212080,8212139,ICR_1234,21,8212081,8212082,3,"1,2,3",1,1,1,,,cg25621471,CGdb - Multimapper,,,,
19298,21,8212080,8212139,ICR_1234,21,8212086,8212087,3,"1,2,3",1,1,1,,,cg25621472,CGdb - Multimapper,,,,
19299,21,8212080,8212139,ICR_1234,21,8212089,8212090,3,"1,2,3",1,1,1,,,cg25621473,CGdb - Multimapper,,,,
19300,21,8212080,8212139,ICR_1234,21,8212091,8212092,3,"1,2,3",1,1,1,,,cg25621474,CGdb - Multimapper,,,,
19301,21,8212080,8212139,ICR_1234,21,8212119,8212120,3,"1,2,3",1,1,1,,,cg25621475,CGdb - Multimapper,,,,
19302,21,8212080,8212139,ICR_1234,21,8212123,8212124,3,"1,2,3",1,1,1,,,cg25621476,CGdb - Multimapper,,,,
19303,21,8212080,8212139,ICR_1234,21,8212127,8212128,3,"1,2,3",1,1,1,,,cg25621477,CGdb - Multimapper,,,,
19304,21,8212080,8212139,ICR_1234,21,8212131,8212132,3,"1,2,3",1,1,1,,,cg25621478,CGdb - Multimapper,,,,
19305,21,8212080,8212139,ICR_1234,21,8212138,8212139,3,"1,2,3",1,1,1,,,cg25621479,CGdb - Multimapper,,,,
19306,21,8213080,8213132,ICR_1235,21,8213084,8213085,3,"1,2,3",1,1,1,,,cg25621622,CGdb - Multimapper,,,,
19307,21,8213080,8213132,ICR_1235,21,8213091,8213092,3,"1,2,3",1,1,1,,,cg25621623,CGdb - Multimapper,,,,
19308,21,8213080,8213132,ICR_1235,21,8213098,8213099,3,"1,2,3",1,1,1,,,cg25621624,CGdb - Multimapper,,,,
19309,21,8213080,8213132,ICR_1235,21,8213101,8213102,3,"1,2,3",1,1,1,,,cg25621625,CGdb - Multimapper,,,,
19310,21,8213080,8213132,ICR_1235,21,8213107,8213108,3,"1,2,3",1,1,1,,,cg25621626,CGdb - Multimapper,,,,
19311,21,8213080,8213132,ICR_1235,21,8213111,8213112,3,"1,2,3",1,1,1,,,cg25621627,CGdb - Multimapper,,,,
19312,21,8213080,8213132,ICR_1235,21,8213125,8213126,3,"1,2,3",1,1,1,,,cg25621628,CGdb - Multimapper,,,,
19313,21,8213080,8213132,ICR_1235,21,8213131,8213132,3,"1,2,3",1,1,1,,,cg25621629,CGdb - Multimapper,,,,
19314,21,8214822,8214873,ICR_1236,21,8214828,8214829,3,"1,2,3",1,1,1,,,cg25621921,CGdb - Multimapper,,,,
19315,21,8214822,8214873,ICR_1236,21,8214834,8214835,3,"1,2,3",1,1,1,,,cg25621922,CGdb - Multimapper,,,,
19316,21,8214822,8214873,ICR_1236,21,8214842,8214843,3,"1,2,3",1,1,1,,,cg25621923,CGdb - Multimapper,,,,
19317,21,8214822,8214873,ICR_1236,21,8214849,8214850,3,"1,2,3",1,1,1,,,cg25621924,CGdb - Multimapper,,,,
19318,21,8214822,8214873,ICR_1236,21,8214852,8214853,3,"1,2,3",1,1,1,,,cg25621925,CGdb - Multimapper,,,,
19319,21,8214822,8214873,ICR_1236,21,8214855,8214856,3,"1,2,3",1,1,1,,,cg25621926,CGdb - Multimapper,,,,
19320,21,8214822,8214873,ICR_1236,21,8214857,8214858,3,"1,2,3",1,1,1,,,cg25621927,CGdb - Multimapper,,,,
19321,21,8214822,8214873,ICR_1236,21,8214872,8214873,3,"1,2,3",1,1,1,,,cg25621928,CGdb - Multimapper,,,,
19322,21,8215614,8215723,ICR_1237,21,8215621,8215622,3,"1,2,3",1,1,1,,,cg25622035,CGdb - Multimapper,,,,
19323,21,8215614,8215723,ICR_1237,21,8215644,8215645,3,"1,2,3",1,1,1,,,cg25622037,CGdb - Multimapper,,,,
19324,21,8215614,8215723,ICR_1237,21,8215649,8215650,3,"1,2,3",1,1,1,,,cg25622038,CGdb - Multimapper,,,,
19325,21,8215614,8215723,ICR_1237,21,8215690,8215691,3,"1,2,3",1,1,1,,,cg25622040,CGdb - Multimapper,,,,
19326,21,8215614,8215723,ICR_1237,21,8215695,8215696,3,"1,2,3",1,1,1,,,cg25622041,CGdb - Multimapper,,,,
19327,21,8215614,8215723,ICR_1237,21,8215701,8215702,3,"1,2,3",1,1,1,,,cg25622042,CGdb - Multimapper,,,,
19328,21,8215614,8215723,ICR_1237,21,8215709,8215710,3,"1,2,3",1,1,1,,,cg25622043,CGdb - Multimapper,,,,
19329,21,8215614,8215723,ICR_1237,21,8215713,8215714,3,"1,2,3",1,1,1,,,cg25622044,CGdb - Multimapper,,,,
19330,21,8215614,8215723,ICR_1237,21,8215722,8215723,3,"1,2,3",1,1,1,,,cg25622045,CGdb - Multimapper,,,,
19331,21,8216148,8216317,ICR_1238,21,8216149,8216150,3,"1,2,3",1,1,1,,,cg25622099,CGdb - Multimapper,,,,
19332,21,8216148,8216317,ICR_1238,21,8216152,8216153,3,"1,2,3",1,1,1,,,cg25622100,CGdb - Multimapper,,,,
19333,21,8216148,8216317,ICR_1238,21,8216165,8216166,3,"1,2,3",1,1,1,,,cg25622101,CGdb - Multimapper,,,,
19334,21,8216148,8216317,ICR_1238,21,8216170,8216171,3,"1,2,3",1,1,1,,,cg25622102,CGdb - Multimapper,,,,
19335,21,8216148,8216317,ICR_1238,21,8216192,8216193,3,"1,2,3",1,1,1,,,cg25622103,CGdb - Multimapper,,,,
19336,21,8216148,8216317,ICR_1238,21,8216194,8216195,3,"1,2,3",1,1,1,,,cg25622104,CGdb - Multimapper,,,,
19337,21,8216148,8216317,ICR_1238,21,8216200,8216201,3,"1,2,3",1,1,1,,,cg25622105,CGdb - Multimapper,,,,
19338,21,8216148,8216317,ICR_1238,21,8216210,8216211,3,"1,2,3",1,1,1,,,cg25622106,CGdb - Multimapper,,,,
19339,21,8216148,8216317,ICR_1238,21,8216213,8216214,3,"1,2,3",1,1,1,,,cg25622107,CGdb - Multimapper,,,,
19340,21,8216148,8216317,ICR_1238,21,8216252,8216253,3,"1,2,3",1,1,1,,,cg25622108,CGdb - Multimapper,,,,
19341,21,8216148,8216317,ICR_1238,21,8216268,8216269,3,"1,2,3",1,1,1,,,cg25622109,CGdb - Multimapper,,,,
19343,21,8216729,8216785,ICR_1239,21,8216736,8216737,3,"1,2,3",1,1,1,,,cg25622158,CGdb - Multimapper,,,,
19344,21,8216729,8216785,ICR_1239,21,8216742,8216743,3,"1,2,3",1,1,1,,,cg25622159,CGdb - Multimapper,,,,
19345,21,8216729,8216785,ICR_1239,21,8216750,8216751,3,"1,2,3",1,1,1,,,cg25622160,CGdb - Multimapper,,,,
19346,21,8216729,8216785,ICR_1239,21,8216780,8216781,3,"1,2,3",1,1,1,,,cg25622161,CGdb - Multimapper,,,,
19347,21,8216729,8216785,ICR_1239,21,8216784,8216785,3,"1,2,3",1,1,1,,,cg25622162,CGdb - Multimapper,,,,
19348,21,8217611,8217759,ICR_1240,21,8217612,8217613,3,"1,2,3",1,1,1,,,cg25622275,CGdb - Multimapper,,,,
19349,21,8217611,8217759,ICR_1240,21,8217620,8217621,3,"1,2,3",1,1,1,,,cg25622276,CGdb - Multimapper,,,,
19350,21,8217611,8217759,ICR_1240,21,8217623,8217624,3,"1,2,3",1,1,1,,,cg25622277,CGdb - Multimapper,,,,
19351,21,8217611,8217759,ICR_1240,21,8217662,8217663,3,"1,2,3",1,1,1,,,cg25622278,CGdb - Multimapper,,,,
19352,21,8217611,8217759,ICR_1240,21,8217679,8217680,3,"1,2,3",1,1,1,,,cg25622279,CGdb - Multimapper,,,,
19353,21,8217611,8217759,ICR_1240,21,8217681,8217682,3,"1,2,3",1,1,1,,,cg25622280,CGdb - Multimapper,,,,
19354,21,8217611,8217759,ICR_1240,21,8217697,8217698,3,"1,2,3",1,1,1,,,cg25148117,CGdb - Multimapper,,,,
19355,21,8217611,8217759,ICR_1240,21,8217729,8217730,3,"1,2,3",1,1,1,,,cg12696644,CGdb - Multimapper,,,,
19356,21,8217611,8217759,ICR_1240,21,8217749,8217750,3,"1,2,3",1,1,1,,,cg25622281,CGdb - Multimapper,,,,
19357,21,8217611,8217759,ICR_1240,21,8217758,8217759,3,"1,2,3",1,1,1,,,cg25622282,CGdb - Multimapper,,,,
19358,21,8220792,8221021,ICR_1241,21,8220845,8220846,3,"1,2,3",1,1,1,,,,CG - Submitted - discrepant Ref Genome,,,,
19359,21,8220792,8221021,ICR_1241,21,8220851,8220852,3,"1,2,3",1,1,1,,,,CG - Submitted - discrepant Ref Genome,,,,
19360,21,8220792,8221021,ICR_1241,21,8220984,8220985,3,"1,2,3",1,1,1,,,cg25622631,CGdb - Multimapper,,,,
19361,21,8220792,8221021,ICR_1241,21,8221002,8221003,3,"1,2,3",1,1,1,,,cg25622632,CGdb - Multimapper,,,,
19362,21,8220792,8221021,ICR_1241,21,8221010,8221011,3,"1,2,3",1,1,1,,,cg25622633,CGdb - Multimapper,,,,
19363,21,8220792,8221021,ICR_1241,21,8221013,8221014,3,"1,2,3",1,1,1,,,cg25622634,CGdb - Multimapper,,,,
19364,21,8220792,8221021,ICR_1241,21,8221020,8221021,3,"1,2,3",1,1,1,,,cg25622635,CGdb - Multimapper,,,,
19365,21,8226175,8226554,ICR_1242,21,8226182,8226183,3,"1,2,3",1,1,1,,,cg25622959,CGdb - Multimapper,,,,
19366,21,8226175,8226554,ICR_1242,21,8226191,8226192,3,"1,2,3",1,1,1,,,cg25622960,CGdb - Multimapper,,,,
19367,21,8226175,8226554,ICR_1242,21,8226196,8226197,3,"1,2,3",1,1,1,,,cg25622961,CGdb - Multimapper,,,,
19368,21,8226175,8226554,ICR_1242,21,8226201,8226202,3,"1,2,3",1,1,1,,,cg25622962,CGdb - Multimapper,,,,
19369,21,8226175,8226554,ICR_1242,21,8226206,8226207,3,"1,2,3",1,1,1,,,cg25622963,CGdb - Multimapper,,,,
19370,21,8226175,8226554,ICR_1242,21,8226216,8226217,3,"1,2,3",1,1,1,,,cg25622964,CGdb - Multimapper,,,,
19371,21,8226175,8226554,ICR_1242,21,8226221,8226222,3,"1,2,3",1,1,1,,,cg25622965,CGdb - Multimapper,,,,
19372,21,8226175,8226554,ICR_1242,21,8226233,8226234,3,"1,2,3",1,1,1,,,cg25622966,CGdb - Multimapper,,,,
19373,21,8226175,8226554,ICR_1242,21,8226235,8226236,3,"1,2,3",1,1,1,,,cg25622967,CGdb - Multimapper,,,,
19374,21,8226175,8226554,ICR_1242,21,8226241,8226242,3,"1,2,3",1,1,1,,,cg25622968,CGdb - Multimapper,,,,
19375,21,8226175,8226554,ICR_1242,21,8226260,8226261,3,"1,2,3",1,1,1,,,cg25622969,CGdb - Multimapper,,,,
19376,21,8226175,8226554,ICR_1242,21,8226309,8226310,3,"1,2,3",1,1,1,,,cg25622970,CGdb - Multimapper,,,,
19377,21,8226175,8226554,ICR_1242,21,8226333,8226334,3,"1,2,3",1,1,1,,,cg25622971,CGdb - Multimapper,,,,
19378,21,8226175,8226554,ICR_1242,21,8226349,8226350,3,"1,2,3",1,1,1,,,cg25622972,CGdb - Multimapper,,,,
19379,21,8226175,8226554,ICR_1242,21,8226374,8226375,3,"1,2,3",1,1,1,,,cg25622973,CGdb - Multimapper,,,,
19380,21,8226175,8226554,ICR_1242,21,8226437,8226438,3,"1,2,3",1,1,1,,,cg25622974,CGdb - Multimapper,,,,
19381,21,8226175,8226554,ICR_1242,21,8226449,8226450,3,"1,2,3",1,1,1,,,cg25622975,CGdb - Multimapper,,,,
19382,21,8226175,8226554,ICR_1242,21,8226453,8226454,3,"1,2,3",1,1,1,,,cg25622976,CGdb - Multimapper,,,,
19383,21,8226175,8226554,ICR_1242,21,8226459,8226460,3,"1,2,3",1,1,1,,,cg25622977,CGdb - Multimapper,,,,
19384,21,8226175,8226554,ICR_1242,21,8226467,8226468,3,"1,2,3",1,1,1,,,cg25622978,CGdb - Multimapper,,,,
19385,21,8226175,8226554,ICR_1242,21,8226484,8226485,3,"1,2,3",1,1,1,,,cg25622979,CGdb - Multimapper,,,,
19386,21,8226175,8226554,ICR_1242,21,8226493,8226494,3,"1,2,3",1,1,1,,,cg25622980,CGdb - Multimapper,,,,
19387,21,8226175,8226554,ICR_1242,21,8226536,8226537,3,"1,2,3",1,1,1,,,cg25622981,CGdb - Multimapper,,,,
19388,21,8226175,8226554,ICR_1242,21,8226553,8226554,3,"1,2,3",1,1,1,,,cg25622982,CGdb - Multimapper,,,,
19389,21,8236929,8237069,ICR_1243,21,8236977,8236978,3,"1,2,3",1,1,1,,,cg25623244,CGdb - Multimapper,,,,
19390,21,8236929,8237069,ICR_1243,21,8236983,8236984,3,"1,2,3",1,1,1,,,cg25623245,CGdb - Multimapper,,,,
19391,21,8236929,8237069,ICR_1243,21,8237029,8237030,3,"1,2,3",1,1,1,,,cg25623246,CGdb - Multimapper,,,,
19392,21,8236929,8237069,ICR_1243,21,8237032,8237033,3,"1,2,3",1,1,1,,,cg25623247,CGdb - Multimapper,,,,
19393,21,8236929,8237069,ICR_1243,21,8237044,8237045,3,"1,2,3",1,1,1,,,cg25623248,CGdb - Multimapper,,,,
19394,21,8236929,8237069,ICR_1243,21,8237050,8237051,3,"1,2,3",1,1,1,,,cg25623249,CGdb - Multimapper,,,,
19395,21,8236929,8237069,ICR_1243,21,8237062,8237063,3,"1,2,3",1,1,1,,,cg25623251,CGdb - Multimapper,,,,
19396,21,8236929,8237069,ICR_1243,21,8237068,8237069,3,"1,2,3",1,1,1,,,cg25623252,CGdb - Multimapper,,,,
19397,21,8249017,8249144,ICR_1244,21,8249075,8249076,3,"1,2,3",1,1,1,,,cg25620438,CGdb - Multimapper,,,,
19398,21,8249017,8249144,ICR_1244,21,8249098,8249099,3,"1,2,3",1,1,1,,,cg25620439,CGdb - Multimapper,,,,
19399,21,8249017,8249144,ICR_1244,21,8249100,8249101,3,"1,2,3",1,1,1,,,cg25620440,CGdb - Multimapper,,,,
19400,21,8249017,8249144,ICR_1244,21,8249103,8249104,3,"1,2,3",1,1,1,,,cg25620441,CGdb - Multimapper,,,,
19401,21,8249017,8249144,ICR_1244,21,8249126,8249127,3,"1,2,3",1,1,1,,,cg25620442,CGdb - Multimapper,,,,
19402,21,8249017,8249144,ICR_1244,21,8249128,8249129,3,"1,2,3",1,1,1,,,cg25620443,CGdb - Multimapper,,,,
19403,21,8249017,8249144,ICR_1244,21,8249132,8249133,3,"1,2,3",1,1,1,,,cg25620444,CGdb - Multimapper,,,,
19404,21,8249017,8249144,ICR_1244,21,8249143,8249144,3,"1,2,3",1,1,1,,,cg25620445,CGdb - Multimapper,,,,
19405,21,8249869,8249897,ICR_1245,21,8249875,8249876,3,"1,2,3",1,1,1,,,cg25620546,CGdb - Multimapper,,,,
19406,21,8249869,8249897,ICR_1245,21,8249883,8249884,3,"1,2,3",1,1,1,,,cg25620547,CGdb - Multimapper,,,,
19407,21,8249869,8249897,ICR_1245,21,8249892,8249893,3,"1,2,3",1,1,1,,,cg25620549,CGdb - Multimapper,,,,
19408,21,8249869,8249897,ICR_1245,21,8249896,8249897,3,"1,2,3",1,1,1,,,cg25620550,CGdb - Multimapper,,,,
19409,21,8250138,8250293,ICR_1246,21,8250143,8250144,3,"1,2,3",1,1,1,,,cg25620585,CGdb - Multimapper,,,,
19410,21,8250138,8250293,ICR_1246,21,8250161,8250162,3,"1,2,3",1,1,1,,,cg25620586,CGdb - Multimapper,,,,
19411,21,8250138,8250293,ICR_1246,21,8250166,8250167,3,"1,2,3",1,1,1,,,cg25620587,CGdb - Multimapper,,,,
19412,21,8250138,8250293,ICR_1246,21,8250171,8250172,3,"1,2,3",1,1,1,,,cg25620588,CGdb - Multimapper,,,,
19413,21,8250138,8250293,ICR_1246,21,8250184,8250185,3,"1,2,3",1,1,1,,,cg25620589,CGdb - Multimapper,,,,
19414,21,8250138,8250293,ICR_1246,21,8250187,8250188,3,"1,2,3",1,1,1,,,cg25620590,CGdb - Multimapper,,,,
19415,21,8250138,8250293,ICR_1246,21,8250203,8250204,3,"1,2,3",1,1,1,,,cg25620592,CGdb - Multimapper,,,,
19416,21,8250138,8250293,ICR_1246,21,8250216,8250217,3,"1,2,3",1,1,1,,,cg25620593,CGdb - Multimapper,,,,
19417,21,8250138,8250293,ICR_1246,21,8250224,8250225,3,"1,2,3",1,1,1,,,cg25620594,CGdb - Multimapper,,,,
19418,21,8250138,8250293,ICR_1246,21,8250244,8250245,3,"1,2,3",1,1,1,,,cg25620595,CGdb - Multimapper,,,,
19419,21,8250138,8250293,ICR_1246,21,8250250,8250251,3,"1,2,3",1,1,1,,,cg25620596,CGdb - Multimapper,,,,
19420,21,8250138,8250293,ICR_1246,21,8250252,8250253,3,"1,2,3",1,1,1,,,cg25620597,CGdb - Multimapper,,,,
19421,21,8250138,8250293,ICR_1246,21,8250254,8250255,3,"1,2,3",1,1,1,,,cg25620598,CGdb - Multimapper,,,,
19422,21,8250138,8250293,ICR_1246,21,8250270,8250271,3,"1,2,3",1,1,1,,,cg25620599,CGdb - Multimapper,,,,
19423,21,8250138,8250293,ICR_1246,21,8250278,8250279,3,"1,2,3",1,1,1,,,cg25620600,CGdb - Multimapper,,,,
19424,21,8250138,8250293,ICR_1246,21,8250286,8250287,3,"1,2,3",1,1,1,,,cg25620601,CGdb - Multimapper,,,,
19425,21,8250138,8250293,ICR_1246,21,8250290,8250291,3,"1,2,3",1,1,1,,,cg25620602,CGdb - Multimapper,,,,
19426,21,8250138,8250293,ICR_1246,21,8250292,8250293,3,"1,2,3",1,1,1,,,cg25620603,CGdb - Multimapper,,,,
19427,21,8250538,8250718,ICR_1247,21,8250540,8250541,3,"1,2,3",1,1,1,,,cg25620642,CGdb - Multimapper,,,,
19428,21,8250538,8250718,ICR_1247,21,8250551,8250552,3,"1,2,3",1,1,1,,,cg25620643,CGdb - Multimapper,,,,
19429,21,8250538,8250718,ICR_1247,21,8250568,8250569,3,"1,2,3",1,1,1,,,cg25620644,CGdb - Multimapper,,,,
19430,21,8250538,8250718,ICR_1247,21,8250574,8250575,3,"1,2,3",1,1,1,,,cg25620645,CGdb - Multimapper,,,,
19431,21,8250538,8250718,ICR_1247,21,8250578,8250579,3,"1,2,3",1,1,1,,,cg25620646,CGdb - Multimapper,,,,
19432,21,8250538,8250718,ICR_1247,21,8250583,8250584,3,"1,2,3",1,1,1,,,cg25620647,CGdb - Multimapper,,,,
19433,21,8250538,8250718,ICR_1247,21,8250590,8250591,3,"1,2,3",1,1,1,,,cg25620648,CGdb - Multimapper,,,,
19434,21,8250538,8250718,ICR_1247,21,8250594,8250595,3,"1,2,3",1,1,1,,,cg25620649,CGdb - Multimapper,,,,
19435,21,8250538,8250718,ICR_1247,21,8250598,8250599,3,"1,2,3",1,1,1,,,cg25620650,CGdb - Multimapper,,,,
19436,21,8250538,8250718,ICR_1247,21,8250605,8250606,3,"1,2,3",1,1,1,,,cg25620651,CGdb - Multimapper,,,,
19437,21,8250538,8250718,ICR_1247,21,8250611,8250612,3,"1,2,3",1,1,1,,,cg25620652,CGdb - Multimapper,,,,
19438,21,8250538,8250718,ICR_1247,21,8250623,8250624,3,"1,2,3",1,1,1,,,cg25620653,CGdb - Multimapper,,,,
19439,21,8250538,8250718,ICR_1247,21,8250629,8250630,3,"1,2,3",1,1,1,,,cg25620654,CGdb - Multimapper,,,,
19440,21,8250538,8250718,ICR_1247,21,8250640,8250641,3,"1,2,3",1,1,1,,,cg25620655,CGdb - Multimapper,,,,
19441,21,8250538,8250718,ICR_1247,21,8250643,8250644,3,"1,2,3",1,1,1,,,cg25620656,CGdb - Multimapper,,,,
19442,21,8250538,8250718,ICR_1247,21,8250653,8250654,3,"1,2,3",1,1,1,,,cg25620657,CGdb - Multimapper,,,,
19443,21,8250538,8250718,ICR_1247,21,8250658,8250659,3,"1,2,3",1,1,1,,,cg25620658,CGdb - Multimapper,,,,
19444,21,8250538,8250718,ICR_1247,21,8250664,8250665,3,"1,2,3",1,1,1,,,cg25620659,CGdb - Multimapper,,,,
19445,21,8250538,8250718,ICR_1247,21,8250669,8250670,3,"1,2,3",1,1,1,,,cg25620660,CGdb - Multimapper,,,,
19446,21,8250538,8250718,ICR_1247,21,8250671,8250672,3,"1,2,3",1,1,1,,,cg25620661,CGdb - Multimapper,,,,
19447,21,8250538,8250718,ICR_1247,21,8250674,8250675,3,"1,2,3",1,1,1,,,cg25620662,CGdb - Multimapper,,,,
19448,21,8250538,8250718,ICR_1247,21,8250678,8250679,3,"1,2,3",1,1,1,,,cg25620663,CGdb - Multimapper,,,,
19449,21,8250538,8250718,ICR_1247,21,8250685,8250686,3,"1,2,3",1,1,1,,,cg25620664,CGdb - Multimapper,,,,
19450,21,8250538,8250718,ICR_1247,21,8250689,8250690,3,"1,2,3",1,1,1,,,cg25620665,CGdb - Multimapper,,,,
19451,21,8250538,8250718,ICR_1247,21,8250693,8250694,3,"1,2,3",1,1,1,,,cg25620666,CGdb - Multimapper,,,,
19452,21,8250538,8250718,ICR_1247,21,8250698,8250699,3,"1,2,3",1,1,1,,,cg25620667,CGdb - Multimapper,,,,
19453,21,8250538,8250718,ICR_1247,21,8250702,8250703,3,"1,2,3",1,1,1,,,cg25620668,CGdb - Multimapper,,,,
19454,21,8250538,8250718,ICR_1247,21,8250708,8250709,3,"1,2,3",1,1,1,,,cg25620669,CGdb - Multimapper,,,,
19455,21,8250538,8250718,ICR_1247,21,8250717,8250718,3,"1,2,3",1,1,1,,,cg25620670,CGdb - Multimapper,,,,
19456,21,8251123,8251349,ICR_1248,21,8251141,8251142,3,"1,2,3",1,1,1,,,cg25620736,CGdb - Multimapper,,,,
19457,21,8251123,8251349,ICR_1248,21,8251144,8251145,3,"1,2,3",1,1,1,,,cg25620737,CGdb - Multimapper,,,,
19458,21,8251123,8251349,ICR_1248,21,8251156,8251157,3,"1,2,3",1,1,1,,,cg25620738,CGdb - Multimapper,,,,
19459,21,8251123,8251349,ICR_1248,21,8251161,8251162,3,"1,2,3",1,1,1,,,cg25620739,CGdb - Multimapper,,,,
19460,21,8251123,8251349,ICR_1248,21,8251175,8251176,3,"1,2,3",1,1,1,,,cg25620740,CGdb - Multimapper,,,,
19461,21,8251123,8251349,ICR_1248,21,8251180,8251181,3,"1,2,3",1,1,1,,,cg25620741,CGdb - Multimapper,,,,
19462,21,8251123,8251349,ICR_1248,21,8251185,8251186,3,"1,2,3",1,1,1,,,cg25620742,CGdb - Multimapper,,,,
19463,21,8251123,8251349,ICR_1248,21,8251187,8251188,3,"1,2,3",1,1,1,,,cg25620743,CGdb - Multimapper,,,,
19464,21,8251123,8251349,ICR_1248,21,8251198,8251199,3,"1,2,3",1,1,1,,,cg25620744,CGdb - Multimapper,,,,
19465,21,8251123,8251349,ICR_1248,21,8251200,8251201,3,"1,2,3",1,1,1,,,cg25620745,CGdb - Multimapper,,,,
19466,21,8251123,8251349,ICR_1248,21,8251210,8251211,3,"1,2,3",1,1,1,,,cg25620746,CGdb - Multimapper,,,,
19467,21,8251123,8251349,ICR_1248,21,8251214,8251215,3,"1,2,3",1,1,1,,,cg25620747,CGdb - Multimapper,,,,
19468,21,8251123,8251349,ICR_1248,21,8251224,8251225,3,"1,2,3",1,1,1,,,cg25620748,CGdb - Multimapper,,,,
19469,21,8251123,8251349,ICR_1248,21,8251231,8251232,3,"1,2,3",1,1,1,,,cg25620749,CGdb - Multimapper,,,,
19470,21,8251123,8251349,ICR_1248,21,8251235,8251236,3,"1,2,3",1,1,1,,,cg25620750,CGdb - Multimapper,,,,
19471,21,8251123,8251349,ICR_1248,21,8251240,8251241,3,"1,2,3",1,1,1,,,cg25620751,CGdb - Multimapper,,,,
19472,21,8251123,8251349,ICR_1248,21,8251255,8251256,3,"1,2,3",1,1,1,,,cg25620752,CGdb - Multimapper,,,,
19473,21,8251123,8251349,ICR_1248,21,8251261,8251262,3,"1,2,3",1,1,1,,,cg25620753,CGdb - Multimapper,,,,
19474,21,8251123,8251349,ICR_1248,21,8251263,8251264,3,"1,2,3",1,1,1,,,cg25620754,CGdb - Multimapper,,,,
19475,21,8251123,8251349,ICR_1248,21,8251265,8251266,3,"1,2,3",1,1,1,,,cg25620755,CGdb - Multimapper,,,,
19476,21,8251123,8251349,ICR_1248,21,8251270,8251271,3,"1,2,3",1,1,1,,,cg25620756,CGdb - Multimapper,,,,
19477,21,8251123,8251349,ICR_1248,21,8251278,8251279,3,"1,2,3",1,1,1,,,cg25620757,CGdb - Multimapper,,,,
19478,21,8251123,8251349,ICR_1248,21,8251282,8251283,3,"1,2,3",1,1,1,,,cg25620758,CGdb - Multimapper,,,,
19479,21,8251123,8251349,ICR_1248,21,8251284,8251285,3,"1,2,3",1,1,1,,,cg25620759,CGdb - Multimapper,,,,
19480,21,8251123,8251349,ICR_1248,21,8251293,8251294,3,"1,2,3",1,1,1,,,cg25620761,CGdb - Multimapper,,,,
19481,21,8251123,8251349,ICR_1248,21,8251298,8251299,3,"1,2,3",1,1,1,,,cg25620762,CGdb - Multimapper,,,,
19482,21,8251123,8251349,ICR_1248,21,8251306,8251307,3,"1,2,3",1,1,1,,,cg25620763,CGdb - Multimapper,,,,
19483,21,8251123,8251349,ICR_1248,21,8251308,8251309,3,"1,2,3",1,1,1,,,cg25620764,CGdb - Multimapper,,,,
19484,21,8251123,8251349,ICR_1248,21,8251312,8251313,3,"1,2,3",1,1,1,,,cg25620765,CGdb - Multimapper,,,,
19485,21,8251123,8251349,ICR_1248,21,8251315,8251316,3,"1,2,3",1,1,1,,,cg25620766,CGdb - Multimapper,,,,
19486,21,8251123,8251349,ICR_1248,21,8251319,8251320,3,"1,2,3",1,1,1,,,cg25620767,CGdb - Multimapper,,,,
19487,21,8251123,8251349,ICR_1248,21,8251323,8251324,3,"1,2,3",1,1,1,,,cg25620768,CGdb - Multimapper,,,,
19488,21,8251123,8251349,ICR_1248,21,8251326,8251327,3,"1,2,3",1,1,1,,,cg25620769,CGdb - Multimapper,,,,
19489,21,8251123,8251349,ICR_1248,21,8251337,8251338,3,"1,2,3",1,1,1,,,cg25620770,CGdb - Multimapper,,,,
19490,21,8251123,8251349,ICR_1248,21,8251348,8251349,3,"1,2,3",1,1,1,,,cg25620771,CGdb - Multimapper,,,,
19492,21,8254357,8254812,ICR_1249,21,8254459,8254460,3,"1,2,3",1,1,1,,,cg25621250,CGdb - Multimapper,,,,
19493,21,8254357,8254812,ICR_1249,21,8254461,8254462,3,"1,2,3",1,1,1,,,cg25621251,CGdb - Multimapper,,,,
19494,21,8254357,8254812,ICR_1249,21,8254482,8254483,3,"1,2,3",1,1,1,,,cg25621252,CGdb - Multimapper,,,,
19495,21,8254357,8254812,ICR_1249,21,8254513,8254514,3,"1,2,3",1,1,1,,,cg25621253,CGdb - Multimapper,,,,
19496,21,8254357,8254812,ICR_1249,21,8254532,8254533,3,"1,2,3",1,1,1,,,cg25621254,CGdb - Multimapper,,,,
19497,21,8254357,8254812,ICR_1249,21,8254536,8254537,3,"1,2,3",1,1,1,,,cg25621255,CGdb - Multimapper,,,,
19498,21,8254357,8254812,ICR_1249,21,8254540,8254541,3,"1,2,3",1,1,1,,,cg25621256,CGdb - Multimapper,,,,
19499,21,8254357,8254812,ICR_1249,21,8254545,8254546,3,"1,2,3",1,1,1,,,cg25621257,CGdb - Multimapper,,,,
19500,21,8254357,8254812,ICR_1249,21,8254548,8254549,3,"1,2,3",1,1,1,,,cg25621258,CGdb - Multimapper,,,,
19501,21,8254357,8254812,ICR_1249,21,8254550,8254551,3,"1,2,3",1,1,1,,,cg25621259,CGdb - Multimapper,,,,
19502,21,8254357,8254812,ICR_1249,21,8254555,8254556,3,"1,2,3",1,1,1,,,cg25621260,CGdb - Multimapper,,,,
19503,21,8254357,8254812,ICR_1249,21,8254563,8254564,3,"1,2,3",1,1,1,,,cg25621261,CGdb - Multimapper,,,,
19504,21,8254357,8254812,ICR_1249,21,8254567,8254568,3,"1,2,3",1,1,1,,,cg25621262,CGdb - Multimapper,,,,
19505,21,8254357,8254812,ICR_1249,21,8254573,8254574,3,"1,2,3",1,1,1,,,cg25621263,CGdb - Multimapper,,,,
19506,21,8254357,8254812,ICR_1249,21,8254587,8254588,3,"1,2,3",1,1,1,,,cg25621264,CGdb - Multimapper,,,,
19507,21,8254357,8254812,ICR_1249,21,8254590,8254591,3,"1,2,3",1,1,1,,,cg25621265,CGdb - Multimapper,,,,
19508,21,8254357,8254812,ICR_1249,21,8254598,8254599,3,"1,2,3",1,1,1,,,cg25621266,CGdb - Multimapper,,,,
19509,21,8254357,8254812,ICR_1249,21,8254620,8254621,3,"1,2,3",1,1,1,,,cg25621267,CGdb - Multimapper,,,,
19510,21,8254357,8254812,ICR_1249,21,8254622,8254623,3,"1,2,3",1,1,1,,,cg25621268,CGdb - Multimapper,,,,
19511,21,8254357,8254812,ICR_1249,21,8254629,8254630,3,"1,2,3",1,1,1,,,cg25621269,CGdb - Multimapper,,,,
19512,21,8254357,8254812,ICR_1249,21,8254634,8254635,3,"1,2,3",1,1,1,,,cg25621270,CGdb - Multimapper,,,,
19513,21,8254357,8254812,ICR_1249,21,8254672,8254673,3,"1,2,3",1,1,1,,,cg25621271,CGdb - Multimapper,,,,
19514,21,8254357,8254812,ICR_1249,21,8254677,8254678,3,"1,2,3",1,1,1,,,cg25621272,CGdb - Multimapper,,,,
19515,21,8254357,8254812,ICR_1249,21,8254688,8254689,3,"1,2,3",1,1,1,,,cg25621273,CGdb - Multimapper,,,,
19516,21,8254357,8254812,ICR_1249,21,8254714,8254715,3,"1,2,3",1,1,1,,,cg25621274,CGdb - Multimapper,,,,
19517,21,8254357,8254812,ICR_1249,21,8254716,8254717,3,"1,2,3",1,1,1,,,cg25621275,CGdb - Multimapper,,,,
19518,21,8254357,8254812,ICR_1249,21,8254737,8254738,3,"1,2,3",1,1,1,,,cg25621276,CGdb - Multimapper,,,,
19519,21,8254357,8254812,ICR_1249,21,8254764,8254765,3,"1,2,3",1,1,1,,,cg25621277,CGdb - Multimapper,,,,
19520,21,8254357,8254812,ICR_1249,21,8254768,8254769,3,"1,2,3",1,1,1,,,cg25621278,CGdb - Multimapper,,,,
19521,21,8254357,8254812,ICR_1249,21,8254778,8254779,3,"1,2,3",1,1,1,,,cg25621279,CGdb - Multimapper,,,,
19522,21,8254357,8254812,ICR_1249,21,8254785,8254786,3,"1,2,3",1,1,1,,,cg25621280,CGdb - Multimapper,,,,
19523,21,8254357,8254812,ICR_1249,21,8254788,8254789,3,"1,2,3",1,1,1,,,cg25621281,CGdb - Multimapper,,,,
19524,21,8254357,8254812,ICR_1249,21,8254811,8254812,3,"1,2,3",1,1,1,,,cg25621282,CGdb - Multimapper,,,,
19525,21,8254977,8255149,ICR_1250,21,8255000,8255001,3,"1,2,3",1,1,1,,,cg25621304,CGdb - Multimapper,,,,
19526,21,8254977,8255149,ICR_1250,21,8255042,8255043,3,"1,2,3",1,1,1,,,cg25621305,CGdb - Multimapper,,,,
19527,21,8254977,8255149,ICR_1250,21,8255071,8255072,3,"1,2,3",1,1,1,,,cg25621306,CGdb - Multimapper,,,,
19528,21,8254977,8255149,ICR_1250,21,8255091,8255092,3,"1,2,3",1,1,1,,,cg25621307,CGdb - Multimapper,,,,
19529,21,8254977,8255149,ICR_1250,21,8255105,8255106,3,"1,2,3",1,1,1,,,cg25621308,CGdb - Multimapper,,,,
19530,21,8254977,8255149,ICR_1250,21,8255110,8255111,3,"1,2,3",1,1,1,,,cg25621309,CGdb - Multimapper,,,,
19531,21,8254977,8255149,ICR_1250,21,8255116,8255117,3,"1,2,3",1,1,1,,,cg25621310,CGdb - Multimapper,,,,
19532,21,8254977,8255149,ICR_1250,21,8255148,8255149,3,"1,2,3",1,1,1,,,cg25621311,CGdb - Multimapper,,,,
19533,21,8255967,8256008,ICR_1251,21,8255973,8255974,3,"1,2,3",1,1,1,,,cg25624071,CGdb - Multimapper,,,,
19534,21,8255967,8256008,ICR_1251,21,8255980,8255981,3,"1,2,3",1,1,1,,,cg25624072,CGdb - Multimapper,,,,
19535,21,8255967,8256008,ICR_1251,21,8255984,8255985,3,"1,2,3",1,1,1,,,cg25624073,CGdb - Multimapper,,,,
19536,21,8255967,8256008,ICR_1251,21,8255986,8255987,3,"1,2,3",1,1,1,,,cg25624074,CGdb - Multimapper,,,,
19537,21,8255967,8256008,ICR_1251,21,8255992,8255993,3,"1,2,3",1,1,1,,,cg25624075,CGdb - Multimapper,,,,
19538,21,8255967,8256008,ICR_1251,21,8255995,8255996,3,"1,2,3",1,1,1,,,cg25624076,CGdb - Multimapper,,,,
19539,21,8255967,8256008,ICR_1251,21,8255998,8255999,3,"1,2,3",1,1,1,,,cg25624077,CGdb - Multimapper,,,,
19540,21,8255967,8256008,ICR_1251,21,8256007,8256008,3,"1,2,3",1,1,1,,,cg25624078,CGdb - Multimapper,,,,
19541,21,8256623,8256667,ICR_1252,21,8256633,8256634,3,"1,2,3",1,1,1,,,cg25621533,CGdb - Multimapper,,,,
19542,21,8256623,8256667,ICR_1252,21,8256640,8256641,3,"1,2,3",1,1,1,,,cg25624099,CGdb - Multimapper,,,,
19543,21,8256623,8256667,ICR_1252,21,8256646,8256647,3,"1,2,3",1,1,1,,,cg25624100,CGdb - Multimapper,,,,
19544,21,8256623,8256667,ICR_1252,21,8256658,8256659,3,"1,2,3",1,1,1,,,cg25624101,CGdb - Multimapper,,,,
19545,21,8256623,8256667,ICR_1252,21,8256666,8256667,3,"1,2,3",1,1,1,,,cg25624102,CGdb - Multimapper,,,,
19546,21,8259051,8259198,ICR_1253,21,8259057,8259058,3,"1,2,3",1,1,1,,,cg25621921,CGdb - Multimapper,,,,
19547,21,8259051,8259198,ICR_1253,21,8259063,8259064,3,"1,2,3",1,1,1,,,cg25621922,CGdb - Multimapper,,,,
19548,21,8259051,8259198,ICR_1253,21,8259071,8259072,3,"1,2,3",1,1,1,,,cg25621923,CGdb - Multimapper,,,,
19549,21,8259051,8259198,ICR_1253,21,8259078,8259079,3,"1,2,3",1,1,1,,,cg25621924,CGdb - Multimapper,,,,
19550,21,8259051,8259198,ICR_1253,21,8259081,8259082,3,"1,2,3",1,1,1,,,cg25621925,CGdb - Multimapper,,,,
19551,21,8259051,8259198,ICR_1253,21,8259084,8259085,3,"1,2,3",1,1,1,,,cg25621926,CGdb - Multimapper,,,,
19552,21,8259051,8259198,ICR_1253,21,8259086,8259087,3,"1,2,3",1,1,1,,,cg25621927,CGdb - Multimapper,,,,
19553,21,8259051,8259198,ICR_1253,21,8259101,8259102,3,"1,2,3",1,1,1,,,cg25621928,CGdb - Multimapper,,,,
19554,21,8259051,8259198,ICR_1253,21,8259104,8259105,3,"1,2,3",1,1,1,,,cg25621929,CGdb - Multimapper,,,,
19555,21,8259051,8259198,ICR_1253,21,8259114,8259115,3,"1,2,3",1,1,1,,,cg25621930,CGdb - Multimapper,,,,
19556,21,8259051,8259198,ICR_1253,21,8259116,8259117,3,"1,2,3",1,1,1,,,cg25621931,CGdb - Multimapper,,,,
19557,21,8259051,8259198,ICR_1253,21,8259128,8259129,3,"1,2,3",1,1,1,,,cg25621932,CGdb - Multimapper,,,,
19558,21,8259051,8259198,ICR_1253,21,8259130,8259131,3,"1,2,3",1,1,1,,,cg25621933,CGdb - Multimapper,,,,
19559,21,8259051,8259198,ICR_1253,21,8259146,8259147,3,"1,2,3",1,1,1,,,cg25621934,CGdb - Multimapper,,,,
19560,21,8259051,8259198,ICR_1253,21,8259148,8259149,3,"1,2,3",1,1,1,,,cg25621935,CGdb - Multimapper,,,,
19561,21,8259051,8259198,ICR_1253,21,8259154,8259155,3,"1,2,3",1,1,1,,,cg25621936,CGdb - Multimapper,,,,
19562,21,8259051,8259198,ICR_1253,21,8259156,8259157,3,"1,2,3",1,1,1,,,cg25621937,CGdb - Multimapper,,,,
19563,21,8259051,8259198,ICR_1253,21,8259159,8259160,3,"1,2,3",1,1,1,,,cg25621938,CGdb - Multimapper,,,,
19564,21,8259051,8259198,ICR_1253,21,8259162,8259163,3,"1,2,3",1,1,1,,,cg25621939,CGdb - Multimapper,,,,
19565,21,8259051,8259198,ICR_1253,21,8259170,8259171,3,"1,2,3",1,1,1,,,cg25621940,CGdb - Multimapper,,,,
19566,21,8259051,8259198,ICR_1253,21,8259181,8259182,3,"1,2,3",1,1,1,,,cg25621941,CGdb - Multimapper,,,,
19567,21,8259051,8259198,ICR_1253,21,8259197,8259198,3,"1,2,3",1,1,1,,,cg25621942,CGdb - Multimapper,,,,
19568,21,8259990,8260098,ICR_1254,21,8259994,8259995,3,"1,2,3",1,1,1,,,cg25622047,CGdb - Multimapper,,,,
19569,21,8259990,8260098,ICR_1254,21,8260004,8260005,3,"1,2,3",1,1,1,,,cg25622048,CGdb - Multimapper,,,,
19570,21,8259990,8260098,ICR_1254,21,8260008,8260009,3,"1,2,3",1,1,1,,,cg25622049,CGdb - Multimapper,,,,
19571,21,8259990,8260098,ICR_1254,21,8260011,8260012,3,"1,2,3",1,1,1,,,cg25622050,CGdb - Multimapper,,,,
19572,21,8259990,8260098,ICR_1254,21,8260021,8260022,3,"1,2,3",1,1,1,,,cg25622051,CGdb - Multimapper,,,,
19573,21,8259990,8260098,ICR_1254,21,8260025,8260026,3,"1,2,3",1,1,1,,,cg25622052,CGdb - Multimapper,,,,
19574,21,8259990,8260098,ICR_1254,21,8260031,8260032,3,"1,2,3",1,1,1,,,cg25622053,CGdb - Multimapper,,,,
19575,21,8259990,8260098,ICR_1254,21,8260034,8260035,3,"1,2,3",1,1,1,,,cg25622054,CGdb - Multimapper,,,,
19576,21,8259990,8260098,ICR_1254,21,8260081,8260082,3,"1,2,3",1,1,1,,,cg25622055,CGdb - Multimapper,,,,
19577,21,8259990,8260098,ICR_1254,21,8260097,8260098,3,"1,2,3",1,1,1,,,cg25622056,CGdb - Multimapper,,,,
19578,21,8260342,8260639,ICR_1255,21,8260348,8260349,3,"1,2,3",1,1,1,,,cg25622092,CGdb - Multimapper,,,,
19579,21,8260342,8260639,ICR_1255,21,8260354,8260355,3,"1,2,3",1,1,1,,,cg25622093,CGdb - Multimapper,,,,
19580,21,8260342,8260639,ICR_1255,21,8260362,8260363,3,"1,2,3",1,1,1,,,cg25622094,CGdb - Multimapper,,,,
19581,21,8260342,8260639,ICR_1255,21,8260364,8260365,3,"1,2,3",1,1,1,,,cg25622095,CGdb - Multimapper,,,,
19582,21,8260342,8260639,ICR_1255,21,8260368,8260369,3,"1,2,3",1,1,1,,,cg25622096,CGdb - Multimapper,,,,
19583,21,8260342,8260639,ICR_1255,21,8260373,8260374,3,"1,2,3",1,1,1,,,cg25622097,CGdb - Multimapper,,,,
19584,21,8260342,8260639,ICR_1255,21,8260376,8260377,3,"1,2,3",1,1,1,,,cg25622098,CGdb - Multimapper,,,,
19585,21,8260342,8260639,ICR_1255,21,8260378,8260379,3,"1,2,3",1,1,1,,,cg25622099,CGdb - Multimapper,,,,
19586,21,8260342,8260639,ICR_1255,21,8260381,8260382,3,"1,2,3",1,1,1,,,cg25622100,CGdb - Multimapper,,,,
19587,21,8260342,8260639,ICR_1255,21,8260394,8260395,3,"1,2,3",1,1,1,,,cg25622101,CGdb - Multimapper,,,,
19588,21,8260342,8260639,ICR_1255,21,8260399,8260400,3,"1,2,3",1,1,1,,,cg25622102,CGdb - Multimapper,,,,
19589,21,8260342,8260639,ICR_1255,21,8260421,8260422,3,"1,2,3",1,1,1,,,cg25622103,CGdb - Multimapper,,,,
19590,21,8260342,8260639,ICR_1255,21,8260423,8260424,3,"1,2,3",1,1,1,,,cg25622104,CGdb - Multimapper,,,,
19591,21,8260342,8260639,ICR_1255,21,8260429,8260430,3,"1,2,3",1,1,1,,,cg25622105,CGdb - Multimapper,,,,
19592,21,8260342,8260639,ICR_1255,21,8260439,8260440,3,"1,2,3",1,1,1,,,cg25622106,CGdb - Multimapper,,,,
19593,21,8260342,8260639,ICR_1255,21,8260442,8260443,3,"1,2,3",1,1,1,,,cg25622107,CGdb - Multimapper,,,,
19594,21,8260342,8260639,ICR_1255,21,8260481,8260482,3,"1,2,3",1,1,1,,,cg25622108,CGdb - Multimapper,,,,
19595,21,8260342,8260639,ICR_1255,21,8260497,8260498,3,"1,2,3",1,1,1,,,cg25622109,CGdb - Multimapper,,,,
19596,21,8260342,8260639,ICR_1255,21,8260545,8260546,3,"1,2,3",1,1,1,,,cg25624339,CGdb - Multimapper,,,,
19597,21,8260342,8260639,ICR_1255,21,8260562,8260563,3,"1,2,3",1,1,1,,,cg25624340,CGdb - Multimapper,,,,
19598,21,8260342,8260639,ICR_1255,21,8260566,8260567,3,"1,2,3",1,1,1,,,cg25624341,CGdb - Multimapper,,,,
19599,21,8260342,8260639,ICR_1255,21,8260569,8260570,3,"1,2,3",1,1,1,,,cg25624342,CGdb - Multimapper,,,,
19600,21,8260342,8260639,ICR_1255,21,8260574,8260575,3,"1,2,3",1,1,1,,,cg25624343,CGdb - Multimapper,,,,
19601,21,8260342,8260639,ICR_1255,21,8260582,8260583,3,"1,2,3",1,1,1,,,cg25624344,CGdb - Multimapper,,,,
19602,21,8260342,8260639,ICR_1255,21,8260586,8260587,3,"1,2,3",1,1,1,,,cg25624345,CGdb - Multimapper,,,,
19603,21,8260342,8260639,ICR_1255,21,8260596,8260597,3,"1,2,3",1,1,1,,,cg25624346,CGdb - Multimapper,,,,
19604,21,8260342,8260639,ICR_1255,21,8260605,8260606,3,"1,2,3",1,1,1,,,cg25624347,CGdb - Multimapper,,,,
19605,21,8260342,8260639,ICR_1255,21,8260609,8260610,3,"1,2,3",1,1,1,,,cg25624348,CGdb - Multimapper,,,,
19606,21,8260342,8260639,ICR_1255,21,8260613,8260614,3,"1,2,3",1,1,1,,,cg25624349,CGdb - Multimapper,,,,
19607,21,8260342,8260639,ICR_1255,21,8260624,8260625,3,"1,2,3",1,1,1,,,cg25624350,CGdb - Multimapper,,,,
19608,21,8260342,8260639,ICR_1255,21,8260638,8260639,3,"1,2,3",1,1,1,,,cg25622121,CGdb - Multimapper,,,,
19609,21,8388627,8388658,ICR_1256,21,8388639,8388640,3,"1,2,3",1,1,1,,,cg25620533,CGdb - Multimapper,,,,
19610,21,8388627,8388658,ICR_1256,21,8388647,8388648,3,"1,2,3",1,1,1,,,cg25620534,CGdb - Multimapper,,,,
19611,21,8388627,8388658,ICR_1256,21,8388651,8388652,3,"1,2,3",1,1,1,,,cg25620535,CGdb - Multimapper,,,,
19612,21,8388627,8388658,ICR_1256,21,8388657,8388658,3,"1,2,3",1,1,1,,,cg25620536,CGdb - Multimapper,,,,
19613,21,8389622,8389676,ICR_1257,21,8389630,8389631,3,"1,2,3",1,1,1,,,cg25620682,CGdb - Multimapper,,,,
19614,21,8389622,8389676,ICR_1257,21,8389637,8389638,3,"1,2,3",1,1,1,,,cg25620683,CGdb - Multimapper,,,,
19615,21,8389622,8389676,ICR_1257,21,8389642,8389643,3,"1,2,3",1,1,1,,,cg25620684,CGdb - Multimapper,,,,
19616,21,8389622,8389676,ICR_1257,21,8389648,8389649,3,"1,2,3",1,1,1,,,cg25620685,CGdb - Multimapper,,,,
19617,21,8389622,8389676,ICR_1257,21,8389651,8389652,3,"1,2,3",1,1,1,,,cg25620686,CGdb - Multimapper,,,,
19618,21,8389622,8389676,ICR_1257,21,8389656,8389657,3,"1,2,3",1,1,1,,,cg25620687,CGdb - Multimapper,,,,
19619,21,8389622,8389676,ICR_1257,21,8389660,8389661,3,"1,2,3",1,1,1,,,cg25620688,CGdb - Multimapper,,,,
19620,21,8389622,8389676,ICR_1257,21,8389663,8389664,3,"1,2,3",1,1,1,,,cg25620689,CGdb - Multimapper,,,,
19621,21,8389622,8389676,ICR_1257,21,8389672,8389673,3,"1,2,3",1,1,1,,,cg25620690,CGdb - Multimapper,,,,
19622,21,8389622,8389676,ICR_1257,21,8389675,8389676,3,"1,2,3",1,1,1,,,cg25620691,CGdb - Multimapper,,,,
19623,21,8393074,8393383,ICR_1258,21,8393088,8393089,3,"1,2,3",1,1,1,,,cg25621240,CGdb - Multimapper,,,,
19624,21,8393074,8393383,ICR_1258,21,8393094,8393095,3,"1,2,3",1,1,1,,,cg25621241,CGdb - Multimapper,,,,
19625,21,8393074,8393383,ICR_1258,21,8393114,8393115,3,"1,2,3",1,1,1,,,cg25621242,CGdb - Multimapper,,,,
19626,21,8393074,8393383,ICR_1258,21,8393143,8393144,3,"1,2,3",1,1,1,,,cg25621243,CGdb - Multimapper,,,,
19627,21,8393074,8393383,ICR_1258,21,8393145,8393146,3,"1,2,3",1,1,1,,,cg25621244,CGdb - Multimapper,,,,
19628,21,8393074,8393383,ICR_1258,21,8393162,8393163,3,"1,2,3",1,1,1,,,cg25621245,CGdb - Multimapper,,,,
19629,21,8393074,8393383,ICR_1258,21,8393167,8393168,3,"1,2,3",1,1,1,,,cg25621246,CGdb - Multimapper,,,,
19630,21,8393074,8393383,ICR_1258,21,8393181,8393182,3,"1,2,3",1,1,1,,,cg25621247,CGdb - Multimapper,,,,
19631,21,8393074,8393383,ICR_1258,21,8393207,8393208,3,"1,2,3",1,1,1,,,cg25621248,CGdb - Multimapper,,,,
19632,21,8393074,8393383,ICR_1258,21,8393249,8393250,3,"1,2,3",1,1,1,,,cg25621249,CGdb - Multimapper,,,,
19633,21,8393074,8393383,ICR_1258,21,8393286,8393287,3,"1,2,3",1,1,1,,,cg25621250,CGdb - Multimapper,,,,
19634,21,8393074,8393383,ICR_1258,21,8393288,8393289,3,"1,2,3",1,1,1,,,cg25621251,CGdb - Multimapper,,,,
19635,21,8393074,8393383,ICR_1258,21,8393309,8393310,3,"1,2,3",1,1,1,,,cg25621252,CGdb - Multimapper,,,,
19636,21,8393074,8393383,ICR_1258,21,8393340,8393341,3,"1,2,3",1,1,1,,,cg25621253,CGdb - Multimapper,,,,
19637,21,8393074,8393383,ICR_1258,21,8393359,8393360,3,"1,2,3",1,1,1,,,cg25621254,CGdb - Multimapper,,,,
19638,21,8393074,8393383,ICR_1258,21,8393363,8393364,3,"1,2,3",1,1,1,,,cg25621255,CGdb - Multimapper,,,,
19639,21,8393074,8393383,ICR_1258,21,8393367,8393368,3,"1,2,3",1,1,1,,,cg25621256,CGdb - Multimapper,,,,
19640,21,8393074,8393383,ICR_1258,21,8393372,8393373,3,"1,2,3",1,1,1,,,cg25621257,CGdb - Multimapper,,,,
19641,21,8393074,8393383,ICR_1258,21,8393375,8393376,3,"1,2,3",1,1,1,,,cg25621258,CGdb - Multimapper,,,,
19642,21,8393074,8393383,ICR_1258,21,8393377,8393378,3,"1,2,3",1,1,1,,,cg25621259,CGdb - Multimapper,,,,
19643,21,8393074,8393383,ICR_1258,21,8393382,8393383,3,"1,2,3",1,1,1,,,cg25621260,CGdb - Multimapper,,,,
19644,21,8393565,8393774,ICR_1259,21,8393591,8393592,3,"1,2,3",1,1,1,,,cg25621277,CGdb - Multimapper,,,,
19645,21,8393565,8393774,ICR_1259,21,8393595,8393596,3,"1,2,3",1,1,1,,,cg25621278,CGdb - Multimapper,,,,
19646,21,8393565,8393774,ICR_1259,21,8393605,8393606,3,"1,2,3",1,1,1,,,cg25621279,CGdb - Multimapper,,,,
19647,21,8393565,8393774,ICR_1259,21,8393612,8393613,3,"1,2,3",1,1,1,,,cg25621280,CGdb - Multimapper,,,,
19648,21,8393565,8393774,ICR_1259,21,8393615,8393616,3,"1,2,3",1,1,1,,,cg25621281,CGdb - Multimapper,,,,
19649,21,8393565,8393774,ICR_1259,21,8393638,8393639,3,"1,2,3",1,1,1,,,cg25621282,CGdb - Multimapper,,,,
19650,21,8393565,8393774,ICR_1259,21,8393641,8393642,3,"1,2,3",1,1,1,,,cg25621283,CGdb - Multimapper,,,,
19651,21,8393565,8393774,ICR_1259,21,8393648,8393649,3,"1,2,3",1,1,1,,,cg25621284,CGdb - Multimapper,,,,
19652,21,8393565,8393774,ICR_1259,21,8393658,8393659,3,"1,2,3",1,1,1,,,cg25621285,CGdb - Multimapper,,,,
19653,21,8393565,8393774,ICR_1259,21,8393696,8393697,3,"1,2,3",1,1,1,,,cg25621287,CGdb - Multimapper,,,,
19654,21,8393565,8393774,ICR_1259,21,8393703,8393704,3,"1,2,3",1,1,1,,,cg25621288,CGdb - Multimapper,,,,
19655,21,8393565,8393774,ICR_1259,21,8393711,8393712,3,"1,2,3",1,1,1,,,cg25621289,CGdb - Multimapper,,,,
19656,21,8393565,8393774,ICR_1259,21,8393717,8393718,3,"1,2,3",1,1,1,,,cg25621290,CGdb - Multimapper,,,,
19657,21,8393565,8393774,ICR_1259,21,8393728,8393729,3,"1,2,3",1,1,1,,,cg25621291,CGdb - Multimapper,,,,
19658,21,8393565,8393774,ICR_1259,21,8393731,8393732,3,"1,2,3",1,1,1,,,cg25621292,CGdb - Multimapper,,,,
19659,21,8393565,8393774,ICR_1259,21,8393739,8393740,3,"1,2,3",1,1,1,,,cg25621293,CGdb - Multimapper,,,,
19660,21,8393565,8393774,ICR_1259,21,8393749,8393750,3,"1,2,3",1,1,1,,,cg25621294,CGdb - Multimapper,,,,
19661,21,8393565,8393774,ICR_1259,21,8393755,8393756,3,"1,2,3",1,1,1,,,cg25621295,CGdb - Multimapper,,,,
19662,21,8393565,8393774,ICR_1259,21,8393759,8393760,3,"1,2,3",1,1,1,,,cg25621296,CGdb - Multimapper,,,,
19663,21,8393565,8393774,ICR_1259,21,8393762,8393763,3,"1,2,3",1,1,1,,,cg25621297,CGdb - Multimapper,,,,
19664,21,8393565,8393774,ICR_1259,21,8393767,8393768,3,"1,2,3",1,1,1,,,cg25621298,CGdb - Multimapper,,,,
19665,21,8393565,8393774,ICR_1259,21,8393770,8393771,3,"1,2,3",1,1,1,,,cg25621299,CGdb - Multimapper,,,,
19666,21,8393565,8393774,ICR_1259,21,8393773,8393774,3,"1,2,3",1,1,1,,,cg25621300,CGdb - Multimapper,,,,
19667,21,8394039,8394188,ICR_1260,21,8394044,8394045,3,"1,2,3",1,1,1,,,cg25621315,CGdb - Multimapper,,,,
19668,21,8394039,8394188,ICR_1260,21,8394048,8394049,3,"1,2,3",1,1,1,,,cg25621316,CGdb - Multimapper,,,,
19669,21,8394039,8394188,ICR_1260,21,8394074,8394075,3,"1,2,3",1,1,1,,,cg25621317,CGdb - Multimapper,,,,
19670,21,8394039,8394188,ICR_1260,21,8394076,8394077,3,"1,2,3",1,1,1,,,cg25621318,CGdb - Multimapper,,,,
19671,21,8394039,8394188,ICR_1260,21,8394083,8394084,3,"1,2,3",1,1,1,,,cg25621319,CGdb - Multimapper,,,,
19672,21,8394039,8394188,ICR_1260,21,8394087,8394088,3,"1,2,3",1,1,1,,,cg25621320,CGdb - Multimapper,,,,
19673,21,8394039,8394188,ICR_1260,21,8394091,8394092,3,"1,2,3",1,1,1,,,cg25621321,CGdb - Multimapper,,,,
19674,21,8394039,8394188,ICR_1260,21,8394094,8394095,3,"1,2,3",1,1,1,,,cg25621322,CGdb - Multimapper,,,,
19675,21,8394039,8394188,ICR_1260,21,8394124,8394125,3,"1,2,3",1,1,1,,,cg25621323,CGdb - Multimapper,,,,
19676,21,8394039,8394188,ICR_1260,21,8394136,8394137,3,"1,2,3",1,1,1,,,cg25621324,CGdb - Multimapper,,,,
19677,21,8394039,8394188,ICR_1260,21,8394177,8394178,3,"1,2,3",1,1,1,,,cg25621325,CGdb - Multimapper,,,,
19678,21,8394039,8394188,ICR_1260,21,8394187,8394188,3,"1,2,3",1,1,1,,,cg25621326,CGdb - Multimapper,,,,
19679,21,8394459,8394550,ICR_1261,21,8394462,8394463,3,"1,2,3",1,1,1,,,cg25621355,CGdb - Multimapper,,,,
19680,21,8394459,8394550,ICR_1261,21,8394492,8394493,3,"1,2,3",1,1,1,,,cg25621356,CGdb - Multimapper,,,,
19681,21,8394459,8394550,ICR_1261,21,8394506,8394507,3,"1,2,3",1,1,1,,,cg25621357,CGdb - Multimapper,,,,
19682,21,8394459,8394550,ICR_1261,21,8394520,8394521,3,"1,2,3",1,1,1,,,cg25621358,CGdb - Multimapper,,,,
19683,21,8394459,8394550,ICR_1261,21,8394535,8394536,3,"1,2,3",1,1,1,,,cg25621359,CGdb - Multimapper,,,,
19684,21,8394459,8394550,ICR_1261,21,8394542,8394543,3,"1,2,3",1,1,1,,,cg25621360,CGdb - Multimapper,,,,
19685,21,8394459,8394550,ICR_1261,21,8394549,8394550,3,"1,2,3",1,1,1,,,cg25621361,CGdb - Multimapper,,,,
19686,21,8394810,8394840,ICR_1262,21,8394815,8394816,3,"1,2,3",1,1,1,,,cg25621411,CGdb - Multimapper,,,,
19687,21,8394810,8394840,ICR_1262,21,8394821,8394822,3,"1,2,3",1,1,1,,,cg25621412,CGdb - Multimapper,,,,
19688,21,8394810,8394840,ICR_1262,21,8394824,8394825,3,"1,2,3",1,1,1,,,cg25621413,CGdb - Multimapper,,,,
19689,21,8394810,8394840,ICR_1262,21,8394827,8394828,3,"1,2,3",1,1,1,,,cg25621414,CGdb - Multimapper,,,,
19690,21,8394810,8394840,ICR_1262,21,8394836,8394837,3,"1,2,3",1,1,1,,,cg25621415,CGdb - Multimapper,,,,
19691,21,8394810,8394840,ICR_1262,21,8394839,8394840,3,"1,2,3",1,1,1,,,cg25621416,CGdb - Multimapper,,,,
19692,21,8394978,8395322,ICR_1263,21,8394979,8394980,3,"1,2,3",1,1,1,,,cg25621447,CGdb - Multimapper,,,,
19693,21,8394978,8395322,ICR_1263,21,8394982,8394983,3,"1,2,3",1,1,1,,,cg25621448,CGdb - Multimapper,,,,
19694,21,8394978,8395322,ICR_1263,21,8394987,8394988,3,"1,2,3",1,1,1,,,cg25621449,CGdb - Multimapper,,,,
19695,21,8394978,8395322,ICR_1263,21,8394989,8394990,3,"1,2,3",1,1,1,,,cg25621450,CGdb - Multimapper,,,,
19696,21,8394978,8395322,ICR_1263,21,8394992,8394993,3,"1,2,3",1,1,1,,,cg25621451,CGdb - Multimapper,,,,
19697,21,8394978,8395322,ICR_1263,21,8394995,8394996,3,"1,2,3",1,1,1,,,cg25621452,CGdb - Multimapper,,,,
19698,21,8394978,8395322,ICR_1263,21,8395001,8395002,3,"1,2,3",1,1,1,,,cg25621453,CGdb - Multimapper,,,,
19699,21,8394978,8395322,ICR_1263,21,8395007,8395008,3,"1,2,3",1,1,1,,,cg25621454,CGdb - Multimapper,,,,
19700,21,8394978,8395322,ICR_1263,21,8395011,8395012,3,"1,2,3",1,1,1,,,cg25621455,CGdb - Multimapper,,,,
19701,21,8394978,8395322,ICR_1263,21,8395020,8395021,3,"1,2,3",1,1,1,,,cg25621456,CGdb - Multimapper,,,,
19702,21,8394978,8395322,ICR_1263,21,8395029,8395030,3,"1,2,3",1,1,1,,,cg25621457,CGdb - Multimapper,,,,
19703,21,8394978,8395322,ICR_1263,21,8395037,8395038,3,"1,2,3",1,1,1,,,cg25621458,CGdb - Multimapper,,,,
19704,21,8394978,8395322,ICR_1263,21,8395042,8395043,3,"1,2,3",1,1,1,,,cg25621459,CGdb - Multimapper,,,,
19705,21,8394978,8395322,ICR_1263,21,8395049,8395050,3,"1,2,3",1,1,1,,,cg25621460,CGdb - Multimapper,,,,
19706,21,8394978,8395322,ICR_1263,21,8395056,8395057,3,"1,2,3",1,1,1,,,cg25621461,CGdb - Multimapper,,,,
19707,21,8394978,8395322,ICR_1263,21,8395060,8395061,3,"1,2,3",1,1,1,,,cg25621462,CGdb - Multimapper,,,,
19708,21,8394978,8395322,ICR_1263,21,8395063,8395064,3,"1,2,3",1,1,1,,,cg25621463,CGdb - Multimapper,,,,
19709,21,8394978,8395322,ICR_1263,21,8395076,8395077,3,"1,2,3",1,1,1,,,cg25621464,CGdb - Multimapper,,,,
19710,21,8394978,8395322,ICR_1263,21,8395084,8395085,3,"1,2,3",1,1,1,,,cg25621465,CGdb - Multimapper,,,,
19711,21,8394978,8395322,ICR_1263,21,8395088,8395089,3,"1,2,3",1,1,1,,,cg25621467,CGdb - Multimapper,,,,
19712,21,8394978,8395322,ICR_1263,21,8395096,8395097,3,"1,2,3",1,1,1,,,cg25621468,CGdb - Multimapper,,,,
19713,21,8394978,8395322,ICR_1263,21,8395099,8395100,3,"1,2,3",1,1,1,,,cg25621469,CGdb - Multimapper,,,,
19714,21,8394978,8395322,ICR_1263,21,8395114,8395115,3,"1,2,3",1,1,1,,,cg25621470,CGdb - Multimapper,,,,
19715,21,8394978,8395322,ICR_1263,21,8395116,8395117,3,"1,2,3",1,1,1,,,cg25621471,CGdb - Multimapper,,,,
19716,21,8394978,8395322,ICR_1263,21,8395121,8395122,3,"1,2,3",1,1,1,,,cg25621472,CGdb - Multimapper,,,,
19717,21,8394978,8395322,ICR_1263,21,8395124,8395125,3,"1,2,3",1,1,1,,,cg25621473,CGdb - Multimapper,,,,
19718,21,8394978,8395322,ICR_1263,21,8395126,8395127,3,"1,2,3",1,1,1,,,cg25621474,CGdb - Multimapper,,,,
19719,21,8394978,8395322,ICR_1263,21,8395154,8395155,3,"1,2,3",1,1,1,,,cg25621475,CGdb - Multimapper,,,,
19720,21,8394978,8395322,ICR_1263,21,8395158,8395159,3,"1,2,3",1,1,1,,,cg25621476,CGdb - Multimapper,,,,
19721,21,8394978,8395322,ICR_1263,21,8395162,8395163,3,"1,2,3",1,1,1,,,cg25621477,CGdb - Multimapper,,,,
19722,21,8394978,8395322,ICR_1263,21,8395166,8395167,3,"1,2,3",1,1,1,,,cg25621478,CGdb - Multimapper,,,,
19723,21,8394978,8395322,ICR_1263,21,8395173,8395174,3,"1,2,3",1,1,1,,,cg25621479,CGdb - Multimapper,,,,
19724,21,8394978,8395322,ICR_1263,21,8395179,8395180,3,"1,2,3",1,1,1,,,cg25621480,CGdb - Multimapper,,,,
19725,21,8394978,8395322,ICR_1263,21,8395191,8395192,3,"1,2,3",1,1,1,,,cg25621481,CGdb - Multimapper,,,,
19726,21,8394978,8395322,ICR_1263,21,8395193,8395194,3,"1,2,3",1,1,1,,,cg25621482,CGdb - Multimapper,,,,
19727,21,8394978,8395322,ICR_1263,21,8395204,8395205,3,"1,2,3",1,1,1,,,cg25621483,CGdb - Multimapper,,,,
19728,21,8394978,8395322,ICR_1263,21,8395207,8395208,3,"1,2,3",1,1,1,,,cg25621484,CGdb - Multimapper,,,,
19729,21,8394978,8395322,ICR_1263,21,8395218,8395219,3,"1,2,3",1,1,1,,,cg25621485,CGdb - Multimapper,,,,
19730,21,8394978,8395322,ICR_1263,21,8395228,8395229,3,"1,2,3",1,1,1,,,cg25621486,CGdb - Multimapper,,,,
19731,21,8394978,8395322,ICR_1263,21,8395230,8395231,3,"1,2,3",1,1,1,,,cg25621487,CGdb - Multimapper,,,,
19732,21,8394978,8395322,ICR_1263,21,8395239,8395240,3,"1,2,3",1,1,1,,,cg25621488,CGdb - Multimapper,,,,
19733,21,8394978,8395322,ICR_1263,21,8395241,8395242,3,"1,2,3",1,1,1,,,cg25621489,CGdb - Multimapper,,,,
19734,21,8394978,8395322,ICR_1263,21,8395248,8395249,3,"1,2,3",1,1,1,,,cg25621490,CGdb - Multimapper,,,,
19735,21,8394978,8395322,ICR_1263,21,8395255,8395256,3,"1,2,3",1,1,1,,,cg25621491,CGdb - Multimapper,,,,
19736,21,8394978,8395322,ICR_1263,21,8395259,8395260,3,"1,2,3",1,1,1,,,cg25621492,CGdb - Multimapper,,,,
19737,21,8394978,8395322,ICR_1263,21,8395265,8395266,3,"1,2,3",1,1,1,,,cg25621493,CGdb - Multimapper,,,,
19738,21,8394978,8395322,ICR_1263,21,8395267,8395268,3,"1,2,3",1,1,1,,,cg25621494,CGdb - Multimapper,,,,
19739,21,8394978,8395322,ICR_1263,21,8395270,8395271,3,"1,2,3",1,1,1,,,cg25621495,CGdb - Multimapper,,,,
19740,21,8394978,8395322,ICR_1263,21,8395273,8395274,3,"1,2,3",1,1,1,,,cg25621496,CGdb - Multimapper,,,,
19741,21,8394978,8395322,ICR_1263,21,8395276,8395277,3,"1,2,3",1,1,1,,,cg25621497,CGdb - Multimapper,,,,
19742,21,8394978,8395322,ICR_1263,21,8395279,8395280,3,"1,2,3",1,1,1,,,cg25621498,CGdb - Multimapper,,,,
19743,21,8394978,8395322,ICR_1263,21,8395282,8395283,3,"1,2,3",1,1,1,,,cg25621499,CGdb - Multimapper,,,,
19744,21,8394978,8395322,ICR_1263,21,8395284,8395285,3,"1,2,3",1,1,1,,,cg25621500,CGdb - Multimapper,,,,
19745,21,8394978,8395322,ICR_1263,21,8395287,8395288,3,"1,2,3",1,1,1,,,cg25621501,CGdb - Multimapper,,,,
19746,21,8394978,8395322,ICR_1263,21,8395291,8395292,3,"1,2,3",1,1,1,,,cg25621502,CGdb - Multimapper,,,,
19747,21,8394978,8395322,ICR_1263,21,8395294,8395295,3,"1,2,3",1,1,1,,,cg25621503,CGdb - Multimapper,,,,
19748,21,8394978,8395322,ICR_1263,21,8395311,8395312,3,"1,2,3",1,1,1,,,cg25621504,CGdb - Multimapper,,,,
19749,21,8394978,8395322,ICR_1263,21,8395314,8395315,3,"1,2,3",1,1,1,,,cg25621505,CGdb - Multimapper,,,,
19750,21,8394978,8395322,ICR_1263,21,8395318,8395319,3,"1,2,3",1,1,1,,,cg25621506,CGdb - Multimapper,,,,
19751,21,8394978,8395322,ICR_1263,21,8395321,8395322,3,"1,2,3",1,1,1,,,cg25621507,CGdb - Multimapper,,,,
19752,21,8397411,8397431,ICR_1264,21,8397414,8397415,3,"1,2,3",1,1,1,,,cg25621846,CGdb - Multimapper,,,,
19753,21,8397411,8397431,ICR_1264,21,8397419,8397420,3,"1,2,3",1,1,1,,,cg25621847,CGdb - Multimapper,,,,
19754,21,8397411,8397431,ICR_1264,21,8397422,8397423,3,"1,2,3",1,1,1,,,cg25621848,CGdb - Multimapper,,,,
19755,21,8397411,8397431,ICR_1264,21,8397427,8397428,3,"1,2,3",1,1,1,,,cg25621849,CGdb - Multimapper,,,,
19756,21,8397411,8397431,ICR_1264,21,8397430,8397431,3,"1,2,3",1,1,1,,,cg25621850,CGdb - Multimapper,,,,
19757,21,8398648,8398748,ICR_1265,21,8398655,8398656,3,"1,2,3",1,1,1,,,cg25622035,CGdb - Multimapper,,,,
19758,21,8398648,8398748,ICR_1265,21,8398678,8398679,3,"1,2,3",1,1,1,,,cg25622037,CGdb - Multimapper,,,,
19759,21,8398648,8398748,ICR_1265,21,8398683,8398684,3,"1,2,3",1,1,1,,,cg25622038,CGdb - Multimapper,,,,
19760,21,8398648,8398748,ICR_1265,21,8398724,8398725,3,"1,2,3",1,1,1,,,cg25622040,CGdb - Multimapper,,,,
19761,21,8398648,8398748,ICR_1265,21,8398729,8398730,3,"1,2,3",1,1,1,,,cg25622041,CGdb - Multimapper,,,,
19762,21,8398648,8398748,ICR_1265,21,8398735,8398736,3,"1,2,3",1,1,1,,,cg25622042,CGdb - Multimapper,,,,
19763,21,8398648,8398748,ICR_1265,21,8398743,8398744,3,"1,2,3",1,1,1,,,cg25622043,CGdb - Multimapper,,,,
19764,21,8398648,8398748,ICR_1265,21,8398747,8398748,3,"1,2,3",1,1,1,,,cg25622044,CGdb - Multimapper,,,,
19765,21,8399142,8399444,ICR_1266,21,8399146,8399147,3,"1,2,3",1,1,1,,,cg25622091,CGdb - Multimapper,,,,
19766,21,8399142,8399444,ICR_1266,21,8399153,8399154,3,"1,2,3",1,1,1,,,cg25622092,CGdb - Multimapper,,,,
19767,21,8399142,8399444,ICR_1266,21,8399159,8399160,3,"1,2,3",1,1,1,,,cg25622093,CGdb - Multimapper,,,,
19768,21,8399142,8399444,ICR_1266,21,8399167,8399168,3,"1,2,3",1,1,1,,,cg25622094,CGdb - Multimapper,,,,
19769,21,8399142,8399444,ICR_1266,21,8399169,8399170,3,"1,2,3",1,1,1,,,cg25622095,CGdb - Multimapper,,,,
19770,21,8399142,8399444,ICR_1266,21,8399173,8399174,3,"1,2,3",1,1,1,,,cg25622096,CGdb - Multimapper,,,,
19771,21,8399142,8399444,ICR_1266,21,8399178,8399179,3,"1,2,3",1,1,1,,,cg25622097,CGdb - Multimapper,,,,
19772,21,8399142,8399444,ICR_1266,21,8399181,8399182,3,"1,2,3",1,1,1,,,cg25622098,CGdb - Multimapper,,,,
19773,21,8399142,8399444,ICR_1266,21,8399183,8399184,3,"1,2,3",1,1,1,,,cg25622099,CGdb - Multimapper,,,,
19774,21,8399142,8399444,ICR_1266,21,8399186,8399187,3,"1,2,3",1,1,1,,,cg25622100,CGdb - Multimapper,,,,
19775,21,8399142,8399444,ICR_1266,21,8399199,8399200,3,"1,2,3",1,1,1,,,cg25622101,CGdb - Multimapper,,,,
19776,21,8399142,8399444,ICR_1266,21,8399204,8399205,3,"1,2,3",1,1,1,,,cg25622102,CGdb - Multimapper,,,,
19777,21,8399142,8399444,ICR_1266,21,8399226,8399227,3,"1,2,3",1,1,1,,,cg25622103,CGdb - Multimapper,,,,
19778,21,8399142,8399444,ICR_1266,21,8399228,8399229,3,"1,2,3",1,1,1,,,cg25622104,CGdb - Multimapper,,,,
19779,21,8399142,8399444,ICR_1266,21,8399234,8399235,3,"1,2,3",1,1,1,,,cg25622105,CGdb - Multimapper,,,,
19780,21,8399142,8399444,ICR_1266,21,8399244,8399245,3,"1,2,3",1,1,1,,,cg25622106,CGdb - Multimapper,,,,
19781,21,8399142,8399444,ICR_1266,21,8399247,8399248,3,"1,2,3",1,1,1,,,cg25622107,CGdb - Multimapper,,,,
19782,21,8399142,8399444,ICR_1266,21,8399286,8399287,3,"1,2,3",1,1,1,,,cg25622108,CGdb - Multimapper,,,,
19783,21,8399142,8399444,ICR_1266,21,8399302,8399303,3,"1,2,3",1,1,1,,,cg25622109,CGdb - Multimapper,,,,
19784,21,8399142,8399444,ICR_1266,21,8399350,8399351,3,"1,2,3",1,1,1,,,cg25624339,CGdb - Multimapper,,,,
19785,21,8399142,8399444,ICR_1266,21,8399367,8399368,3,"1,2,3",1,1,1,,,cg25624340,CGdb - Multimapper,,,,
19786,21,8399142,8399444,ICR_1266,21,8399371,8399372,3,"1,2,3",1,1,1,,,cg25624341,CGdb - Multimapper,,,,
19787,21,8399142,8399444,ICR_1266,21,8399374,8399375,3,"1,2,3",1,1,1,,,cg25624342,CGdb - Multimapper,,,,
19788,21,8399142,8399444,ICR_1266,21,8399379,8399380,3,"1,2,3",1,1,1,,,cg25624343,CGdb - Multimapper,,,,
19789,21,8399142,8399444,ICR_1266,21,8399387,8399388,3,"1,2,3",1,1,1,,,cg25624344,CGdb - Multimapper,,,,
19790,21,8399142,8399444,ICR_1266,21,8399391,8399392,3,"1,2,3",1,1,1,,,cg25624345,CGdb - Multimapper,,,,
19791,21,8399142,8399444,ICR_1266,21,8399401,8399402,3,"1,2,3",1,1,1,,,cg25624346,CGdb - Multimapper,,,,
19792,21,8399142,8399444,ICR_1266,21,8399410,8399411,3,"1,2,3",1,1,1,,,cg25624347,CGdb - Multimapper,,,,
19793,21,8399142,8399444,ICR_1266,21,8399414,8399415,3,"1,2,3",1,1,1,,,cg25624348,CGdb - Multimapper,,,,
19794,21,8399142,8399444,ICR_1266,21,8399418,8399419,3,"1,2,3",1,1,1,,,cg25624349,CGdb - Multimapper,,,,
19795,21,8399142,8399444,ICR_1266,21,8399429,8399430,3,"1,2,3",1,1,1,,,cg25624350,CGdb - Multimapper,,,,
19796,21,8399142,8399444,ICR_1266,21,8399443,8399444,3,"1,2,3",1,1,1,,,cg25622121,CGdb - Multimapper,,,,
19797,21,8400649,8400889,ICR_1267,21,8400650,8400651,3,"1,2,3",1,1,1,,,cg25622275,CGdb - Multimapper,,,,
19798,21,8400649,8400889,ICR_1267,21,8400658,8400659,3,"1,2,3",1,1,1,,,cg25622276,CGdb - Multimapper,,,,
19799,21,8400649,8400889,ICR_1267,21,8400661,8400662,3,"1,2,3",1,1,1,,,cg25622277,CGdb - Multimapper,,,,
19800,21,8400649,8400889,ICR_1267,21,8400700,8400701,3,"1,2,3",1,1,1,,,cg25622278,CGdb - Multimapper,,,,
19801,21,8400649,8400889,ICR_1267,21,8400717,8400718,3,"1,2,3",1,1,1,,,cg25622279,CGdb - Multimapper,,,,
19802,21,8400649,8400889,ICR_1267,21,8400719,8400720,3,"1,2,3",1,1,1,,,cg25622280,CGdb - Multimapper,,,,
19803,21,8400649,8400889,ICR_1267,21,8400735,8400736,3,"1,2,3",1,1,1,,,cg25148117,CGdb - Multimapper,,,,
19804,21,8400649,8400889,ICR_1267,21,8400767,8400768,3,"1,2,3",1,1,1,,,cg12696644,CGdb - Multimapper,,,,
19805,21,8400649,8400889,ICR_1267,21,8400787,8400788,3,"1,2,3",1,1,1,,,cg25622281,CGdb - Multimapper,,,,
19806,21,8400649,8400889,ICR_1267,21,8400796,8400797,3,"1,2,3",1,1,1,,,cg25622282,CGdb - Multimapper,,,,
19807,21,8400649,8400889,ICR_1267,21,8400805,8400806,3,"1,2,3",1,1,1,,,cg25622283,CGdb - Multimapper,,,,
19808,21,8400649,8400889,ICR_1267,21,8400846,8400847,3,"1,2,3",1,1,1,,,cg25622284,CGdb - Multimapper,,,,
19809,21,8400649,8400889,ICR_1267,21,8400888,8400889,3,"1,2,3",1,1,1,,,cg25622285,CGdb - Multimapper,,,,
19810,21,8402302,8402340,ICR_1268,21,8402308,8402309,3,"1,2,3",1,1,1,,,cg25622452,CGdb - Multimapper,,,,
19811,21,8402302,8402340,ICR_1268,21,8402316,8402317,3,"1,2,3",1,1,1,,,cg25622453,CGdb - Multimapper,,,,
19812,21,8402302,8402340,ICR_1268,21,8402324,8402325,3,"1,2,3",1,1,1,,,cg25622454,CGdb - Multimapper,,,,
19813,21,8402302,8402340,ICR_1268,21,8402332,8402333,3,"1,2,3",1,1,1,,,cg25622455,CGdb - Multimapper,,,,
19814,21,8402302,8402340,ICR_1268,21,8402339,8402340,3,"1,2,3",1,1,1,,,cg25622456,CGdb - Multimapper,,,,
19815,21,8409174,8409553,ICR_1269,21,8409181,8409182,3,"1,2,3",1,1,1,,,cg25622959,CGdb - Multimapper,,,,
19816,21,8409174,8409553,ICR_1269,21,8409190,8409191,3,"1,2,3",1,1,1,,,cg25622960,CGdb - Multimapper,,,,
19817,21,8409174,8409553,ICR_1269,21,8409195,8409196,3,"1,2,3",1,1,1,,,cg25622961,CGdb - Multimapper,,,,
19818,21,8409174,8409553,ICR_1269,21,8409200,8409201,3,"1,2,3",1,1,1,,,cg25622962,CGdb - Multimapper,,,,
19819,21,8409174,8409553,ICR_1269,21,8409205,8409206,3,"1,2,3",1,1,1,,,cg25622963,CGdb - Multimapper,,,,
19820,21,8409174,8409553,ICR_1269,21,8409215,8409216,3,"1,2,3",1,1,1,,,cg25622964,CGdb - Multimapper,,,,
19821,21,8409174,8409553,ICR_1269,21,8409220,8409221,3,"1,2,3",1,1,1,,,cg25622965,CGdb - Multimapper,,,,
19822,21,8409174,8409553,ICR_1269,21,8409232,8409233,3,"1,2,3",1,1,1,,,cg25622966,CGdb - Multimapper,,,,
19823,21,8409174,8409553,ICR_1269,21,8409234,8409235,3,"1,2,3",1,1,1,,,cg25622967,CGdb - Multimapper,,,,
19824,21,8409174,8409553,ICR_1269,21,8409240,8409241,3,"1,2,3",1,1,1,,,cg25622968,CGdb - Multimapper,,,,
19825,21,8409174,8409553,ICR_1269,21,8409259,8409260,3,"1,2,3",1,1,1,,,cg25622969,CGdb - Multimapper,,,,
19826,21,8409174,8409553,ICR_1269,21,8409308,8409309,3,"1,2,3",1,1,1,,,cg25622970,CGdb - Multimapper,,,,
19827,21,8409174,8409553,ICR_1269,21,8409332,8409333,3,"1,2,3",1,1,1,,,cg25622971,CGdb - Multimapper,,,,
19828,21,8409174,8409553,ICR_1269,21,8409348,8409349,3,"1,2,3",1,1,1,,,cg25622972,CGdb - Multimapper,,,,
19829,21,8409174,8409553,ICR_1269,21,8409373,8409374,3,"1,2,3",1,1,1,,,cg25622973,CGdb - Multimapper,,,,
19830,21,8409174,8409553,ICR_1269,21,8409436,8409437,3,"1,2,3",1,1,1,,,cg25622974,CGdb - Multimapper,,,,
19831,21,8409174,8409553,ICR_1269,21,8409448,8409449,3,"1,2,3",1,1,1,,,cg25622975,CGdb - Multimapper,,,,
19832,21,8409174,8409553,ICR_1269,21,8409452,8409453,3,"1,2,3",1,1,1,,,cg25622976,CGdb - Multimapper,,,,
19833,21,8409174,8409553,ICR_1269,21,8409458,8409459,3,"1,2,3",1,1,1,,,cg25622977,CGdb - Multimapper,,,,
19834,21,8409174,8409553,ICR_1269,21,8409466,8409467,3,"1,2,3",1,1,1,,,cg25622978,CGdb - Multimapper,,,,
19835,21,8409174,8409553,ICR_1269,21,8409483,8409484,3,"1,2,3",1,1,1,,,cg25622979,CGdb - Multimapper,,,,
19836,21,8409174,8409553,ICR_1269,21,8409492,8409493,3,"1,2,3",1,1,1,,,cg25622980,CGdb - Multimapper,,,,
19837,21,8409174,8409553,ICR_1269,21,8409535,8409536,3,"1,2,3",1,1,1,,,cg25622981,CGdb - Multimapper,,,,
19838,21,8409174,8409553,ICR_1269,21,8409552,8409553,3,"1,2,3",1,1,1,,,cg25622982,CGdb - Multimapper,,,,
19839,21,8419436,8419753,ICR_1270,21,8419447,8419448,3,"1,2,3",1,1,1,,,cg25623248,CGdb - Multimapper,,,,
19840,21,8419436,8419753,ICR_1270,21,8419453,8419454,3,"1,2,3",1,1,1,,,cg25623249,CGdb - Multimapper,,,,
19841,21,8419436,8419753,ICR_1270,21,8419465,8419466,3,"1,2,3",1,1,1,,,cg25623251,CGdb - Multimapper,,,,
19842,21,8419436,8419753,ICR_1270,21,8419471,8419472,3,"1,2,3",1,1,1,,,cg25623252,CGdb - Multimapper,,,,
19843,21,8419436,8419753,ICR_1270,21,8419492,8419493,3,"1,2,3",1,1,1,,,cg25623253,CGdb - Multimapper,,,,
19844,21,8419436,8419753,ICR_1270,21,8419499,8419500,3,"1,2,3",1,1,1,,,cg25623254,CGdb - Multimapper,,,,
19845,21,8419436,8419753,ICR_1270,21,8419550,8419551,3,"1,2,3",1,1,1,,,cg25623255,CGdb - Multimapper,,,,
19846,21,8419436,8419753,ICR_1270,21,8419752,8419753,2,"2,3",0,1,1,,,cg25623256,CGdb - Multimapper,,,,
19847,21,8432767,8432863,ICR_1271,21,8432773,8432774,3,"1,2,3",1,1,1,,,cg25623696,CGdb - Multimapper,,,,
19848,21,8432767,8432863,ICR_1271,21,8432780,8432781,3,"1,2,3",1,1,1,,,cg25623697,CGdb - Multimapper,,,,
19849,21,8432767,8432863,ICR_1271,21,8432787,8432788,3,"1,2,3",1,1,1,,,cg25623698,CGdb - Multimapper,,,,
19850,21,8432767,8432863,ICR_1271,21,8432792,8432793,3,"1,2,3",1,1,1,,,cg25623699,CGdb - Multimapper,,,,
19851,21,8432767,8432863,ICR_1271,21,8432797,8432798,3,"1,2,3",1,1,1,,,cg25623700,CGdb - Multimapper,,,,
19852,21,8432767,8432863,ICR_1271,21,8432799,8432800,3,"1,2,3",1,1,1,,,cg25623701,CGdb - Multimapper,,,,
19853,21,8432767,8432863,ICR_1271,21,8432811,8432812,3,"1,2,3",1,1,1,,,cg25623702,CGdb - Multimapper,,,,
19854,21,8432767,8432863,ICR_1271,21,8432813,8432814,3,"1,2,3",1,1,1,,,cg25623703,CGdb - Multimapper,,,,
19855,21,8432767,8432863,ICR_1271,21,8432826,8432827,3,"1,2,3",1,1,1,,,cg25623704,CGdb - Multimapper,,,,
19856,21,8432767,8432863,ICR_1271,21,8432834,8432835,3,"1,2,3",1,1,1,,,cg25623705,CGdb - Multimapper,,,,
19857,21,8432767,8432863,ICR_1271,21,8432838,8432839,3,"1,2,3",1,1,1,,,cg25623706,CGdb - Multimapper,,,,
19858,21,8432767,8432863,ICR_1271,21,8432844,8432845,3,"1,2,3",1,1,1,,,cg25623707,CGdb - Multimapper,,,,
19859,21,8432767,8432863,ICR_1271,21,8432851,8432852,3,"1,2,3",1,1,1,,,cg25623708,CGdb - Multimapper,,,,
19860,21,8432767,8432863,ICR_1271,21,8432862,8432863,3,"1,2,3",1,1,1,,,cg25620538,CGdb - Multimapper,,,,
19861,21,8433163,8433213,ICR_1272,21,8433168,8433169,3,"1,2,3",1,1,1,,,cg25620585,CGdb - Multimapper,,,,
19862,21,8433163,8433213,ICR_1272,21,8433186,8433187,3,"1,2,3",1,1,1,,,cg25620586,CGdb - Multimapper,,,,
19863,21,8433163,8433213,ICR_1272,21,8433191,8433192,3,"1,2,3",1,1,1,,,cg25620587,CGdb - Multimapper,,,,
19864,21,8433163,8433213,ICR_1272,21,8433196,8433197,3,"1,2,3",1,1,1,,,cg25620588,CGdb - Multimapper,,,,
19865,21,8433163,8433213,ICR_1272,21,8433209,8433210,3,"1,2,3",1,1,1,,,cg25620589,CGdb - Multimapper,,,,
19866,21,8433163,8433213,ICR_1272,21,8433212,8433213,3,"1,2,3",1,1,1,,,cg25620590,CGdb - Multimapper,,,,
19867,21,8434286,8434377,ICR_1273,21,8434287,8434288,3,"1,2,3",1,1,1,,,cg25620754,CGdb - Multimapper,,,,
19868,21,8434286,8434377,ICR_1273,21,8434289,8434290,3,"1,2,3",1,1,1,,,cg25620755,CGdb - Multimapper,,,,
19869,21,8434286,8434377,ICR_1273,21,8434294,8434295,3,"1,2,3",1,1,1,,,cg25620756,CGdb - Multimapper,,,,
19870,21,8434286,8434377,ICR_1273,21,8434302,8434303,3,"1,2,3",1,1,1,,,cg25620757,CGdb - Multimapper,,,,
19871,21,8434286,8434377,ICR_1273,21,8434306,8434307,3,"1,2,3",1,1,1,,,cg25620758,CGdb - Multimapper,,,,
19872,21,8434286,8434377,ICR_1273,21,8434308,8434309,3,"1,2,3",1,1,1,,,cg25620759,CGdb - Multimapper,,,,
19873,21,8434286,8434377,ICR_1273,21,8434317,8434318,3,"1,2,3",1,1,1,,,cg25620761,CGdb - Multimapper,,,,
19874,21,8434286,8434377,ICR_1273,21,8434322,8434323,3,"1,2,3",1,1,1,,,cg25620762,CGdb - Multimapper,,,,
19875,21,8434286,8434377,ICR_1273,21,8434330,8434331,3,"1,2,3",1,1,1,,,cg25620763,CGdb - Multimapper,,,,
19876,21,8434286,8434377,ICR_1273,21,8434332,8434333,3,"1,2,3",1,1,1,,,cg25620764,CGdb - Multimapper,,,,
19877,21,8434286,8434377,ICR_1273,21,8434336,8434337,3,"1,2,3",1,1,1,,,cg25620765,CGdb - Multimapper,,,,
19878,21,8434286,8434377,ICR_1273,21,8434339,8434340,3,"1,2,3",1,1,1,,,cg25620766,CGdb - Multimapper,,,,
19879,21,8434286,8434377,ICR_1273,21,8434343,8434344,3,"1,2,3",1,1,1,,,cg25620767,CGdb - Multimapper,,,,
19880,21,8434286,8434377,ICR_1273,21,8434347,8434348,3,"1,2,3",1,1,1,,,cg25620768,CGdb - Multimapper,,,,
19881,21,8434286,8434377,ICR_1273,21,8434350,8434351,3,"1,2,3",1,1,1,,,cg25620769,CGdb - Multimapper,,,,
19882,21,8434286,8434377,ICR_1273,21,8434361,8434362,3,"1,2,3",1,1,1,,,cg25620770,CGdb - Multimapper,,,,
19883,21,8434286,8434377,ICR_1273,21,8434372,8434373,3,"1,2,3",1,1,1,,,cg25620771,CGdb - Multimapper,,,,
19884,21,8434286,8434377,ICR_1273,21,8434376,8434377,3,"1,2,3",1,1,1,,,cg25620772,CGdb - Multimapper,,,,
19885,21,8436170,8436219,ICR_1274,21,8436180,8436181,3,"1,2,3",1,1,1,,,cg25625068,CGdb - Multimapper,,,,
19886,21,8436170,8436219,ICR_1274,21,8436185,8436186,3,"1,2,3",1,1,1,,,cg25625069,CGdb - Multimapper,,,,
19887,21,8436170,8436219,ICR_1274,21,8436199,8436200,3,"1,2,3",1,1,1,,,cg25625070,CGdb - Multimapper,,,,
19888,21,8436170,8436219,ICR_1274,21,8436204,8436205,3,"1,2,3",1,1,1,,,cg25625071,CGdb - Multimapper,,,,
19889,21,8436170,8436219,ICR_1274,21,8436212,8436213,3,"1,2,3",1,1,1,,,cg25625072,CGdb - Multimapper,,,,
19890,21,8436170,8436219,ICR_1274,21,8436218,8436219,3,"1,2,3",1,1,1,,,cg25625073,CGdb - Multimapper,,,,
19891,21,8437284,8437586,ICR_1275,21,8437298,8437299,3,"1,2,3",1,1,1,,,cg25621240,CGdb - Multimapper,,,,
19892,21,8437284,8437586,ICR_1275,21,8437304,8437305,3,"1,2,3",1,1,1,,,cg25621241,CGdb - Multimapper,,,,
19893,21,8437284,8437586,ICR_1275,21,8437324,8437325,3,"1,2,3",1,1,1,,,cg25621242,CGdb - Multimapper,,,,
19894,21,8437284,8437586,ICR_1275,21,8437353,8437354,3,"1,2,3",1,1,1,,,cg25621243,CGdb - Multimapper,,,,
19895,21,8437284,8437586,ICR_1275,21,8437355,8437356,3,"1,2,3",1,1,1,,,cg25621244,CGdb - Multimapper,,,,
19896,21,8437284,8437586,ICR_1275,21,8437372,8437373,3,"1,2,3",1,1,1,,,cg25621245,CGdb - Multimapper,,,,
19897,21,8437284,8437586,ICR_1275,21,8437377,8437378,3,"1,2,3",1,1,1,,,cg25621246,CGdb - Multimapper,,,,
19898,21,8437284,8437586,ICR_1275,21,8437391,8437392,3,"1,2,3",1,1,1,,,cg25621247,CGdb - Multimapper,,,,
19899,21,8437284,8437586,ICR_1275,21,8437417,8437418,3,"1,2,3",1,1,1,,,cg25621248,CGdb - Multimapper,,,,
19900,21,8437284,8437586,ICR_1275,21,8437459,8437460,3,"1,2,3",1,1,1,,,cg25621249,CGdb - Multimapper,,,,
19901,21,8437284,8437586,ICR_1275,21,8437496,8437497,3,"1,2,3",1,1,1,,,cg25621250,CGdb - Multimapper,,,,
19902,21,8437284,8437586,ICR_1275,21,8437498,8437499,3,"1,2,3",1,1,1,,,cg25621251,CGdb - Multimapper,,,,
19903,21,8437284,8437586,ICR_1275,21,8437519,8437520,3,"1,2,3",1,1,1,,,cg25621252,CGdb - Multimapper,,,,
19904,21,8437284,8437586,ICR_1275,21,8437550,8437551,3,"1,2,3",1,1,1,,,cg25621253,CGdb - Multimapper,,,,
19905,21,8437284,8437586,ICR_1275,21,8437569,8437570,3,"1,2,3",1,1,1,,,cg25621254,CGdb - Multimapper,,,,
19906,21,8437284,8437586,ICR_1275,21,8437573,8437574,3,"1,2,3",1,1,1,,,cg25621255,CGdb - Multimapper,,,,
19907,21,8437284,8437586,ICR_1275,21,8437577,8437578,3,"1,2,3",1,1,1,,,cg25621256,CGdb - Multimapper,,,,
19908,21,8437284,8437586,ICR_1275,21,8437582,8437583,3,"1,2,3",1,1,1,,,cg25621257,CGdb - Multimapper,,,,
19909,21,8437284,8437586,ICR_1275,21,8437585,8437586,3,"1,2,3",1,1,1,,,cg25621258,CGdb - Multimapper,,,,
19910,21,8437775,8437869,ICR_1276,21,8437801,8437802,3,"1,2,3",1,1,1,,,cg25621277,CGdb - Multimapper,,,,
19911,21,8437775,8437869,ICR_1276,21,8437805,8437806,3,"1,2,3",1,1,1,,,cg25621278,CGdb - Multimapper,,,,
19912,21,8437775,8437869,ICR_1276,21,8437815,8437816,3,"1,2,3",1,1,1,,,cg25621279,CGdb - Multimapper,,,,
19913,21,8437775,8437869,ICR_1276,21,8437822,8437823,3,"1,2,3",1,1,1,,,cg25621280,CGdb - Multimapper,,,,
19914,21,8437775,8437869,ICR_1276,21,8437825,8437826,3,"1,2,3",1,1,1,,,cg25621281,CGdb - Multimapper,,,,
19915,21,8437775,8437869,ICR_1276,21,8437848,8437849,3,"1,2,3",1,1,1,,,cg25621282,CGdb - Multimapper,,,,
19916,21,8437775,8437869,ICR_1276,21,8437851,8437852,3,"1,2,3",1,1,1,,,cg25621283,CGdb - Multimapper,,,,
19917,21,8437775,8437869,ICR_1276,21,8437858,8437859,3,"1,2,3",1,1,1,,,cg25621284,CGdb - Multimapper,,,,
19918,21,8437775,8437869,ICR_1276,21,8437868,8437869,3,"1,2,3",1,1,1,,,cg25621285,CGdb - Multimapper,,,,
19919,21,8438249,8438398,ICR_1277,21,8438254,8438255,3,"1,2,3",1,1,1,,,cg25621315,CGdb - Multimapper,,,,
19920,21,8438249,8438398,ICR_1277,21,8438258,8438259,3,"1,2,3",1,1,1,,,cg25621316,CGdb - Multimapper,,,,
19921,21,8438249,8438398,ICR_1277,21,8438284,8438285,3,"1,2,3",1,1,1,,,cg25621317,CGdb - Multimapper,,,,
19922,21,8438249,8438398,ICR_1277,21,8438286,8438287,3,"1,2,3",1,1,1,,,cg25621318,CGdb - Multimapper,,,,
19923,21,8438249,8438398,ICR_1277,21,8438293,8438294,3,"1,2,3",1,1,1,,,cg25621319,CGdb - Multimapper,,,,
19924,21,8438249,8438398,ICR_1277,21,8438297,8438298,3,"1,2,3",1,1,1,,,cg25621320,CGdb - Multimapper,,,,
19925,21,8438249,8438398,ICR_1277,21,8438301,8438302,3,"1,2,3",1,1,1,,,cg25621321,CGdb - Multimapper,,,,
19926,21,8438249,8438398,ICR_1277,21,8438304,8438305,3,"1,2,3",1,1,1,,,cg25621322,CGdb - Multimapper,,,,
19927,21,8438249,8438398,ICR_1277,21,8438334,8438335,3,"1,2,3",1,1,1,,,cg25621323,CGdb - Multimapper,,,,
19928,21,8438249,8438398,ICR_1277,21,8438346,8438347,3,"1,2,3",1,1,1,,,cg25621324,CGdb - Multimapper,,,,
19929,21,8438249,8438398,ICR_1277,21,8438387,8438388,3,"1,2,3",1,1,1,,,cg25621325,CGdb - Multimapper,,,,
19930,21,8438249,8438398,ICR_1277,21,8438397,8438398,3,"1,2,3",1,1,1,,,cg25621326,CGdb - Multimapper,,,,
19931,21,8439464,8439537,ICR_1278,21,8439470,8439471,3,"1,2,3",1,1,1,,,cg25621491,CGdb - Multimapper,,,,
19932,21,8439464,8439537,ICR_1278,21,8439474,8439475,3,"1,2,3",1,1,1,,,cg25621492,CGdb - Multimapper,,,,
19933,21,8439464,8439537,ICR_1278,21,8439480,8439481,3,"1,2,3",1,1,1,,,cg25621493,CGdb - Multimapper,,,,
19934,21,8439464,8439537,ICR_1278,21,8439482,8439483,3,"1,2,3",1,1,1,,,cg25621494,CGdb - Multimapper,,,,
19935,21,8439464,8439537,ICR_1278,21,8439485,8439486,3,"1,2,3",1,1,1,,,cg25621495,CGdb - Multimapper,,,,
19936,21,8439464,8439537,ICR_1278,21,8439488,8439489,3,"1,2,3",1,1,1,,,cg25621496,CGdb - Multimapper,,,,
19937,21,8439464,8439537,ICR_1278,21,8439491,8439492,3,"1,2,3",1,1,1,,,cg25621497,CGdb - Multimapper,,,,
19938,21,8439464,8439537,ICR_1278,21,8439494,8439495,3,"1,2,3",1,1,1,,,cg25621498,CGdb - Multimapper,,,,
19939,21,8439464,8439537,ICR_1278,21,8439497,8439498,3,"1,2,3",1,1,1,,,cg25621499,CGdb - Multimapper,,,,
19940,21,8439464,8439537,ICR_1278,21,8439499,8439500,3,"1,2,3",1,1,1,,,cg25621500,CGdb - Multimapper,,,,
19941,21,8439464,8439537,ICR_1278,21,8439502,8439503,3,"1,2,3",1,1,1,,,cg25621501,CGdb - Multimapper,,,,
19942,21,8439464,8439537,ICR_1278,21,8439506,8439507,3,"1,2,3",1,1,1,,,cg25621502,CGdb - Multimapper,,,,
19943,21,8439464,8439537,ICR_1278,21,8439509,8439510,3,"1,2,3",1,1,1,,,cg25621503,CGdb - Multimapper,,,,
19944,21,8439464,8439537,ICR_1278,21,8439526,8439527,3,"1,2,3",1,1,1,,,cg25621504,CGdb - Multimapper,,,,
19945,21,8439464,8439537,ICR_1278,21,8439529,8439530,3,"1,2,3",1,1,1,,,cg25621505,CGdb - Multimapper,,,,
19946,21,8439464,8439537,ICR_1278,21,8439533,8439534,3,"1,2,3",1,1,1,,,cg25621506,CGdb - Multimapper,,,,
19947,21,8439464,8439537,ICR_1278,21,8439536,8439537,3,"1,2,3",1,1,1,,,cg25621507,CGdb - Multimapper,,,,
19948,21,8439665,8439709,ICR_1279,21,8439675,8439676,3,"1,2,3",1,1,1,,,cg25621533,CGdb - Multimapper,,,,
19949,21,8439665,8439709,ICR_1279,21,8439682,8439683,3,"1,2,3",1,1,1,,,cg25624099,CGdb - Multimapper,,,,
19950,21,8439665,8439709,ICR_1279,21,8439688,8439689,3,"1,2,3",1,1,1,,,cg25624100,CGdb - Multimapper,,,,
19951,21,8439665,8439709,ICR_1279,21,8439700,8439701,3,"1,2,3",1,1,1,,,cg25624101,CGdb - Multimapper,,,,
19952,21,8439665,8439709,ICR_1279,21,8439708,8439709,3,"1,2,3",1,1,1,,,cg25624102,CGdb - Multimapper,,,,
19953,21,8442841,8443116,ICR_1280,21,8442848,8442849,3,"1,2,3",1,1,1,,,cg25622030,CGdb - Multimapper,,,,
19954,21,8442841,8443116,ICR_1280,21,8442851,8442852,3,"1,2,3",1,1,1,,,cg25622031,CGdb - Multimapper,,,,
19955,21,8442841,8443116,ICR_1280,21,8442859,8442860,3,"1,2,3",1,1,1,,,cg25622032,CGdb - Multimapper,,,,
19956,21,8442841,8443116,ICR_1280,21,8442864,8442865,3,"1,2,3",1,1,1,,,cg25622033,CGdb - Multimapper,,,,
19957,21,8442841,8443116,ICR_1280,21,8442876,8442877,3,"1,2,3",1,1,1,,,cg25622034,CGdb - Multimapper,,,,
19958,21,8442841,8443116,ICR_1280,21,8442884,8442885,3,"1,2,3",1,1,1,,,cg25622035,CGdb - Multimapper,,,,
19959,21,8442841,8443116,ICR_1280,21,8442907,8442908,3,"1,2,3",1,1,1,,,cg25622037,CGdb - Multimapper,,,,
19960,21,8442841,8443116,ICR_1280,21,8442912,8442913,3,"1,2,3",1,1,1,,,cg25622038,CGdb - Multimapper,,,,
19961,21,8442841,8443116,ICR_1280,21,8442953,8442954,3,"1,2,3",1,1,1,,,cg25622040,CGdb - Multimapper,,,,
19962,21,8442841,8443116,ICR_1280,21,8442958,8442959,3,"1,2,3",1,1,1,,,cg25622041,CGdb - Multimapper,,,,
19963,21,8442841,8443116,ICR_1280,21,8442964,8442965,3,"1,2,3",1,1,1,,,cg25622042,CGdb - Multimapper,,,,
19964,21,8442841,8443116,ICR_1280,21,8442972,8442973,3,"1,2,3",1,1,1,,,cg25622043,CGdb - Multimapper,,,,
19965,21,8442841,8443116,ICR_1280,21,8442976,8442977,3,"1,2,3",1,1,1,,,cg25622044,CGdb - Multimapper,,,,
19966,21,8442841,8443116,ICR_1280,21,8442985,8442986,3,"1,2,3",1,1,1,,,cg25622045,CGdb - Multimapper,,,,
19967,21,8442841,8443116,ICR_1280,21,8443023,8443024,3,"1,2,3",1,1,1,,,cg25622046,CGdb - Multimapper,,,,
19968,21,8442841,8443116,ICR_1280,21,8443028,8443029,3,"1,2,3",1,1,1,,,cg25622047,CGdb - Multimapper,,,,
19969,21,8442841,8443116,ICR_1280,21,8443038,8443039,3,"1,2,3",1,1,1,,,cg25622048,CGdb - Multimapper,,,,
19970,21,8442841,8443116,ICR_1280,21,8443042,8443043,3,"1,2,3",1,1,1,,,cg25622049,CGdb - Multimapper,,,,
19971,21,8442841,8443116,ICR_1280,21,8443045,8443046,3,"1,2,3",1,1,1,,,cg25622050,CGdb - Multimapper,,,,
19972,21,8442841,8443116,ICR_1280,21,8443055,8443056,3,"1,2,3",1,1,1,,,cg25622051,CGdb - Multimapper,,,,
19973,21,8442841,8443116,ICR_1280,21,8443059,8443060,3,"1,2,3",1,1,1,,,cg25622052,CGdb - Multimapper,,,,
19974,21,8442841,8443116,ICR_1280,21,8443065,8443066,3,"1,2,3",1,1,1,,,cg25622053,CGdb - Multimapper,,,,
19975,21,8442841,8443116,ICR_1280,21,8443068,8443069,3,"1,2,3",1,1,1,,,cg25622054,CGdb - Multimapper,,,,
19976,21,8442841,8443116,ICR_1280,21,8443115,8443116,3,"1,2,3",1,1,1,,,cg25622055,CGdb - Multimapper,,,,
19977,21,8443377,8443679,ICR_1281,21,8443381,8443382,3,"1,2,3",1,1,1,,,cg25625228,CGdb - Multimapper,,,,
19978,21,8443377,8443679,ICR_1281,21,8443388,8443389,3,"1,2,3",1,1,1,,,cg25625229,CGdb - Multimapper,,,,
19979,21,8443377,8443679,ICR_1281,21,8443394,8443395,3,"1,2,3",1,1,1,,,cg25625230,CGdb - Multimapper,,,,
19980,21,8443377,8443679,ICR_1281,21,8443402,8443403,3,"1,2,3",1,1,1,,,cg25622094,CGdb - Multimapper,,,,
19981,21,8443377,8443679,ICR_1281,21,8443404,8443405,3,"1,2,3",1,1,1,,,cg25622095,CGdb - Multimapper,,,,
19982,21,8443377,8443679,ICR_1281,21,8443408,8443409,3,"1,2,3",1,1,1,,,cg25622096,CGdb - Multimapper,,,,
19983,21,8443377,8443679,ICR_1281,21,8443413,8443414,3,"1,2,3",1,1,1,,,cg25622097,CGdb - Multimapper,,,,
19984,21,8443377,8443679,ICR_1281,21,8443416,8443417,3,"1,2,3",1,1,1,,,cg25622098,CGdb - Multimapper,,,,
19985,21,8443377,8443679,ICR_1281,21,8443418,8443419,3,"1,2,3",1,1,1,,,cg25622099,CGdb - Multimapper,,,,
19986,21,8443377,8443679,ICR_1281,21,8443421,8443422,3,"1,2,3",1,1,1,,,cg25622100,CGdb - Multimapper,,,,
19987,21,8443377,8443679,ICR_1281,21,8443434,8443435,3,"1,2,3",1,1,1,,,cg25622101,CGdb - Multimapper,,,,
19988,21,8443377,8443679,ICR_1281,21,8443439,8443440,3,"1,2,3",1,1,1,,,cg25622102,CGdb - Multimapper,,,,
19989,21,8443377,8443679,ICR_1281,21,8443461,8443462,3,"1,2,3",1,1,1,,,cg25622103,CGdb - Multimapper,,,,
19990,21,8443377,8443679,ICR_1281,21,8443463,8443464,3,"1,2,3",1,1,1,,,cg25622104,CGdb - Multimapper,,,,
19991,21,8443377,8443679,ICR_1281,21,8443469,8443470,3,"1,2,3",1,1,1,,,cg25622105,CGdb - Multimapper,,,,
19992,21,8443377,8443679,ICR_1281,21,8443479,8443480,3,"1,2,3",1,1,1,,,cg25622106,CGdb - Multimapper,,,,
19993,21,8443377,8443679,ICR_1281,21,8443482,8443483,3,"1,2,3",1,1,1,,,cg25622107,CGdb - Multimapper,,,,
19994,21,8443377,8443679,ICR_1281,21,8443521,8443522,3,"1,2,3",1,1,1,,,cg25622108,CGdb - Multimapper,,,,
19995,21,8443377,8443679,ICR_1281,21,8443537,8443538,3,"1,2,3",1,1,1,,,cg25622109,CGdb - Multimapper,,,,
19996,21,8443377,8443679,ICR_1281,21,8443585,8443586,3,"1,2,3",1,1,1,,,cg25624339,CGdb - Multimapper,,,,
19997,21,8443377,8443679,ICR_1281,21,8443602,8443603,3,"1,2,3",1,1,1,,,cg25624340,CGdb - Multimapper,,,,
19998,21,8443377,8443679,ICR_1281,21,8443606,8443607,3,"1,2,3",1,1,1,,,cg25624341,CGdb - Multimapper,,,,
19999,21,8443377,8443679,ICR_1281,21,8443609,8443610,3,"1,2,3",1,1,1,,,cg25624342,CGdb - Multimapper,,,,
20000,21,8443377,8443679,ICR_1281,21,8443614,8443615,3,"1,2,3",1,1,1,,,cg25624343,CGdb - Multimapper,,,,
20001,21,8443377,8443679,ICR_1281,21,8443622,8443623,3,"1,2,3",1,1,1,,,cg25624344,CGdb - Multimapper,,,,
20002,21,8443377,8443679,ICR_1281,21,8443626,8443627,3,"1,2,3",1,1,1,,,cg25624345,CGdb - Multimapper,,,,
20003,21,8443377,8443679,ICR_1281,21,8443636,8443637,3,"1,2,3",1,1,1,,,cg25624346,CGdb - Multimapper,,,,
20004,21,8443377,8443679,ICR_1281,21,8443645,8443646,3,"1,2,3",1,1,1,,,cg25624347,CGdb - Multimapper,,,,
20005,21,8443377,8443679,ICR_1281,21,8443649,8443650,3,"1,2,3",1,1,1,,,cg25624348,CGdb - Multimapper,,,,
20006,21,8443377,8443679,ICR_1281,21,8443653,8443654,3,"1,2,3",1,1,1,,,cg25624349,CGdb - Multimapper,,,,
20007,21,8443377,8443679,ICR_1281,21,8443664,8443665,3,"1,2,3",1,1,1,,,cg25624350,CGdb - Multimapper,,,,
20008,21,8443377,8443679,ICR_1281,21,8443678,8443679,3,"1,2,3",1,1,1,,,cg25622121,CGdb - Multimapper,,,,
20009,21,8444891,8445121,ICR_1282,21,8444893,8444894,3,"1,2,3",1,1,1,,,cg25622277,CGdb - Multimapper,,,,
20010,21,8444891,8445121,ICR_1282,21,8444932,8444933,3,"1,2,3",1,1,1,,,cg25622278,CGdb - Multimapper,,,,
20011,21,8444891,8445121,ICR_1282,21,8444949,8444950,3,"1,2,3",1,1,1,,,cg25622279,CGdb - Multimapper,,,,
20012,21,8444891,8445121,ICR_1282,21,8444951,8444952,3,"1,2,3",1,1,1,,,cg25622280,CGdb - Multimapper,,,,
20013,21,8444891,8445121,ICR_1282,21,8444967,8444968,3,"1,2,3",1,1,1,,,cg25148117,CGdb - Multimapper,,,,
20014,21,8444891,8445121,ICR_1282,21,8444999,8445000,3,"1,2,3",1,1,1,,,cg12696644,CGdb - Multimapper,,,,
20015,21,8444891,8445121,ICR_1282,21,8445019,8445020,3,"1,2,3",1,1,1,,,cg25622281,CGdb - Multimapper,,,,
20016,21,8444891,8445121,ICR_1282,21,8445028,8445029,3,"1,2,3",1,1,1,,,cg25622282,CGdb - Multimapper,,,,
20017,21,8444891,8445121,ICR_1282,21,8445037,8445038,3,"1,2,3",1,1,1,,,cg25622283,CGdb - Multimapper,,,,
20018,21,8444891,8445121,ICR_1282,21,8445078,8445079,3,"1,2,3",1,1,1,,,cg25622284,CGdb - Multimapper,,,,
20019,21,8444891,8445121,ICR_1282,21,8445120,8445121,3,"1,2,3",1,1,1,,,cg25622285,CGdb - Multimapper,,,,
20020,21,8445357,8445469,ICR_1283,21,8445362,8445363,3,"1,2,3",1,1,1,,,cg25622319,CGdb - Multimapper,,,,
20021,21,8445357,8445469,ICR_1283,21,8445378,8445379,3,"1,2,3",1,1,1,,,cg25622320,CGdb - Multimapper,,,,
20022,21,8445357,8445469,ICR_1283,21,8445404,8445405,3,"1,2,3",1,1,1,,,cg01056739,CGdb - Multimapper,,,,
20023,21,8445357,8445469,ICR_1283,21,8445427,8445428,3,"1,2,3",1,1,1,,,cg00162191,CGdb - Multimapper,,,,
20024,21,8445357,8445469,ICR_1283,21,8445449,8445450,3,"1,2,3",1,1,1,,,cg01056738,CGdb - Multimapper,,,,
20025,21,8445357,8445469,ICR_1283,21,8445460,8445461,2,"1,2",1,1,0,,,cg01056737,CGdb - Multimapper,,,,
20026,21,8445357,8445469,ICR_1283,21,8445461,8445462,1,3,0,0,1,,,,CG - Submitted - discrepant Ref Genome,,,,
20027,21,8445357,8445469,ICR_1283,21,8445468,8445469,2,"1,2",1,1,0,,,cg01056736,CGdb - Multimapper,,,,
20028,21,8453321,8453640,ICR_1284,21,8453328,8453329,3,"1,2,3",1,1,1,,,cg25622959,CGdb - Multimapper,,,,
20029,21,8453321,8453640,ICR_1284,21,8453337,8453338,3,"1,2,3",1,1,1,,,cg25622960,CGdb - Multimapper,,,,
20030,21,8453321,8453640,ICR_1284,21,8453342,8453343,3,"1,2,3",1,1,1,,,cg25622961,CGdb - Multimapper,,,,
20031,21,8453321,8453640,ICR_1284,21,8453347,8453348,3,"1,2,3",1,1,1,,,cg25622962,CGdb - Multimapper,,,,
20032,21,8453321,8453640,ICR_1284,21,8453352,8453353,3,"1,2,3",1,1,1,,,cg25622963,CGdb - Multimapper,,,,
20033,21,8453321,8453640,ICR_1284,21,8453362,8453363,3,"1,2,3",1,1,1,,,cg25622964,CGdb - Multimapper,,,,
20034,21,8453321,8453640,ICR_1284,21,8453367,8453368,3,"1,2,3",1,1,1,,,cg25622965,CGdb - Multimapper,,,,
20035,21,8453321,8453640,ICR_1284,21,8453379,8453380,3,"1,2,3",1,1,1,,,cg25622966,CGdb - Multimapper,,,,
20036,21,8453321,8453640,ICR_1284,21,8453381,8453382,3,"1,2,3",1,1,1,,,cg25622967,CGdb - Multimapper,,,,
20037,21,8453321,8453640,ICR_1284,21,8453387,8453388,3,"1,2,3",1,1,1,,,cg25622968,CGdb - Multimapper,,,,
20038,21,8453321,8453640,ICR_1284,21,8453406,8453407,3,"1,2,3",1,1,1,,,cg25622969,CGdb - Multimapper,,,,
20039,21,8453321,8453640,ICR_1284,21,8453455,8453456,3,"1,2,3",1,1,1,,,cg25622970,CGdb - Multimapper,,,,
20040,21,8453321,8453640,ICR_1284,21,8453479,8453480,3,"1,2,3",1,1,1,,,cg25622971,CGdb - Multimapper,,,,
20041,21,8453321,8453640,ICR_1284,21,8453495,8453496,3,"1,2,3",1,1,1,,,cg25622972,CGdb - Multimapper,,,,
20042,21,8453321,8453640,ICR_1284,21,8453520,8453521,3,"1,2,3",1,1,1,,,cg25622973,CGdb - Multimapper,,,,
20043,21,8453321,8453640,ICR_1284,21,8453583,8453584,3,"1,2,3",1,1,1,,,cg25622974,CGdb - Multimapper,,,,
20044,21,8453321,8453640,ICR_1284,21,8453595,8453596,3,"1,2,3",1,1,1,,,cg25622975,CGdb - Multimapper,,,,
20045,21,8453321,8453640,ICR_1284,21,8453599,8453600,3,"1,2,3",1,1,1,,,cg25622976,CGdb - Multimapper,,,,
20046,21,8453321,8453640,ICR_1284,21,8453605,8453606,3,"1,2,3",1,1,1,,,cg25622977,CGdb - Multimapper,,,,
20047,21,8453321,8453640,ICR_1284,21,8453613,8453614,3,"1,2,3",1,1,1,,,cg25622978,CGdb - Multimapper,,,,
20048,21,8453321,8453640,ICR_1284,21,8453630,8453631,3,"1,2,3",1,1,1,,,cg25622979,CGdb - Multimapper,,,,
20049,21,8453321,8453640,ICR_1284,21,8453639,8453640,3,"1,2,3",1,1,1,,,cg25622980,CGdb - Multimapper,,,,
20050,21,8876858,8878492,ICR_1285,21,8877248,8877249,3,"1,2,3",1,1,1,,,cg25628250,CGdb - Multimapper,,,,
20051,21,8876858,8878492,ICR_1285,21,8877536,8877537,3,"1,2,3",1,1,1,,,cg25628251,CGdb - Multimapper,,,,
20052,21,8876858,8878492,ICR_1285,21,8877568,8877569,3,"1,2,3",1,1,1,,,cg25628252,CGdb - Multimapper,,,,
20053,21,8876858,8878492,ICR_1285,21,8877606,8877607,3,"1,2,3",1,1,1,,,cg25628253,CGdb - Multimapper,,,,
20054,21,8876858,8878492,ICR_1285,21,8878272,8878273,3,"1,2,3",1,1,1,,,cg25628254,CGdb - Multimapper,,,,
20055,21,8876858,8878492,ICR_1285,21,8878491,8878492,3,"1,2,3",1,1,1,,,cg25628255,CGdb - Multimapper,,,,
20056,21,8986610,8986681,ICR_1286,21,8986611,8986612,3,"1,2,3",1,1,1,,,,CGdb - Not found,,,,
20057,21,8986610,8986681,ICR_1286,21,8986615,8986616,3,"1,2,3",1,1,1,,,,CGdb - Not found,,,,
20058,21,8986610,8986681,ICR_1286,21,8986633,8986634,3,"1,2,3",1,1,1,,,,CGdb - Not found,,,,
20059,21,8986610,8986681,ICR_1286,21,8986637,8986638,3,"1,2,3",1,1,1,,,,CGdb - Not found,,,,
20060,21,8986610,8986681,ICR_1286,21,8986656,8986657,3,"1,2,3",1,1,1,,,,CGdb - Not found,,,,
20061,21,8986610,8986681,ICR_1286,21,8986661,8986662,3,"1,2,3",1,1,1,,,,CGdb - Not found,,,,
20065,21,8987462,8987511,ICR_1287,21,8987472,8987473,3,"1,2,3",1,1,1,,,cg25625068,CGdb - Multimapper,,,,
20066,21,8987462,8987511,ICR_1287,21,8987477,8987478,3,"1,2,3",1,1,1,,,cg25625069,CGdb - Multimapper,,,,
20067,21,8987462,8987511,ICR_1287,21,8987491,8987492,3,"1,2,3",1,1,1,,,cg25625070,CGdb - Multimapper,,,,
20068,21,8987462,8987511,ICR_1287,21,8987496,8987497,3,"1,2,3",1,1,1,,,cg25625071,CGdb - Multimapper,,,,
20069,21,8987462,8987511,ICR_1287,21,8987504,8987505,3,"1,2,3",1,1,1,,,cg25625072,CGdb - Multimapper,,,,
20070,21,8987462,8987511,ICR_1287,21,8987510,8987511,3,"1,2,3",1,1,1,,,cg25625073,CGdb - Multimapper,,,,
20071,21,8987626,8987650,ICR_1288,21,8987631,8987632,3,"1,2,3",1,1,1,,,cg25628364,CGdb - Multimapper,,,,
20072,21,8987626,8987650,ICR_1288,21,8987638,8987639,3,"1,2,3",1,1,1,,,cg25628365,CGdb - Multimapper,,,,
20073,21,8987626,8987650,ICR_1288,21,8987642,8987643,3,"1,2,3",1,1,1,,,cg25628366,CGdb - Multimapper,,,,
20074,21,8987626,8987650,ICR_1288,21,8987649,8987650,3,"1,2,3",1,1,1,,,cg25628367,CGdb - Multimapper,,,,
20075,21,8987972,8988075,ICR_1289,21,8987976,8987977,3,"1,2,3",1,1,1,,,cg25623956,CGdb - Multimapper,,,,
20076,21,8987972,8988075,ICR_1289,21,8987979,8987980,3,"1,2,3",1,1,1,,,cg25623957,CGdb - Multimapper,,,,
20077,21,8987972,8988075,ICR_1289,21,8987981,8987982,3,"1,2,3",1,1,1,,,cg25623958,CGdb - Multimapper,,,,
20078,21,8987972,8988075,ICR_1289,21,8987986,8987987,3,"1,2,3",1,1,1,,,cg25623959,CGdb - Multimapper,,,,
20079,21,8987972,8988075,ICR_1289,21,8987991,8987992,3,"1,2,3",1,1,1,,,cg25623960,CGdb - Multimapper,,,,
20080,21,8987972,8988075,ICR_1289,21,8988000,8988001,3,"1,2,3",1,1,1,,,cg25623961,CGdb - Multimapper,,,,
20081,21,8987972,8988075,ICR_1289,21,8988006,8988007,3,"1,2,3",1,1,1,,,cg25623962,CGdb - Multimapper,,,,
20082,21,8987972,8988075,ICR_1289,21,8988010,8988011,3,"1,2,3",1,1,1,,,cg25623963,CGdb - Multimapper,,,,
20083,21,8987972,8988075,ICR_1289,21,8988013,8988014,3,"1,2,3",1,1,1,,,cg25624519,CGdb - Multimapper,,,,
20084,21,8987972,8988075,ICR_1289,21,8988019,8988020,3,"1,2,3",1,1,1,,,cg25624520,CGdb - Multimapper,,,,
20085,21,8987972,8988075,ICR_1289,21,8988021,8988022,3,"1,2,3",1,1,1,,,cg25624521,CGdb - Multimapper,,,,
20086,21,8987972,8988075,ICR_1289,21,8988025,8988026,3,"1,2,3",1,1,1,,,cg25624522,CGdb - Multimapper,,,,
20087,21,8987972,8988075,ICR_1289,21,8988029,8988030,3,"1,2,3",1,1,1,,,cg25624523,CGdb - Multimapper,,,,
20088,21,8987972,8988075,ICR_1289,21,8988039,8988040,3,"1,2,3",1,1,1,,,cg25621173,CGdb - Multimapper,,,,
20089,21,8987972,8988075,ICR_1289,21,8988043,8988044,3,"1,2,3",1,1,1,,,cg25621174,CGdb - Multimapper,,,,
20090,21,8987972,8988075,ICR_1289,21,8988047,8988048,3,"1,2,3",1,1,1,,,cg25621175,CGdb - Multimapper,,,,
20091,21,8987972,8988075,ICR_1289,21,8988051,8988052,3,"1,2,3",1,1,1,,,cg25621176,CGdb - Multimapper,,,,
20092,21,8987972,8988075,ICR_1289,21,8988053,8988054,3,"1,2,3",1,1,1,,,cg25621177,CGdb - Multimapper,,,,
20093,21,8987972,8988075,ICR_1289,21,8988058,8988059,3,"1,2,3",1,1,1,,,cg25621178,CGdb - Multimapper,,,,
20094,21,8987972,8988075,ICR_1289,21,8988062,8988063,3,"1,2,3",1,1,1,,,cg25621179,CGdb - Multimapper,,,,
20095,21,8987972,8988075,ICR_1289,21,8988066,8988067,3,"1,2,3",1,1,1,,,cg25621180,CGdb - Multimapper,,,,
20096,21,8987972,8988075,ICR_1289,21,8988070,8988071,3,"1,2,3",1,1,1,,,cg25621181,CGdb - Multimapper,,,,
20097,21,8987972,8988075,ICR_1289,21,8988074,8988075,3,"1,2,3",1,1,1,,,cg25621183,CGdb - Multimapper,,,,
20100,21,9068512,9068795,ICR_1290,21,9068582,9068583,3,"1,2,3",1,1,1,,,cg25629301,CGdb - Multimapper,,,,
20101,21,9068512,9068795,ICR_1290,21,9068587,9068588,3,"1,2,3",1,1,1,,,cg25629302,CGdb - Multimapper,,,,
20102,21,9068512,9068795,ICR_1290,21,9068742,9068743,3,"1,2,3",1,1,1,,,cg25629303,CGdb - Multimapper,,,,
20105,21,9138607,9139589,ICR_1291,21,9138607,9138608,1,3,0,0,1,,,,CG - Submitted - discrepant Ref Genome,,,,
20107,21,9138607,9139589,ICR_1291,21,9139015,9139016,3,"1,2,3",1,1,1,,,cg25630277,CGdb - Multimapper,,,,
20111,21,9138607,9139589,ICR_1291,21,9139429,9139430,3,"1,2,3",1,1,1,,,cg25630281,CGdb - Multimapper,,,,
20113,21,9145063,9146557,ICR_1292,21,9145103,9145104,3,"1,2,3",1,1,1,,,cg25630321,CGdb - Multimapper,,,,
20114,21,9145063,9146557,ICR_1292,21,9145435,9145436,3,"1,2,3",1,1,1,,,cg25630323,CGdb - Multimapper,,,,
20115,21,9145063,9146557,ICR_1292,21,9145472,9145473,3,"1,2,3",1,1,1,,,cg25630324,CGdb - Multimapper,,,,
20117,21,9145063,9146557,ICR_1292,21,9145648,9145649,3,"1,2,3",1,1,1,,,cg25630326,CGdb - Multimapper,,,,
20120,21,9145063,9146557,ICR_1292,21,9146398,9146399,3,"1,2,3",1,1,1,,,cg25630329,CGdb - Multimapper,,,,
20121,21,9145063,9146557,ICR_1292,21,9146556,9146557,3,"1,2,3",1,1,1,,,cg25630330,CGdb - Multimapper,,,,
20122,21,9191798,9193112,ICR_1293,21,9192188,9192189,3,"1,2,3",1,1,1,,,cg25630653,CGdb - Multimapper,,,,
20123,21,9191798,9193112,ICR_1293,21,9192204,9192205,3,"1,2,3",1,1,1,,,cg25630654,CGdb - Multimapper,,,,
20124,21,9191798,9193112,ICR_1293,21,9192207,9192208,3,"1,2,3",1,1,1,,,cg25630655,CGdb - Multimapper,,,,
20125,21,9191798,9193112,ICR_1293,21,9192277,9192278,3,"1,2,3",1,1,1,,,cg25630656,CGdb - Multimapper,,,,
20127,21,9191798,9193112,ICR_1293,21,9192471,9192472,3,"1,2,3",1,1,1,,,cg25630658,CGdb - Multimapper,,,,
20128,21,9191798,9193112,ICR_1293,21,9192773,9192774,3,"1,2,3",1,1,1,,,cg25630659,CGdb - Multimapper,,,,
20130,21,9252971,9254122,ICR_1294,21,9253289,9253290,3,"1,2,3",1,1,1,,,cg25630710,CGdb - Multimapper,,,,
20131,21,9252971,9254122,ICR_1294,21,9253569,9253570,3,"1,2,3",1,1,1,,,cg25630711,CGdb - Multimapper,,,,
20132,21,9252971,9254122,ICR_1294,21,9253612,9253613,3,"1,2,3",1,1,1,,,cg25630712,CGdb - Multimapper,,,,
20133,21,9252971,9254122,ICR_1294,21,9253887,9253888,3,"1,2,3",1,1,1,,,cg25630713,CGdb - Multimapper,,,,
20134,21,9252971,9254122,ICR_1294,21,9254111,9254112,3,"1,2,3",1,1,1,,,cg25630714,CGdb - Multimapper,,,,
20135,21,9252971,9254122,ICR_1294,21,9254121,9254122,3,"1,2,3",1,1,1,,,cg25630715,CGdb - Multimapper,,,,
20136,21,9257941,9259184,ICR_1295,21,9258076,9258077,3,"1,2,3",1,1,1,,,cg25630738,CGdb - Multimapper,,,,
20137,21,9257941,9259184,ICR_1295,21,9258627,9258628,3,"1,2,3",1,1,1,,,cg25630739,CGdb - Multimapper,,,,
20138,21,9257941,9259184,ICR_1295,21,9258933,9258934,3,"1,2,3",1,1,1,,,cg25630740,CGdb - Multimapper,,,,
20140,21,9265816,9266689,ICR_1296,21,9265957,9265958,3,"1,2,3",1,1,1,,,cg25630778,CGdb - Multimapper,,,,
20141,21,9265816,9266689,ICR_1296,21,9265990,9265991,3,"1,2,3",1,1,1,,,cg25630779,CGdb - Multimapper,,,,
20142,21,9265816,9266689,ICR_1296,21,9266079,9266080,3,"1,2,3",1,1,1,,,cg25630780,CGdb - Multimapper,,,,
20143,21,9265816,9266689,ICR_1296,21,9266218,9266219,3,"1,2,3",1,1,1,,,cg25630781,CGdb - Multimapper,,,,
20144,21,9265816,9266689,ICR_1296,21,9266294,9266295,3,"1,2,3",1,1,1,,,cg25630782,CGdb - Multimapper,,,,
20145,21,9265816,9266689,ICR_1296,21,9266370,9266371,3,"1,2,3",1,1,1,,,cg25630783,CGdb - Multimapper,,,,
20146,21,9265816,9266689,ICR_1296,21,9266416,9266417,3,"1,2,3",1,1,1,,,cg25630784,CGdb - Multimapper,,,,
20147,21,9265816,9266689,ICR_1296,21,9266688,9266689,3,"1,2,3",1,1,1,,,cg25630785,CGdb - Multimapper,,,,
20148,21,9311544,9313693,ICR_1297,21,9311659,9311660,3,"1,2,3",1,1,1,,,cg25631094,CGdb - Multimapper,,,,
20149,21,9311544,9313693,ICR_1297,21,9311726,9311727,3,"1,2,3",1,1,1,,,cg25631095,CGdb - Multimapper,,,,
20150,21,9311544,9313693,ICR_1297,21,9311850,9311851,3,"1,2,3",1,1,1,,,cg25631096,CGdb - Multimapper,,,,
20151,21,9311544,9313693,ICR_1297,21,9311918,9311919,3,"1,2,3",1,1,1,,,cg25631097,CGdb - Multimapper,,,,
20152,21,9311544,9313693,ICR_1297,21,9311938,9311939,3,"1,2,3",1,1,1,,,cg25631098,CGdb - Multimapper,,,,
20153,21,9311544,9313693,ICR_1297,21,9312256,9312257,3,"1,2,3",1,1,1,,,cg25631099,CGdb - Multimapper,,,,
20155,21,9311544,9313693,ICR_1297,21,9312745,9312746,3,"1,2,3",1,1,1,,,cg25631101,CGdb - Multimapper,,,,
20157,21,9311544,9313693,ICR_1297,21,9313636,9313637,3,"1,2,3",1,1,1,,,cg25631103,CGdb - Multimapper,,,,
20158,21,9311544,9313693,ICR_1297,21,9313692,9313693,2,"1,2",1,1,0,,,cg25631104,CGdb - Multimapper,,,,
20172,21,9933593,9935167,ICR_1300,21,9933593,9933594,1,3,0,0,1,,,,CG - Submitted - discrepant Ref Genome,,,,
20174,21,9933593,9935167,ICR_1300,21,9934065,9934066,2,"2,3",0,1,1,,,cg13704879,CGdb - Multimapper,,,,
20175,21,9933593,9935167,ICR_1300,21,9934066,9934067,1,1,1,0,0,,,,CG - Submitted - discrepant Ref Genome,,,,
20178,21,9933593,9935167,ICR_1300,21,9934646,9934647,3,"1,2,3",1,1,1,,,cg13650233,CGdb - Multimapper,,,,
20181,21,9933593,9935167,ICR_1300,21,9934927,9934928,2,"1,3",1,0,1,,,,CG - Submitted - discrepant Ref Genome,,,,
20183,21,9933593,9935167,ICR_1300,21,9935166,9935167,1,3,0,0,1,,,,CG - Submitted - discrepant Ref Genome,,,,
20199,21,10121978,10122227,ICR_1303,21,10122169,10122170,3,"1,2,3",1,1,1,,,cg25637448,CGdb - Multimapper,,,,
20200,21,10121978,10122227,ICR_1303,21,10122171,10122172,3,"1,2,3",1,1,1,,,cg25637449,CGdb - Multimapper,,,,
20205,21,10130148,10131679,ICR_1304,21,10130331,10130332,3,"1,2,3",1,1,1,,,cg25637638,CGdb - Multimapper,,,,
20206,21,10130148,10131679,ICR_1304,21,10130435,10130436,3,"1,2,3",1,1,1,,,cg25637639,CGdb - Multimapper,,,,
20207,21,10130148,10131679,ICR_1304,21,10130476,10130477,3,"1,2,3",1,1,1,,,cg25637640,CGdb - Multimapper,,,,
20208,21,10130148,10131679,ICR_1304,21,10130698,10130699,3,"1,2,3",1,1,1,,,cg25637641,CGdb - Multimapper,,,,
20210,21,10130148,10131679,ICR_1304,21,10131215,10131216,3,"1,2,3",1,1,1,,,cg13662414,CGdb - Multimapper,,,,
20211,21,10130148,10131679,ICR_1304,21,10131352,10131353,3,"1,2,3",1,1,1,,,cg25637643,CGdb - Multimapper,,,,
20212,21,10130148,10131679,ICR_1304,21,10131678,10131679,3,"1,2,3",1,1,1,,,cg13651742,CGdb - Multimapper,,,,
20214,21,10328926,10329886,ICR_1305,21,10329145,10329146,3,"1,2,3",1,1,1,,,cg18437890,CGdb - Multimapper,,,,
20227,21,10468190,10469266,ICR_1307,21,10468801,10468802,3,"1,2,3",1,1,1,,,cg25639453,CGdb - Multimapper,,,,
20235,21,10651725,10651919,ICR_1308,21,10651804,10651805,1,2,0,1,0,,,,CG - Submitted - discrepant Ref Genome,,,,
20237,21,10651725,10651919,ICR_1308,21,10651893,10651894,2,"2,3",0,1,1,,,,CG - Submitted - discrepant Ref Genome,,,,
20239,21,10651725,10651919,ICR_1308,21,10651918,10651919,2,"2,3",0,1,1,,,,CG - Submitted - discrepant Ref Genome,,,,
20242,21,10667761,10668157,ICR_1309,21,10667871,10667872,3,"1,2,3",1,1,1,,,,CG - Submitted - discrepant Ref Genome,,,,
20243,21,10667761,10668157,ICR_1309,21,10667896,10667897,3,"1,2,3",1,1,1,,,,CG - Submitted - discrepant Ref Genome,,,,
20244,21,10667761,10668157,ICR_1309,21,10667931,10667932,3,"1,2,3",1,1,1,,,,CG - Submitted - discrepant Ref Genome,,,,
20245,21,10667761,10668157,ICR_1309,21,10668082,10668083,3,"1,2,3",1,1,1,,,,CG - Submitted - discrepant Ref Genome,,,,
20247,21,10667761,10668157,ICR_1309,21,10668107,10668108,2,"1,2",1,1,0,,,,CG - Submitted - discrepant Ref Genome,,,,
20249,21,10667761,10668157,ICR_1309,21,10668121,10668122,2,"1,2",1,1,0,,,,CG - Submitted - discrepant Ref Genome,,,,
20250,21,10667761,10668157,ICR_1309,21,10668156,10668157,3,"1,2,3",1,1,1,,,,CG - Submitted - discrepant Ref Genome,,,,
20251,21,10676655,10677098,ICR_1310,21,10676655,10676656,2,"2,3",0,1,1,,,,CG - Submitted - discrepant Ref Genome,,,,
20253,21,10676655,10677098,ICR_1310,21,10676675,10676676,2,"2,3",0,1,1,,,,CG - Submitted - discrepant Ref Genome,,,,
20255,21,10676655,10677098,ICR_1310,21,10676695,10676696,2,"1,3",1,0,1,,,,CG - Submitted - discrepant Ref Genome,,,,
20256,21,10676655,10677098,ICR_1310,21,10676710,10676711,3,"1,2,3",1,1,1,,,,CG - Submitted - discrepant Ref Genome,,,,
20257,21,10676655,10677098,ICR_1310,21,10676901,10676902,3,"1,2,3",1,1,1,,,,CG - Submitted - discrepant Ref Genome,,,,
20258,21,10676655,10677098,ICR_1310,21,10677006,10677007,3,"1,2,3",1,1,1,,,,CG - Submitted - discrepant Ref Genome,,,,
20260,21,10676655,10677098,ICR_1310,21,10677036,10677037,2,"1,3",1,0,1,,,,CG - Submitted - discrepant Ref Genome,,,,
20261,21,10676655,10677098,ICR_1310,21,10677061,10677062,3,"1,2,3",1,1,1,,,,CG - Submitted - discrepant Ref Genome,,,,
20263,21,10676655,10677098,ICR_1310,21,10677097,10677098,2,"1,2",1,1,0,,,,CG - Submitted - discrepant Ref Genome,,,,
20264,21,10736093,10736681,ICR_1311,21,10736093,10736094,1,3,0,0,1,,,,CG - Submitted - discrepant Ref Genome,,,,
20267,21,10736093,10736681,ICR_1311,21,10736256,10736257,1,1,1,0,0,,,,CG - Submitted - discrepant Ref Genome,,,,
20269,21,10736093,10736681,ICR_1311,21,10736267,10736268,1,1,1,0,0,,,,CG - Submitted - discrepant Ref Genome,,,,
20271,21,10736093,10736681,ICR_1311,21,10736312,10736313,1,1,1,0,0,,,,CG - Submitted - discrepant Ref Genome,,,,
20273,21,10736093,10736681,ICR_1311,21,10736420,10736421,2,"1,2",1,1,0,,,,CG - Submitted - discrepant Ref Genome,,,,
20277,21,10740063,10740387,ICR_1312,21,10740085,10740086,3,"1,2,3",1,1,1,,,cg01148816,CGdb - Multimapper,,,,
20278,21,10740063,10740387,ICR_1312,21,10740089,10740090,3,"1,2,3",1,1,1,,,cg01148815,CGdb - Multimapper,,,,
20279,21,10740063,10740387,ICR_1312,21,10740135,10740136,3,"1,2,3",1,1,1,,,cg00565644,CGdb - Multimapper,,,,
20284,21,10802832,10804215,ICR_1313,21,10803298,10803299,3,"1,2,3",1,1,1,,,cg25117604,CGdb - Multimapper,,,,
20291,21,10802832,10804215,ICR_1313,21,10804214,10804215,1,3,0,0,1,,,,CG - Submitted - discrepant Ref Genome,,,,
20502,22,10571860,10571914,ICR_1330,22,10571860,10571861,1,3,0,0,1,,,,CG - Submitted - discrepant Ref Genome,,,,
20516,22,10572628,10572683,ICR_1331,22,10572670,10572671,1,1,1,0,0,,,,CG - Submitted - discrepant Ref Genome,,,,
20518,22,10572628,10572683,ICR_1331,22,10572673,10572674,1,1,1,0,0,,,,CG - Submitted - discrepant Ref Genome,,,,
20520,22,10572628,10572683,ICR_1331,22,10572676,10572677,1,1,1,0,0,,,,CG - Submitted - discrepant Ref Genome,,,,
20534,22,11039672,11040300,ICR_1334,22,11040048,11040049,3,"1,2,3",1,1,1,,,cg25638615,CGdb - Multimapper,,,,
20538,22,11252497,11252647,ICR_1335,22,11252500,11252501,3,"1,2,3",1,1,1,,,cg19236934,CGdb - Multimapper,,,,
20539,22,11252497,11252647,ICR_1335,22,11252512,11252513,3,"1,2,3",1,1,1,,,cg19236933,CGdb - Multimapper,,,,
20540,22,11252497,11252647,ICR_1335,22,11252520,11252521,3,"1,2,3",1,1,1,,,cg19236932,CGdb - Multimapper,,,,
20547,22,11252497,11252647,ICR_1335,22,11252646,11252647,3,"1,2,3",1,1,1,,,cg19236925,CGdb - Multimapper,,,,
20554,22,11295024,11295784,ICR_1336,22,11295783,11295784,3,"1,2,3",1,1,1,,,cg25996640,CGdb - Multimapper,,,,
20564,22,11449354,11449684,ICR_1338,22,11449625,11449626,3,"1,2,3",1,1,1,,,cg25997490,CGdb - Multimapper,,,,
20574,22,11827467,11828142,ICR_1340,22,11827878,11827879,3,"1,2,3",1,1,1,,,cg06549321,CGdb - Multimapper,,,,
20575,22,11827467,11828142,ICR_1340,22,11827921,11827922,3,"1,2,3",1,1,1,,,cg06549320,CGdb - Multimapper,,,,
20577,22,11915066,11917239,ICR_1341,22,11915217,11915218,3,"1,2,3",1,1,1,,,cg26000743,CGdb - Multimapper,,,,
20579,22,11915066,11917239,ICR_1341,22,11915616,11915617,3,"1,2,3",1,1,1,,,cg26000745,CGdb - Multimapper,,,,
20585,22,11915066,11917239,ICR_1341,22,11917034,11917035,3,"1,2,3",1,1,1,,,cg26000751,CGdb - Multimapper,,,,
20586,22,11915066,11917239,ICR_1341,22,11917117,11917118,3,"1,2,3",1,1,1,,,cg26000752,CGdb - Multimapper,,,,
20595,22,12036770,12038659,ICR_1342,22,12037471,12037472,3,"1,2,3",1,1,1,,,cg26001389,CGdb - Multimapper,,,,
20600,22,12078178,12078767,ICR_1343,22,12078179,12078180,3,"1,2,3",1,1,1,,,cg26001581,CGdb - Multimapper,,,,
20601,22,12078178,12078767,ICR_1343,22,12078440,12078441,3,"1,2,3",1,1,1,,,cg26001582,CGdb - Multimapper,,,,
20602,22,12078178,12078767,ICR_1343,22,12078545,12078546,3,"1,2,3",1,1,1,,,cg26001583,CGdb - Multimapper,,,,
20603,22,12078178,12078767,ICR_1343,22,12078650,12078651,3,"1,2,3",1,1,1,,,cg26001584,CGdb - Multimapper,,,,
20604,22,12078178,12078767,ICR_1343,22,12078704,12078705,3,"1,2,3",1,1,1,,,cg26001585,CGdb - Multimapper,,,,
20608,22,12097908,12098015,ICR_1344,22,12097920,12097921,3,"1,2,3",1,1,1,,,cg26001733,CGdb - Multimapper,,,,
20609,22,12097908,12098015,ICR_1344,22,12097928,12097929,3,"1,2,3",1,1,1,,,cg26001734,CGdb - Multimapper,,,,
20610,22,12097908,12098015,ICR_1344,22,12097941,12097942,3,"1,2,3",1,1,1,,,cg26001735,CGdb - Multimapper,,,,
20611,22,12097908,12098015,ICR_1344,22,12097952,12097953,3,"1,2,3",1,1,1,,,cg26001736,CGdb - Multimapper,,,,
20612,22,12097908,12098015,ICR_1344,22,12097958,12097959,3,"1,2,3",1,1,1,,,cg26835374,CGdb - Multimapper,,,,
20613,22,12097908,12098015,ICR_1344,22,12097986,12097987,3,"1,2,3",1,1,1,,,cg26001737,CGdb - Multimapper,,,,
20614,22,12097908,12098015,ICR_1344,22,12097991,12097992,3,"1,2,3",1,1,1,,,cg26001738,CGdb - Multimapper,,,,
20615,22,12097908,12098015,ICR_1344,22,12097996,12097997,3,"1,2,3",1,1,1,,,cg26001739,CGdb - Multimapper,,,,
20616,22,12097908,12098015,ICR_1344,22,12098002,12098003,3,"1,2,3",1,1,1,,,cg26001740,CGdb - Multimapper,,,,
20617,22,12097908,12098015,ICR_1344,22,12098014,12098015,3,"1,2,3",1,1,1,,,cg26001741,CGdb - Multimapper,,,,
20618,22,12172503,12172718,ICR_1345,22,12172548,12172549,3,"1,2,3",1,1,1,,,cg25999931,CGdb - Multimapper,,,,
20619,22,12172503,12172718,ICR_1345,22,12172556,12172557,3,"1,2,3",1,1,1,,,cg25999930,CGdb - Multimapper,,,,
20620,22,12172503,12172718,ICR_1345,22,12172570,12172571,3,"1,2,3",1,1,1,,,cg25999929,CGdb - Multimapper,,,,
20621,22,12172503,12172718,ICR_1345,22,12172600,12172601,3,"1,2,3",1,1,1,,,cg25999928,CGdb - Multimapper,,,,
20625,22,12176173,12176388,ICR_1346,22,12176186,12176187,3,"1,2,3",1,1,1,,,cg26002409,CGdb - Multimapper,,,,
20626,22,12176173,12176388,ICR_1346,22,12176188,12176189,3,"1,2,3",1,1,1,,,cg26002410,CGdb - Multimapper,,,,
20631,22,12176173,12176388,ICR_1346,22,12176341,12176342,3,"1,2,3",1,1,1,,,cg26002415,CGdb - Multimapper,,,,
20632,22,12176173,12176388,ICR_1346,22,12176387,12176388,3,"1,2,3",1,1,1,,,cg06550331,CGdb - Multimapper,,,,
20656,22,12873488,12874567,ICR_1350,22,12873576,12873577,3,"1,2,3",1,1,1,,,cg25630780,CGdb - Multimapper,,,,
20657,22,12873488,12874567,ICR_1350,22,12873715,12873716,3,"1,2,3",1,1,1,,,cg25630781,CGdb - Multimapper,,,,
20658,22,12873488,12874567,ICR_1350,22,12873791,12873792,3,"1,2,3",1,1,1,,,cg26005336,CGdb - Multimapper,,,,
20659,22,12873488,12874567,ICR_1350,22,12873799,12873800,3,"1,2,3",1,1,1,,,cg26005337,CGdb - Multimapper,,,,
20660,22,12873488,12874567,ICR_1350,22,12873863,12873864,3,"1,2,3",1,1,1,,,cg26005338,CGdb - Multimapper,,,,
20661,22,12873488,12874567,ICR_1350,22,12873867,12873868,3,"1,2,3",1,1,1,,,cg26005339,CGdb - Multimapper,,,,
20662,22,12873488,12874567,ICR_1350,22,12873913,12873914,3,"1,2,3",1,1,1,,,cg26005340,CGdb - Multimapper,,,,
20663,22,12873488,12874567,ICR_1350,22,12874092,12874093,3,"1,2,3",1,1,1,,,cg26005341,CGdb - Multimapper,,,,
20664,22,12873488,12874567,ICR_1350,22,12874185,12874186,3,"1,2,3",1,1,1,,,cg26005342,CGdb - Multimapper,,,,
20665,22,12873488,12874567,ICR_1350,22,12874219,12874220,3,"1,2,3",1,1,1,,,cg26005343,CGdb - Multimapper,,,,
20666,22,12873488,12874567,ICR_1350,22,12874271,12874272,3,"1,2,3",1,1,1,,,cg25630787,CGdb - Multimapper,,,,
20667,22,12873488,12874567,ICR_1350,22,12874550,12874551,3,"1,2,3",1,1,1,,,cg25630788,CGdb - Multimapper,,,,
20668,22,12873488,12874567,ICR_1350,22,12874566,12874567,3,"1,2,3",1,1,1,,,cg25630789,CGdb - Multimapper,,,,
20669,22,15553939,15554047,ICR_1351,22,15553961,15553962,3,"1,2,3",1,1,1,,,cg19247804,CGdb - Multimapper,,,,
20696,22,18569467,18569592,ICR_1354,22,18569490,18569491,3,"1,2,3",1,1,1,,,cg26043752,CGdb - Multimapper,,,,
20776,22,24211145,24211554,ICR_1361,22,24211326,24211327,3,"1,2,3",1,1,1,,,cg02274381,CGdb - Multimapper,,,,
20780,22,24211145,24211554,ICR_1361,22,24211553,24211554,3,"1,2,3",1,1,1,,,cg06637288,CGdb - Multimapper,,,,
21210,X,2325208,2325958,ICR_1394,X,2325890,2325891,1,2,0,1,0,,,,CG - Submitted - discrepant Ref Genome,,,,
21309,X,17786942,17787094,ICR_1401,X,17786945,17786946,3,"1,2,3",1,1,1,,,cg04407680,CGdb - Multimapper,,,,
21310,X,17786942,17787094,ICR_1401,X,17786962,17786963,3,"1,2,3",1,1,1,,,cg00970776,CGdb - Multimapper,,,,
21311,X,17786942,17787094,ICR_1401,X,17786968,17786969,3,"1,2,3",1,1,1,,,cg00970777,CGdb - Multimapper,,,,
21326,X,18104618,18104736,ICR_1402,X,18104731,18104732,3,"1,2,3",1,1,1,,,cg04407680,CGdb - Multimapper,,,,
21327,X,18104618,18104736,ICR_1402,X,18104735,18104736,3,"1,2,3",1,1,1,,,cg04172402,CGdb - Multimapper,,,,
21572,X,52222518,52222852,ICR_1423,X,52222534,52222535,3,"1,2,3",1,1,1,,,cg00732471,CGdb - Multimapper,,,,
21573,X,52222518,52222852,ICR_1423,X,52222538,52222539,3,"1,2,3",1,1,1,,,cg00732472,CGdb - Multimapper,,,,
21574,X,52222518,52222852,ICR_1423,X,52222575,52222576,3,"1,2,3",1,1,1,,,cg00732473,CGdb - Multimapper,,,,
21575,X,52222518,52222852,ICR_1423,X,52222584,52222585,3,"1,2,3",1,1,1,,,cg00732474,CGdb - Multimapper,,,,
21763,X,102140975,102141536,ICR_1442,X,102140978,102140979,2,"1,3",1,0,1,,,,CG - Submitted - discrepant Ref Genome,,,,
21765,X,102140975,102141536,ICR_1442,X,102141009,102141010,2,"1,3",1,0,1,,,,CG - Submitted - discrepant Ref Genome,,,,
21766,X,102140975,102141536,ICR_1442,X,102141029,102141030,3,"1,2,3",1,1,1,,,,CG - Submitted - discrepant Ref Genome,,,,
21767,X,102140975,102141536,ICR_1442,X,102141033,102141034,3,"1,2,3",1,1,1,,,,CG - Submitted - discrepant Ref Genome,,,,
21768,X,102140975,102141536,ICR_1442,X,102141040,102141041,3,"1,2,3",1,1,1,,,,CG - Submitted - discrepant Ref Genome,,,,
21769,X,102140975,102141536,ICR_1442,X,102141043,102141044,3,"1,2,3",1,1,1,,,,CG - Submitted - discrepant Ref Genome,,,,
21776,X,102140975,102141536,ICR_1442,X,102141199,102141200,1,2,0,1,0,,,,CG - Submitted - discrepant Ref Genome,,,,
21778,X,102140975,102141536,ICR_1442,X,102141218,102141219,1,2,0,1,0,,,,CG - Submitted - discrepant Ref Genome,,,,
21780,X,102140975,102141536,ICR_1442,X,102141220,102141221,1,2,0,1,0,,,,CG - Submitted - discrepant Ref Genome,,,,
21782,X,102140975,102141536,ICR_1442,X,102141238,102141239,1,2,0,1,0,,,,CG - Submitted - discrepant Ref Genome,,,,
21788,X,102472007,102472147,ICR_1443,X,102472047,102472048,3,"1,2,3",1,1,1,,,cg27374207,CGdb - Multimapper,,,,
21789,X,102472007,102472147,ICR_1443,X,102472057,102472058,3,"1,2,3",1,1,1,,,cg27374206,CGdb - Multimapper,,,,
21848,X,107155820,107156087,ICR_1448,X,107155868,107155869,3,"1,2,3",1,1,1,,,cg22201681,CGdb - Multimapper,,,,
21857,X,107155820,107156087,ICR_1448,X,107156017,107156018,3,"1,2,3",1,1,1,,,cg00565664,CGdb - Multimapper,,,,
21858,X,107155820,107156087,ICR_1448,X,107156021,107156022,3,"1,2,3",1,1,1,,,cg00835659,CGdb - Multimapper,,,,
21945,X,116815756,116816445,ICR_1453,X,116816293,116816294,3,"1,2,3",1,1,1,,,cg00974589,CGdb - Multimapper,,,,
21956,X,116817144,116817762,ICR_1454,X,116817620,116817621,3,"1,2,3",1,1,1,,,cg01697282,CGdb - Multimapper,,,,
21957,X,116817144,116817762,ICR_1454,X,116817627,116817628,3,"1,2,3",1,1,1,,,cg01697281,CGdb - Multimapper,,,,
21958,X,116817144,116817762,ICR_1454,X,116817663,116817664,3,"1,2,3",1,1,1,,,cg01697280,CGdb - Multimapper,,,,
22032,X,129337411,129338017,ICR_1460,X,129338016,129338017,3,"1,2,3",1,1,1,,,cg06272804,CGdb - Multimapper,,,,
22082,X,130958952,130959301,ICR_1465,X,130959002,130959003,3,"1,2,3",1,1,1,,,cg01149250,CGdb - Multimapper,,,,
22085,X,130958952,130959301,ICR_1465,X,130959069,130959070,1,3,0,0,1,,,,CG - Submitted - discrepant Ref Genome,,,,
22121,X,131746197,131747385,ICR_1467,X,131746197,131746198,1,3,0,0,1,,,,CG - Submitted - discrepant Ref Genome,,,,
22408,X,155641255,155641777,ICR_1488,X,155641776,155641777,3,"1,2,3",1,1,1,,,cg27785528,CGdb - Multimapper,,,,
